lat,lon,i,j,UTM_E,UTM_N,depth
46.3372384706524,-72.5319907925961,1,263,689936.657940476,5134478.32235346,-12.978
46.3371823697299,-72.5293944763757,1,264,690136.657940476,5134478.32235348,-18.298
46.3371262099093,-72.5267981678959,1,265,690336.657940478,5134478.32235349,-18.298
46.3354962187702,-72.5346679821337,2,262,689736.65794049,5134278.32235345,-12.958
46.3354401802441,-72.5320717431296,2,263,689936.65794049,5134278.32235346,-16.068
46.3353840828232,-72.5294755118571,2,264,690136.657940492,5134278.32235348,-16.448
46.335327926508,-72.5268792883242,2,265,690336.657940494,5134278.32235349,-15.028
46.3352717112988,-72.5242830725391,2,266,690536.657940493,5134278.32235351,-13.148
46.3337539003234,-72.5373450017807,3,261,689536.657940506,5134078.32235344,-11.958
46.3336979241867,-72.5347488399948,3,262,689736.657940507,5134078.32235345,-14.498
46.3336418891584,-72.5321526859315,3,263,689936.657940504,5134078.32235347,-14.138
46.3335857952389,-72.5295565395988,3,264,690136.657940506,5134078.32235348,-13.708
46.3335296424287,-72.5269604010048,3,265,690336.657940509,5134078.32235349,-13.338
46.3334734307284,-72.5243642701577,3,266,690536.657940508,5134078.32235351,-13.238
46.3334171601382,-72.5217681470654,3,267,690736.657940508,5134078.32235352,-12.918
46.3319556015688,-72.5374257669858,4,261,689536.657940518,5133878.32235343,-12.958
46.3318996289259,-72.5348296901335,4,262,689736.657940519,5133878.32235345,-16.588
46.3318435973951,-72.5322336210028,4,263,689936.657940521,5133878.32235346,-17.628
46.3317875069769,-72.5296375596018,4,264,690136.657940524,5133878.32235348,-15.068
46.3317313576716,-72.5270415059386,4,265,690336.657940523,5133878.32235349,-13.258
46.3316751494798,-72.5244454600213,4,266,690536.657940522,5133878.32235351,-13.668
46.3316188824018,-72.521849421858,4,267,690736.657940522,5133878.32235352,-13.718
46.3315625564383,-72.5192533914568,4,268,690936.657940522,5133878.32235354,-9.588
46.3302132124017,-72.5401025241169,5,260,689336.657940531,5133678.32235342,-12.958
46.3301573021371,-72.5375065244774,5,261,689536.657940533,5133678.32235343,-16.738
46.3301013329879,-72.5349105325505,5,262,689736.657940535,5133678.32235345,-18.878
46.3300453049545,-72.5323145483443,5,263,689936.657940534,5133678.32235346,-19.418
46.3299892180372,-72.5297185718669,5,264,690136.657940537,5133678.32235348,-15.428
46.3299330722366,-72.5271226031264,5,265,690336.657940537,5133678.32235349,-14.598
46.329876867553,-72.5245266421309,5,266,690536.657940536,5133678.32235351,-13.778
46.3298206039871,-72.5219306888885,5,267,690736.657940536,5133678.32235352,-12.598
46.3297642815392,-72.5193347434072,5,268,690936.657940539,5133678.32235354,-10.498
46.3297079002097,-72.5167388056952,5,269,691136.657940538,5133678.32235355,-6.478
46.3284707566966,-72.5427791114025,6,259,689136.657940547,5133478.32235341,-12.048
46.3284149088033,-72.5401831889776,6,260,689336.657940549,5133478.32235342,-12.958
46.3283590020285,-72.5375872742563,6,261,689536.657940548,5133478.32235344,-20.008
46.3283030363727,-72.5349913672468,6,262,689736.657940547,5133478.32235345,-19.848
46.3282470118364,-72.5323954679571,6,263,689936.65794055,5133478.32235346,-18.418
46.3281909284198,-72.5297995763952,6,264,690136.65794055,5133478.32235348,-15.668
46.3281347861236,-72.5272036925693,6,265,690336.65794055,5133478.32235349,-13.578
46.3280785849482,-72.5246078164875,6,266,690536.657940554,5133478.32235351,-13.038
46.3280223248941,-72.5220119481578,6,267,690736.657940554,5133478.32235352,-9.488
46.3279660059616,-72.5194160875884,6,268,690936.657940553,5133478.32235354,-4.049
46.3279096281512,-72.5168202347873,6,269,691136.657940555,5133478.32235355,-2.984
46.3266724489356,-72.5428596836484,7,259,689136.657940563,5133278.3223534,-11.328
46.3266166045282,-72.5402638461346,7,260,689336.657940562,5133278.32235342,-17.508
46.326560701243,-72.5376680163236,7,261,689536.657940561,5133278.32235343,-20.658
46.3265047390803,-72.5350721942233,7,262,689736.657940562,5133278.32235345,-19.518
46.3264487180408,-72.5324763798419,7,263,689936.657940562,5133278.32235346,-17.938
46.3263926381248,-72.5298805731875,7,264,690136.657940564,5133278.32235348,-13.428
46.3263364993328,-72.5272847742681,7,265,690336.657940564,5133278.32235349,-12.198
46.3262803016653,-72.5246889830919,7,266,690536.657940565,5133278.3223535,-3.413
46.3262240451227,-72.5220931996669,7,267,690736.657940565,5133278.32235352,-3.282
46.3261677297054,-72.5194974240013,7,268,690936.657940568,5133278.32235354,-3.184
46.3261113554139,-72.516901656103,7,269,691136.65794057,5133278.32235355,-0.97
46.3248741404982,-72.5429402481997,8,259,689136.657940578,5133078.3223534,-12.958
46.3248182995764,-72.540344495589,8,260,689336.657940578,5133078.32235342,-20.668
46.3247623997804,-72.53774875068,8,261,689536.657940579,5133078.32235343,-21.698
46.3247064411108,-72.5351530134809,8,262,689736.65794058,5133078.32235345,-18.018
46.3246504235679,-72.5325572839998,8,263,689936.657940578,5133078.32235346,-14.308
46.3245943471522,-72.5299615622447,8,264,690136.657940581,5133078.32235348,-9.958
46.3245382118642,-72.5273658482238,8,265,690336.657940582,5133078.32235349,-3.921
46.3244820177043,-72.5247701419451,8,266,690536.65794058,5133078.32235351,-2.599
46.3244257646729,-72.5221744434167,8,267,690736.657940581,5133078.32235352,-3.841
46.3243694527706,-72.5195787526467,8,268,690936.657940584,5133078.32235353,-1.319
46.3243130819978,-72.5169830696432,8,269,691136.657940581,5133078.32235355,-0.541
46.3231316099497,-72.545616480466,9,258,688936.657940588,5132878.32235339,-1.148
46.3230758313842,-72.5430208050573,9,259,689136.657940591,5132878.3223534,-17.878
46.3230199939478,-72.5404251373415,9,260,689336.657940589,5132878.32235342,-20.808
46.322964097641,-72.5378294773266,9,261,689536.657940591,5132878.32235343,-21.018
46.3229081424641,-72.5352338250206,9,262,689736.657940594,5132878.32235345,-15.908
46.3228521284176,-72.5326381804316,9,263,689936.657940594,5132878.32235346,-10.968
46.322796055502,-72.5300425435678,9,264,690136.657940594,5132878.32235347,-8.268
46.3227399237177,-72.5274469144372,9,265,690336.657940593,5132878.32235349,-2.115
46.3226837330652,-72.524851293048,9,266,690536.657940596,5132878.3223535,-3.501
46.3226274835449,-72.5222556794081,9,267,690736.657940598,5132878.32235352,-1.889
46.3225711751573,-72.5196600735257,9,268,690936.657940597,5132878.32235353,-0.88
46.3213332966778,-72.545696944743,10,258,688936.657940606,5132678.32235339,-13.698
46.3212775215938,-72.5431013542222,10,259,689136.657940603,5132678.3223534,-18.598
46.3212216876426,-72.5405057713932,10,260,689336.657940606,5132678.32235342,-19.758
46.3211657948246,-72.5379101962641,10,261,689536.657940606,5132678.32235343,-19.028
46.3211098431402,-72.5353146288432,10,262,689736.657940608,5132678.32235345,-13.418
46.3210538325899,-72.5327190691383,10,263,689936.657940606,5132678.32235346,-10.968
46.3209977631741,-72.5301235171577,10,264,690136.657940608,5132678.32235348,-4.379
46.3209416348934,-72.5275279729094,10,265,690336.657940609,5132678.32235349,-4.107
46.320885447748,-72.5249324364014,10,266,690536.657940609,5132678.3223535,-2.205
46.3208292017386,-72.522336907642,10,267,690736.657940608,5132678.32235352,-1.152
46.3207728968656,-72.5197413866391,10,268,690936.657940613,5132678.32235353,-0.649
46.3195906954682,-72.5483729146604,11,257,688736.657940618,5132478.32235337,-2.841
46.3195349827296,-72.5457774013363,11,258,688936.657940618,5132478.32235339,-17.868
46.319479211127,-72.5431818956951,11,259,689136.657940621,5132478.3223534,-20.448
46.3194233806607,-72.5405863977449,11,260,689336.657940618,5132478.32235342,-20.608
46.3193674913313,-72.5379909074937,11,261,689536.657940621,5132478.32235343,-17.098
46.3193115431392,-72.5353954249496,11,262,689736.657940621,5132478.32235345,-12.388
46.3192555360848,-72.5327999501208,11,263,689936.657940621,5132478.32235346,-4.565
46.3191994701687,-72.5302044830153,11,264,690136.657940622,5132478.32235348,-3.58
46.3191433453912,-72.5276090236411,11,265,690336.657940621,5132478.32235349,-2.163
46.3190871617528,-72.5250135720064,11,266,690536.657940624,5132478.3223535,-1.043
46.319030919254,-72.5224181281193,11,267,690736.657940625,5132478.32235352,-0.85
46.3189746178953,-72.5198226919878,11,268,690936.657940624,5132478.32235353,-0.385
46.3178480277668,-72.5510487148238,12,256,688536.65794063,5132278.32235336,-1.821
46.3177923773664,-72.5484532786983,12,257,688736.657940633,5132278.32235337,-13.188
46.3177366681052,-72.5458578502467,12,258,688936.657940631,5132278.32235339,-19.858
46.3176808999836,-72.5432624294771,12,259,689136.657940633,5132278.3223534,-20.558
46.3176250730021,-72.5406670163975,12,260,689336.657940637,5132278.32235342,-18.528
46.3175691871611,-72.5380716110161,12,261,689536.657940634,5132278.32235343,-13.098
46.317513242461,-72.5354762133409,12,262,689736.657940637,5132278.32235344,-4.687
46.3174572389024,-72.53288082338,12,263,689936.657940637,5132278.32235346,-2.949
46.3174011764856,-72.5302854411414,12,264,690136.657940636,5132278.32235347,-2.648
46.3173450552112,-72.5276900666334,12,265,690336.657940639,5132278.32235349,-1.192
46.3172888750796,-72.5250946998639,12,266,690536.657940637,5132278.3223535,-0.785
46.3172326360912,-72.522499340841,12,267,690736.65794064,5132278.32235352,-0.537
46.3161052935848,-72.5537243452475,13,255,688336.657940647,5132078.32235334,-0.348
46.3160497055156,-72.5511289863225,13,256,688536.657940647,5132078.32235336,-10.278
46.3159940585887,-72.5485336350623,13,257,688736.657940648,5132078.32235337,-17.968
46.3159383528046,-72.5459382914752,13,258,688936.657940645,5132078.32235339,-20.378
46.3158825881639,-72.543342955569,13,259,689136.65794065,5132078.3223534,-20.648
46.3158267646668,-72.540747627352,13,260,689336.657940649,5132078.32235342,-15.428
46.315770882314,-72.5381523068323,13,261,689536.65794065,5132078.32235343,-8.408
46.3157149411058,-72.5355569940178,13,262,689736.657940653,5132078.32235345,-2.764
46.3156589410426,-72.5329616889168,13,263,689936.657940653,5132078.32235346,-3.236
46.315602882125,-72.5303663915372,13,264,690136.657940652,5132078.32235348,-1.448
46.3155467643534,-72.5277711018871,13,265,690336.65794065,5132078.32235349,-0.717
46.3154905877283,-72.5251758199747,13,266,690536.657940655,5132078.3223535,-0.69
46.3154343522501,-72.522580545808,13,267,690736.657940654,5132078.32235352,-0.378
46.3143624929335,-72.556399805946,14,254,688136.65794066,5131878.32235333,-0.058
46.3143069671882,-72.5538045242232,14,255,688336.657940661,5131878.32235334,-2.004
46.3142513825886,-72.5512092501563,14,256,688536.657940659,5131878.32235336,-15.098
46.314195739135,-72.5486139837534,14,257,688736.657940659,5131878.32235337,-19.808
46.3141400368278,-72.5460187250225,14,258,688936.65794066,5131878.32235339,-20.168
46.3140842756677,-72.5434234739718,14,259,689136.657940664,5131878.3223534,-17.408
46.3140284556549,-72.5408282306093,14,260,689336.657940664,5131878.32235342,-12.508
46.31397257679,-72.5382329949432,14,261,689536.657940665,5131878.32235343,-2.933
46.3139166390734,-72.5356377669814,14,262,689736.657940664,5131878.32235344,-2.74
46.3138606425055,-72.5330425467321,14,263,689936.657940668,5131878.32235346,-2.302
46.3138045870869,-72.5304473342033,14,264,690136.657940668,5131878.32235347,-0.912
46.3137484728179,-72.5278521294032,14,265,690336.657940667,5131878.32235349,-0.482
46.313692299699,-72.5252569323398,14,266,690536.657940668,5131878.3223535,-0.308
46.3125641623956,-72.5564798924148,15,254,688136.657940673,5131678.32235333,-0.992
46.3125086401161,-72.553884695543,15,255,688336.657940677,5131678.32235334,-12.758
46.3124530589858,-72.5512895063261,15,256,688536.657940675,5131678.32235336,-18.588
46.3123974190053,-72.5486943247724,15,257,688736.657940674,5131678.32235337,-20.178
46.3123417201749,-72.5460991508897,15,258,688936.657940675,5131678.32235339,-19.078
46.3122859624951,-72.5435039846864,15,259,689136.657940676,5131678.3223534,-14.198
46.3122301459663,-72.5409088261703,15,260,689336.65794068,5131678.32235341,-10.278
46.3121742705891,-72.5383136753497,15,261,689536.657940678,5131678.32235343,-2.673
46.3121183363639,-72.5357185322325,15,262,689736.657940679,5131678.32235344,-2.465
46.3120623432911,-72.5331233968268,15,263,689936.65794068,5131678.32235346,-1.247
46.3120062913712,-72.5305282691408,15,264,690136.657940681,5131678.32235348,-0.667
46.3119501806045,-72.5279331491826,15,265,690336.657940681,5131678.32235349,-0.266
46.3108212911491,-72.5591550909116,16,253,687936.657940685,5131478.32235332,-0.505
46.3107658311826,-72.5565599712367,16,254,688136.657940687,5131478.32235333,-10.208
46.3107103123685,-72.5539648592077,16,255,688336.65794069,5131478.32235334,-16.998
46.3106547347074,-72.5513697548329,16,256,688536.657940692,5131478.32235336,-19.928
46.3105990981996,-72.5487746581202,16,257,688736.657940692,5131478.32235337,-19.648
46.3105434028457,-72.5461795690777,16,258,688936.65794069,5131478.32235339,-16.008
46.3104876486461,-72.5435844877136,16,259,689136.657940692,5131478.3223534,-13.138
46.3104318356012,-72.5409894140359,16,260,689336.657940693,5131478.32235342,-3.564
46.3103759637115,-72.5383943480527,16,261,689536.657940694,5131478.32235343,-2.421
46.3103200329774,-72.535799289772,16,262,689736.657940693,5131478.32235345,-1.321
46.3102640433994,-72.533204239202,16,263,689936.657940696,5131478.32235346,-0.144
46.3102079949779,-72.5306091963507,16,264,690136.657940695,5131478.32235348,-0.431
46.3090783534597,-72.561830119728,17,252,687736.657940703,5131278.3223533,-0.332
46.3090229557991,-72.5592350772518,17,253,687936.657940704,5131278.32235331,-8.178
46.3089674992942,-72.5566400424126,17,254,688136.657940702,5131278.32235333,-15.128
46.3089119839454,-72.5540450152184,17,255,688336.657940704,5131278.32235334,-18.478
46.3088564097532,-72.5514499956775,17,256,688536.657940703,5131278.32235335,-19.548
46.308800776718,-72.5488549837978,17,257,688736.657940704,5131278.32235337,-17.748
46.3087450848404,-72.5462599795874,17,258,688936.657940704,5131278.32235339,-13.458
46.3086893341207,-72.5436649830545,17,259,689136.657940704,5131278.3223534,-12.538
46.3086335245594,-72.541069994207,17,260,689336.657940708,5131278.32235341,-5.824
46.3085776561569,-72.5384750130531,17,261,689536.657940708,5131278.32235343,-1.518
46.3085217289137,-72.5358800396009,17,262,689736.657940709,5131278.32235344,-0.237
46.3084657428303,-72.5332850738584,17,263,689936.657940711,5131278.32235346,-0.172
46.307280013977,-72.5619100136026,18,252,687736.657940717,5131078.3223533,-1.156
46.3072246197741,-72.5593150559549,18,253,687936.657940717,5131078.32235331,-13.808
46.3071691667305,-72.5567201059434,18,254,688136.657940719,5131078.32235332,-18.338
46.3071136548468,-72.554125163576,18,255,688336.657940719,5131078.32235334,-19.898
46.3070580841233,-72.5515302288608,18,256,688536.657940719,5131078.32235336,-18.508
46.3070024545605,-72.548935301806,18,257,688736.657940719,5131078.32235337,-14.548
46.3069467661589,-72.5463403824197,18,258,688936.657940721,5131078.32235339,-13.008
46.3068910189189,-72.5437454707098,18,259,689136.65794072,5131078.3223534,-10.578
46.3068352128409,-72.5411505666845,18,260,689336.65794072,5131078.32235341,-3.834
46.3067793479255,-72.5385556703519,18,261,689536.657940723,5131078.32235343,-0.536
46.3067234241731,-72.53596078172,18,262,689736.657940721,5131078.32235344,-0.166
46.306667441584,-72.533365900797,18,263,689936.657940723,5131078.32235346,-0.335
46.3055370057276,-72.5645847803036,19,251,687536.657940727,5130878.32235328,-0.75
46.3054816738195,-72.5619898998492,19,252,687736.657940731,5130878.3223533,-13.008
46.3054262830741,-72.559395027022,19,253,687936.657940732,5130878.32235331,-17.268
46.3053708334917,-72.55680016183,19,254,688136.657940731,5130878.32235333,-19.188
46.3053153250727,-72.5542053042812,19,255,688336.657940733,5130878.32235334,-19.008
46.3052597578177,-72.5516104543838,19,256,688536.657940732,5130878.32235336,-15.758
46.3052041317271,-72.5490156121459,19,257,688736.657940735,5130878.32235337,-13.428
46.3051484468013,-72.5464207775754,19,258,688936.657940737,5130878.32235339,-11.878
46.3050927030407,-72.5438259506806,19,259,689136.657940736,5130878.3223534,-8.448
46.3050369004459,-72.5412311314694,19,260,689336.657940737,5130878.32235342,-0.901
46.3049810390173,-72.53863631995,19,261,689536.657940737,5130878.32235343,-0.394
46.303793931062,-72.567259377369,20,250,687336.657940742,5130678.32235327,-0.53
46.3037386614417,-72.5646645741097,20,251,687536.657940744,5130678.32235328,-12.248
46.3036833329873,-72.5620697784687,20,252,687736.657940745,5130678.3223533,-18.498
46.3036279456991,-72.5594749904538,20,253,687936.657940747,5130678.32235331,-20.608
46.3035724995776,-72.5568802100733,20,254,688136.657940745,5130678.32235332,-19.168
46.3035169946232,-72.5542854373351,20,255,688336.657940746,5130678.32235334,-16.918
46.3034614308365,-72.5516906722474,20,256,688536.657940748,5130678.32235335,-14.088
46.3034058082177,-72.5490959148182,20,257,688736.657940748,5130678.32235337,-12.958
46.3033501267675,-72.5465011650556,20,258,688936.657940751,5130678.32235338,-9.478
46.3032943864863,-72.5439064229677,20,259,689136.657940752,5130678.3223534,-1.48
46.3032385873744,-72.5413116885625,20,260,689336.65794075,5130678.32235341,-0.434
46.3031827294323,-72.5387169618482,20,261,689536.657940752,5130678.32235343,-0.228
46.3020507899914,-72.5699338048131,21,249,687136.657940757,5130478.32235325,-0.401
46.3019955826519,-72.5673390787509,21,250,687336.65794076,5130478.32235327,-11.118
46.3019403164813,-72.5647443602978,21,251,687536.657940759,5130478.32235328,-18.528
46.3018849914802,-72.5621496494619,21,252,687736.657940758,5130478.3223533,-21.018
46.3018296076491,-72.5595549462514,21,253,687936.657940762,5130478.32235331,-21.018
46.3017741649883,-72.5569602506742,21,254,688136.65794076,5130478.32235333,-17.168
46.3017186634983,-72.5543655627385,21,255,688336.657940761,5130478.32235334,-13.968
46.3016631031796,-72.5517708824524,21,256,688536.657940761,5130478.32235335,-13.548
46.3016074840325,-72.5491762098239,21,257,688736.657940761,5130478.32235337,-9.798
46.3015518060577,-72.5465815448611,21,258,688936.657940762,5130478.32235339,-1.805
46.3014960692554,-72.543986887572,21,259,689136.657940766,5130478.3223534,-0.47
46.3014402736262,-72.5413922379648,21,260,689336.657940767,5130478.32235342,-0.284
46.3003075825272,-72.5726080626504,22,248,686936.657940769,5130278.32235324,-0.528
46.3002524374612,-72.5700134137869,22,249,687136.65794077,5130278.32235325,-10.888
46.3001972335674,-72.5674187725236,22,250,687336.657940774,5130278.32235327,-18.298
46.3001419708464,-72.5648241388685,22,251,687536.657940775,5130278.32235328,-21.118
46.3000866492984,-72.5622295128298,22,252,687736.657940772,5130278.3223533,-21.098
46.3000312689241,-72.5596348944155,22,253,687936.657940773,5130278.32235331,-17.918
46.2999758297238,-72.5570402836337,22,254,688136.657940775,5130278.32235332,-14.888
46.2999203316979,-72.5544456804924,22,255,688336.657940778,5130278.32235334,-14.198
46.299864774847,-72.5518510849998,22,256,688536.657940775,5130278.32235335,-9.678
46.2998091591714,-72.5492564971639,22,257,688736.657940779,5130278.32235337,-1.86
46.2997534846717,-72.5466619169928,22,258,688936.657940779,5130278.32235338,-0.461
46.2996977513482,-72.5440673444945,22,259,689136.657940779,5130278.3223534,-0.399
46.2985643086805,-72.5752821508952,23,247,686736.657940785,5130078.32235322,-0.475
46.298509225881,-72.5726875792323,23,248,686936.657940786,5130078.32235324,-10.288
46.2984540842569,-72.5700930151605,23,249,687136.657940784,5130078.32235325,-17.978
46.2983988838088,-72.5674984586881,23,250,687336.657940786,5130078.32235327,-21.458
46.2983436245369,-72.564903909823,23,251,687536.657940786,5130078.32235328,-21.318
46.2982883064419,-72.5623093685733,23,252,687736.657940788,5130078.3223533,-18.518
46.2982329295241,-72.5597148349472,23,253,687936.657940789,5130078.32235331,-15.648
46.2981774937841,-72.5571203089526,23,254,688136.657940789,5130078.32235333,-14.028
46.2981219992221,-72.5545257905977,23,255,688336.657940791,5130078.32235334,-10.588
46.2980664458388,-72.5519312798905,23,256,688536.657940792,5130078.32235336,-2.724
46.2980108336345,-72.5493367768391,23,257,688736.657940792,5130078.32235337,-0.355
46.2979551626096,-72.5467422814516,23,258,688936.657940793,5130078.32235338,-0.294
46.2978994327648,-72.5441477937361,23,259,689136.657940793,5130078.3223534,-0.408
46.2968209684626,-72.5779560695619,24,246,686536.657940799,5129878.32235321,-0.288
46.2967659479224,-72.5753615751013,24,247,686736.657940797,5129878.32235322,-11.118
46.2967108685609,-72.5727670882229,24,248,686936.657940798,5129878.32235324,-18.388
46.2966557303785,-72.5701726089349,24,249,687136.657940802,5129878.32235325,-21.688
46.2966005333757,-72.5675781372452,24,250,687336.657940799,5129878.32235327,-21.658
46.296545277553,-72.564983673162,24,251,687536.6579408,5129878.32235328,-18.628
46.2964899629106,-72.5623892166933,24,252,687736.657940803,5129878.3223533,-16.138
46.2964345894492,-72.5597947678472,24,253,687936.657940804,5129878.32235331,-13.958
46.2963791571692,-72.5572003266318,24,254,688136.657940803,5129878.32235333,-10.948
46.2963236660709,-72.5546058930552,24,255,688336.657940805,5129878.32235334,-8.198
46.2962681161549,-72.5520114671254,24,256,688536.657940807,5129878.32235335,-0.533
46.2962125074216,-72.5494170488505,24,257,688736.657940804,5129878.32235337,-0.295
46.2961568398715,-72.5468226382385,24,258,688936.657940807,5129878.32235338,-0.078
46.295132461354,-72.5832242434863,25,244,686136.657940812,5129678.32235318,-0.188
46.2950775618847,-72.5806298186647,25,245,686336.657940812,5129678.32235319,-0.571
46.2950226035967,-72.5780354014082,25,246,686536.657940813,5129678.32235321,-12.468
46.2949675864907,-72.5754409917251,25,247,686736.657940811,5129678.32235322,-20.008
46.294912510567,-72.5728465896232,25,248,686936.657940815,5129678.32235324,-22.558
46.2948573758261,-72.5702521951108,25,249,687136.657940815,5129678.32235325,-21.978
46.2948021822685,-72.5676578081958,25,250,687336.657940817,5129678.32235327,-17.978
46.2947469298945,-72.5650634288865,25,251,687536.657940816,5129678.32235328,-16.248
46.2946916187047,-72.5624690571907,25,252,687736.657940818,5129678.3223533,-13.318
46.2946362486994,-72.5598746931166,25,253,687936.657940818,5129678.32235331,-11.178
46.2945808198791,-72.5572803366723,25,254,688136.657940819,5129678.32235332,-8.798
46.2945253322443,-72.5546859878659,25,255,688336.657940818,5129678.32235334,-0.661
46.2944697857955,-72.5520916467054,25,256,688536.657940822,5129678.32235335,-0.264
46.2933889261854,-72.5858977458248,26,243,685936.657940826,5129478.32235316,-0.236
46.2933340889579,-72.583303398218,26,244,686136.657940827,5129478.32235318,-0.646
46.2932791929152,-72.5807090581676,26,245,686336.657940827,5129478.32235319,-14.628
46.2932242380575,-72.5781147256814,26,246,686536.657940828,5129478.3223532,-18.968
46.2931692243854,-72.5755204007675,26,247,686736.657940826,5129478.32235322,-21.308
46.2931141518993,-72.5729260834341,26,248,686936.657940829,5129478.32235324,-21.518
46.2930590205997,-72.5703317736892,26,249,687136.65794083,5129478.32235325,-17.638
46.2930038304869,-72.5677374715409,26,250,687336.65794083,5129478.32235326,-16.248
46.2929485815616,-72.5651431769973,26,251,687536.657940833,5129478.32235328,-13.998
46.2928932738239,-72.5625488900664,26,252,687736.657940831,5129478.32235329,-11.228
46.2928379072746,-72.5599546107563,26,253,687936.657940833,5129478.32235331,-9.058
46.2927824819139,-72.557360339075,26,254,688136.657940831,5129478.32235332,-0.684
46.2927269977424,-72.5547660750307,26,255,688336.657940833,5129478.32235334,-0.434
46.2926714547604,-72.5521718186314,26,256,688536.657940834,5129478.32235335,-0.028
46.2917546982335,-72.5937596420158,27,240,685336.657940835,5129278.32235312,-0.408
46.2917000408664,-72.5911653565555,27,241,685536.657940837,5129278.32235313,-0.451
46.2916453246863,-72.5885710786263,27,242,685736.65794084,5129278.32235315,-0.645
46.2915905496937,-72.5859768082363,27,243,685936.657940838,5129278.32235316,-1.319
46.291535715889,-72.5833825453936,27,244,686136.657940843,5129278.32235318,-15.918
46.2914808232726,-72.5807882901061,27,245,686336.65794084,5129278.32235319,-19.848
46.2914258718449,-72.5781940423821,27,246,686536.657940843,5129278.32235321,-19.658
46.2913708616065,-72.5755998022296,27,247,686736.657940841,5129278.32235322,-20.008
46.2913157925578,-72.5730055696565,27,248,686936.657940842,5129278.32235324,-17.138
46.2912606646992,-72.5704113446711,27,249,687136.657940845,5129278.32235325,-15.808
46.2912054780312,-72.5678171272814,27,250,687336.657940846,5129278.32235326,-13.968
46.2911502325541,-72.5652229174954,27,251,687536.657940845,5129278.32235328,-10.818
46.2910949282686,-72.5626287153213,27,252,687736.657940845,5129278.32235329,-9.208
46.2910395651749,-72.560034520767,27,253,687936.657940846,5129278.32235331,-0.766
46.2909841432736,-72.5574403338407,27,254,688136.657940848,5129278.32235332,-0.345
46.290928662565,-72.5548461545505,27,255,688336.657940847,5129278.32235334,-0.375
46.2903372418149,-72.6119980576872,28,233,683936.657940848,5129078.32235302,-0.238
46.2902829995369,-72.6094038044999,28,234,684136.657940849,5129078.32235303,-0.496
46.2902286984464,-72.6068095587864,28,235,684336.657940848,5129078.32235305,-0.548
46.2901743385441,-72.6042153205547,28,236,684536.657940848,5129078.32235306,-0.734
46.2901199198302,-72.6016210898128,28,237,684736.65794085,5129078.32235308,-0.844
46.2900654423052,-72.5990268665689,28,238,684936.657940849,5129078.32235309,-0.925
46.2900109059695,-72.5964326508309,28,239,685136.657940852,5129078.3223531,-0.958
46.2899563108237,-72.5938384426071,28,240,685336.657940853,5129078.32235312,-0.972
46.2899016568681,-72.5912442419053,28,241,685536.657940854,5129078.32235313,-1.09
46.2898469441032,-72.5886500487338,28,242,685736.657940851,5129078.32235315,-12.138
46.2897921725293,-72.5860558631006,28,243,685936.657940852,5129078.32235316,-18.308
46.2897373421471,-72.5834616850137,28,244,686136.657940854,5129078.32235318,-19.518
46.2896824529568,-72.5808675144813,28,245,686336.657940857,5129078.32235319,-19.918
46.289627504959,-72.5782733515114,28,246,686536.657940857,5129078.32235321,-18.368
46.2895724981541,-72.575679196112,28,247,686736.657940857,5129078.32235322,-17.388
46.2895174325426,-72.5730850482913,28,248,686936.657940857,5129078.32235324,-16.078
46.2894623081248,-72.5704909080573,28,249,687136.65794086,5129078.32235325,-13.668
46.2894071249012,-72.5678967754181,28,250,687336.657940858,5129078.32235327,-10.488
46.2893518828723,-72.5653026503817,28,251,687536.657940859,5129078.32235328,-8.888
46.2892965820385,-72.5627085329563,28,252,687736.65794086,5129078.3223533,-0.706
46.2892412224003,-72.5601144231498,28,253,687936.657940861,5129078.32235331,-0.401
46.2891858039581,-72.5575203209704,28,254,688136.657940861,5129078.32235332,-0.388
46.288701193777,-72.6198588075256,29,230,683336.657940857,5128878.32235297,-0.323
46.2886471313134,-72.6172646167251,29,231,683536.657940859,5128878.32235299,-0.464
46.2885930100399,-72.6146704333731,29,232,683736.657940859,5128878.322353,-0.551
46.2885388299567,-72.6120762574778,29,233,683936.657940861,5128878.32235302,-0.706
46.2884845910643,-72.6094820890473,29,234,684136.65794086,5128878.32235303,-0.94
46.2884302933632,-72.6068879280896,29,235,684336.65794086,5128878.32235305,-0.993
46.2883759368537,-72.6042937746129,29,236,684536.657940863,5128878.32235306,-1.056
46.2883215215365,-72.601699628625,29,237,684736.657940862,5128878.32235308,-1.095
46.2882670474118,-72.5991054901343,29,238,684936.657940865,5128878.32235309,-1.203
46.2882125144801,-72.5965113591486,29,239,685136.657940865,5128878.3223531,-1.239
46.2881579227418,-72.5939172356762,29,240,685336.657940866,5128878.32235312,-1.635
46.2881032721975,-72.5913231197249,29,241,685536.657940869,5128878.32235313,-15.248
46.2880485628475,-72.588729011303,29,242,685736.657940868,5128878.32235315,-19.558
46.2879937946923,-72.5861349104185,29,243,685936.657940867,5128878.32235316,-19.858
46.2879389677323,-72.5835408170795,29,244,686136.657940867,5128878.32235317,-19.378
46.287884081968,-72.580946731294,29,245,686336.657940871,5128878.32235319,-19.178
46.2878291373998,-72.5783526530701,29,246,686536.657940869,5128878.32235321,-17.558
46.2877741340281,-72.5757585824159,29,247,686736.657940871,5128878.32235322,-16.058
46.2877190718535,-72.5731645193394,29,248,686936.657940872,5128878.32235324,-13.358
46.2876639508763,-72.5705704638487,29,249,687136.657940873,5128878.32235325,-10.578
46.2876087710969,-72.5679764159519,29,250,687336.657940874,5128878.32235326,-1.975
46.287553532516,-72.5653823756571,29,251,687536.657940876,5128878.32235328,-0.671
46.2874982351337,-72.5627883429723,29,252,687736.657940873,5128878.32235329,-0.433
46.2890685561336,-72.7263014064972,30,189,675136.657940845,5128678.32235238,-0.131
46.2890169084771,-72.7237070020416,30,190,675336.657940847,5128678.32235239,-0.26
46.2889652019968,-72.7211126047027,30,191,675536.657940845,5128678.32235241,-0.239
46.2889134366929,-72.7185182144885,30,192,675736.657940846,5128678.32235242,-0.263
46.2888616125659,-72.7159238314072,30,193,675936.657940849,5128678.32235243,-0.498
46.2888097296163,-72.7133294554669,30,194,676136.657940848,5128678.32235245,-0.396
46.2887577878445,-72.7107350866756,30,195,676336.657940848,5128678.32235247,-0.4
46.2887057872509,-72.7081407250414,30,196,676536.657940849,5128678.32235248,-0.468
46.2886537278358,-72.7055463705723,30,197,676736.657940848,5128678.32235249,-0.415
46.2886016095998,-72.7029520232765,30,198,676936.65794085,5128678.32235251,-0.213
46.2869567713964,-72.6225308590892,30,229,683136.657940873,5128678.32235296,-0.168
46.2869027711141,-72.6199367456003,30,230,683336.657940871,5128678.32235297,-0.396
46.286848712025,-72.617342639551,30,231,683536.657940874,5128678.32235299,-0.549
46.2867945941295,-72.6147485409495,30,232,683736.657940876,5128678.322353,-0.585
46.286740417428,-72.6121544498037,30,233,683936.657940876,5128678.32235302,-0.686
46.2866861819211,-72.6095603661219,30,234,684136.657940876,5128678.32235303,-0.889
46.286631887609,-72.606966289912,30,235,684336.657940878,5128678.32235305,-0.987
46.2865775344923,-72.6043722211821,30,236,684536.657940877,5128678.32235306,-1.067
46.2865231225714,-72.6017781599403,30,237,684736.657940879,5128678.32235308,-1.079
46.2864686518468,-72.5991841061946,30,238,684936.657940879,5128678.32235309,-1.036
46.2864141223188,-72.5965900599532,30,239,685136.657940879,5128678.3223531,-13.508
46.286359533988,-72.593996021224,30,240,685336.65794088,5128678.32235312,-18.168
46.2863048868547,-72.5914019900152,30,241,685536.657940882,5128678.32235313,-21.858
46.2862501809194,-72.5888079663349,30,242,685736.657940883,5128678.32235315,-21.608
46.2861954161826,-72.586213950191,30,243,685936.657940884,5128678.32235316,-19.668
46.2861405926447,-72.5836199415917,30,244,686136.657940884,5128678.32235318,-17.128
46.2860857103061,-72.5810259405451,30,245,686336.657940882,5128678.32235319,-17.338
46.2860307691672,-72.5784319470591,30,246,686536.657940884,5128678.3223532,-14.928
46.2859757692286,-72.575837961142,30,247,686736.657940887,5128678.32235322,-12.078
46.2859207104906,-72.5732439828017,30,248,686936.657940886,5128678.32235324,-10.628
46.2858655929538,-72.5706500120463,30,249,687136.657940887,5128678.32235325,-0.958
46.2858104166185,-72.5680560488838,30,250,687336.657940888,5128678.32235326,-0.539
46.2857551814852,-72.5654620933225,30,251,687536.657940888,5128678.32235328,-0.394
46.2873731100168,-72.7315645225804,31,187,674736.657940859,5128478.32235235,-0.123
46.287321583226,-72.7289701886959,31,188,674936.657940856,5128478.32235236,-0.162
46.2872699976141,-72.7263758619111,31,189,675136.657940858,5128478.32235238,-0.353
46.2872183531816,-72.7237815422341,31,190,675336.657940859,5128478.32235239,-0.461
46.2871666499288,-72.7211872296729,31,191,675536.657940862,5128478.32235241,-0.639
46.2871148878562,-72.7185929242357,31,192,675736.657940862,5128478.32235242,-0.616
46.2870630669642,-72.7159986259305,31,193,675936.65794086,5128478.32235243,-0.734
46.2870111872532,-72.7134043347654,31,194,676136.657940862,5128478.32235245,-0.778
46.2869592487236,-72.7108100507485,31,195,676336.657940864,5128478.32235246,-0.793
46.2869072513759,-72.7082157738878,31,196,676536.657940865,5128478.32235248,-0.89
46.2868551952104,-72.7056215041914,31,197,676736.657940865,5128478.32235249,-0.905
46.2868030802277,-72.7030272416675,31,198,676936.657940866,5128478.32235251,-0.669
46.286750906428,-72.7004329863239,31,199,677136.657940866,5128478.32235252,-0.432
46.2866986738119,-72.697838738169,31,200,677336.657940865,5128478.32235254,-0.491
46.2853199826051,-72.6303908357664,31,226,682536.657940886,5128478.32235291,-0.181
46.2852661621055,-72.6277967847537,31,227,682736.657940886,5128478.32235293,-0.288
46.2851583446932,-72.6226087049801,31,229,683136.657940887,5128478.32235296,-0.292
46.2851043477814,-72.6200146762353,31,230,683336.657940888,5128478.32235297,-0.374
46.2850502920665,-72.6174206549292,31,231,683536.657940889,5128478.32235299,-0.487
46.2849961775489,-72.61482664107,31,232,683736.657940888,5128478.322353,-0.594
46.284942004229,-72.6122326346658,31,233,683936.657940891,5128478.32235301,-0.831
46.2848877721072,-72.6096386357245,31,234,684136.657940888,5128478.32235303,-1.038
46.284833481184,-72.6070446442543,31,235,684336.657940891,5128478.32235304,-1.211
46.2847791314598,-72.6044506602632,31,236,684536.657940892,5128478.32235306,-1.392
46.2847247229351,-72.6018566837593,31,237,684736.657940891,5128478.32235307,-11.248
46.2846702556103,-72.5992627147507,31,238,684936.657940894,5128478.32235309,-17.038
46.2846157294858,-72.5966687532454,31,239,685136.657940894,5128478.3223531,-18.788
46.2845611445622,-72.5940747992515,31,240,685336.657940894,5128478.32235312,-21.358
46.2845065008397,-72.5914808527771,31,241,685536.657940893,5128478.32235313,-21.758
46.2844517983189,-72.5888869138302,31,242,685736.657940896,5128478.32235315,-19.048
46.2843970370003,-72.5862929824189,31,243,685936.657940898,5128478.32235316,-17.778
46.2843422168841,-72.5836990585513,31,244,686136.657940897,5128478.32235317,-17.308
46.284287337971,-72.5811051422354,31,245,686336.657940898,5128478.32235319,-14.078
46.2842324002613,-72.5785112334794,31,246,686536.657940901,5128478.32235321,-11.208
46.2841774037555,-72.5759173322912,31,247,686736.657940903,5128478.32235322,-10.408
46.284122348454,-72.573323438679,31,248,686936.657940902,5128478.32235323,-0.674
46.2840672343573,-72.5707295526508,31,249,687136.657940904,5128478.32235325,-0.409
46.2840120614658,-72.5681356742147,31,250,687336.657940901,5128478.32235326,-0.278
46.2856774150948,-72.7368273208318,32,185,674336.657940868,5128278.32235232,-0.098
46.2855745443999,-72.7316388013429,32,187,674736.657940873,5128278.32235235,-0.234
46.2855230208255,-72.7290445522306,32,188,674936.657940872,5128278.32235236,-0.331
46.2854714384337,-72.7264503102172,32,189,675136.657940872,5128278.32235237,-0.386
46.2854197972249,-72.7238560753107,32,190,675336.657940874,5128278.32235239,-0.526
46.2853680971995,-72.7212618475192,32,191,675536.657940874,5128278.32235241,-0.655
46.2853163383579,-72.7186676268509,32,192,675736.657940874,5128278.32235242,-0.874
46.2852645207006,-72.7160734133137,32,193,675936.657940874,5128278.32235243,-0.927
46.285212644228,-72.7134792069158,32,194,676136.657940878,5128278.32235245,-1.001
46.2851607089405,-72.7108850076651,32,195,676336.657940876,5128278.32235246,-1.055
46.2851087148385,-72.7082908155699,32,196,676536.657940879,5128278.32235248,-1.104
46.2850566619224,-72.7056966306382,32,197,676736.657940877,5128278.32235249,-1.122
46.2850045501927,-72.703102452878,32,198,676936.657940878,5128278.32235251,-1.061
46.2849523796498,-72.7005082822973,32,199,677136.657940879,5128278.32235252,-0.984
46.284900150294,-72.6979141189044,32,200,677336.65794088,5128278.32235254,-0.78
46.2848478621259,-72.6953199627073,32,201,677536.657940882,5128278.32235255,-0.627
46.2847955151458,-72.692725813714,32,202,677736.657940882,5128278.32235256,-0.44
46.2836290030199,-72.6356563747701,32,224,682136.657940898,5128278.32235288,-0.251
46.2835753034825,-72.6330623936928,32,225,682336.657940899,5128278.3223529,-0.513
46.2835215451434,-72.6304684200132,32,226,682536.657940899,5128278.32235291,-0.602
46.2834677280031,-72.6278744537392,32,227,682736.6579409,5128278.32235293,-0.192
46.283305923779,-72.6200925994315,32,230,683336.657940901,5128278.32235297,-0.263
46.2832518714381,-72.6174986628606,32,231,683536.657940902,5128278.32235299,-0.464
46.2831977602981,-72.6149047337357,32,232,683736.657940903,5128278.322353,-0.841
46.2831435903595,-72.6123108120648,32,233,683936.657940903,5128278.32235301,-1.635
46.2830893616227,-72.6097168978561,32,234,684136.657940904,5128278.32235303,-2.097
46.2830350740881,-72.6071229911175,32,235,684336.657940905,5128278.32235305,-11.238
46.2829807277562,-72.6045290918571,32,236,684536.657940906,5128278.32235306,-16.688
46.2829263226275,-72.6019352000831,32,237,684736.657940908,5128278.32235307,-19.568
46.2828718587023,-72.5993413158034,32,238,684936.657940907,5128278.32235309,-20.348
46.2828173359811,-72.5967474390262,32,239,685136.65794091,5128278.3223531,-20.748
46.2827627544644,-72.5941535697595,32,240,685336.657940911,5128278.32235312,-18.688
46.2827081141526,-72.5915597080114,32,241,685536.657940908,5128278.32235313,-17.568
46.2826534150461,-72.5889658537899,32,242,685736.657940911,5128278.32235315,-17.588
46.2825986571453,-72.5863720071031,32,243,685936.657940911,5128278.32235316,-15.828
46.2825438404508,-72.5837781679591,32,244,686136.657940914,5128278.32235318,-12.418
46.2824889649629,-72.581184336366,32,245,686336.657940913,5128278.32235319,-10.668
46.2824340306822,-72.5785905123318,32,246,686536.657940915,5128278.3223532,-1.791
46.282379037609,-72.5759966958645,32,247,686736.657940913,5128278.32235322,-0.519
46.2823239857437,-72.5734028869723,32,248,686936.657940914,5128278.32235323,-0.358
46.2839301863104,-72.7394956085664,33,184,674136.657940885,5128078.32235231,-0.12
46.2838788423959,-72.7369014229727,33,185,674336.657940885,5128078.32235232,-0.247
46.2838274396664,-72.7343072444527,33,186,674536.657940885,5128078.32235233,-0.182
46.2837759781224,-72.7317130730146,33,187,674736.657940885,5128078.32235235,-0.223
46.2837244577642,-72.7291189086664,33,188,674936.657940885,5128078.32235236,-0.415
46.2836728785922,-72.7265247514163,33,189,675136.657940889,5128078.32235238,-0.646
46.2836212406069,-72.7239306012723,33,190,675336.657940888,5128078.32235239,-0.791
46.2835695438087,-72.7213364582425,33,191,675536.657940889,5128078.32235241,-0.893
46.283517788198,-72.7187423223349,33,192,675736.657940889,5128078.32235242,-1.039
46.2834659737753,-72.7161481935576,33,193,675936.657940888,5128078.32235244,-1.184
46.2834141005408,-72.7135540719188,33,194,676136.657940891,5128078.32235245,-1.221
46.2833621684951,-72.7109599574264,33,195,676336.657940891,5128078.32235246,-1.197
46.2833101776386,-72.7083658500886,33,196,676536.657940893,5128078.32235248,-1.216
46.2832581279717,-72.7057717499134,33,197,676736.657940895,5128078.3223525,-1.203
46.2832060194949,-72.7031776569088,33,198,676936.657940893,5128078.32235251,-1.2
46.2831538522084,-72.7005835710831,33,199,677136.657940896,5128078.32235252,-1.209
46.2831016261129,-72.6979894924441,33,200,677336.657940896,5128078.32235254,-1.076
46.2830493412086,-72.6953954210001,33,201,677536.657940895,5128078.32235255,-1.143
46.282996997496,-72.6928013567591,33,202,677736.657940895,5128078.32235256,-0.97
46.2829445949755,-72.6902072997291,33,203,677936.657940899,5128078.32235258,-0.74
46.2828921336476,-72.6876132499183,33,204,678136.657940898,5128078.3223526,-0.492
46.2828396135127,-72.6850192073346,33,205,678336.657940897,5128078.32235261,-0.205
46.2818841955693,-72.6383276858807,33,223,681936.65794091,5128078.32235287,-0.252
46.2818305581822,-72.6357337821473,33,224,682136.657940911,5128078.32235288,-0.585
46.2817768619965,-72.6331398858025,33,225,682336.657940912,5128078.3223529,-0.885
46.2817231070129,-72.6305459968543,33,226,682536.657940915,5128078.32235292,-1.015
46.2816692932317,-72.6279521153109,33,227,682736.657940914,5128078.32235293,-0.777
46.2816154206533,-72.6253582411803,33,228,682936.657940916,5128078.32235295,-0.46
46.2814534501397,-72.617576663346,33,231,683536.657940918,5128078.32235299,-0.683
46.2813993423771,-72.6149828189473,33,232,683736.657940919,5128078.322353,-3.282
46.2813451758196,-72.6123889820018,33,233,683936.657940918,5128078.32235302,-13.508
46.2812909504675,-72.6097951525175,33,234,684136.657940921,5128078.32235303,-16.948
46.2812366663214,-72.6072013305024,33,235,684336.657940921,5128078.32235305,-19.708
46.2811823233816,-72.6046075159648,33,236,684536.657940921,5128078.32235306,-20.238
46.2811279216486,-72.6020137089125,33,237,684736.657940922,5128078.32235308,-19.998
46.2810734611228,-72.5994199093538,33,238,684936.657940923,5128078.32235309,-19.588
46.2810189418047,-72.5968261172965,33,239,685136.657940923,5128078.3223531,-17.478
46.2809643636947,-72.5942323327489,33,240,685336.657940923,5128078.32235312,-17.648
46.2809097267932,-72.591638555719,33,241,685536.657940924,5128078.32235313,-17.458
46.2808550311008,-72.5890447862149,33,242,685736.657940926,5128078.32235315,-14.198
46.2808002766177,-72.5864510242446,33,243,685936.657940926,5128078.32235316,-10.758
46.2807454633446,-72.5838572698161,33,244,686136.657940926,5128078.32235318,-10.008
46.2806905912818,-72.5812635229376,33,245,686336.657940929,5128078.32235319,-1.135
46.2806356604297,-72.5786697836172,33,246,686536.657940928,5128078.32235321,-0.489
46.2805806707889,-72.5760760518628,33,247,686736.657940929,5128078.32235322,-0.048
46.2821828916441,-72.742163726775,34,183,673936.657940898,5127878.32235229,-0.076
46.2821316097464,-72.7395696188749,34,184,674136.657940897,5127878.3223523,-0.255
46.2820802690369,-72.7369755180397,34,185,674336.657940898,5127878.32235232,-0.497
46.2820288695161,-72.7343814242775,34,186,674536.657940902,5127878.32235233,-0.47
46.2819774111843,-72.7317873375963,34,187,674736.657940903,5127878.32235234,-0.642
46.2819258940421,-72.7291932580042,34,188,674936.657940902,5127878.32235236,-0.893
46.2818743180898,-72.7265991855093,34,189,675136.657940904,5127878.32235237,-0.992
46.2818226833278,-72.7240051201197,34,190,675336.657940902,5127878.32235239,-1.076
46.2817709897566,-72.7214110618434,34,191,675536.657940903,5127878.3223524,-1.329
46.2817192373765,-72.7188170106886,34,192,675736.657940906,5127878.32235242,-1.505
46.281667426188,-72.7162229666632,34,193,675936.657940904,5127878.32235243,-1.597
46.2816155561916,-72.7136289297753,34,194,676136.657940906,5127878.32235245,-1.648
46.2815636273875,-72.7110349000331,34,195,676336.657940904,5127878.32235246,-1.426
46.2815116397763,-72.7084408774446,34,196,676536.657940906,5127878.32235248,-1.39
46.2814595933584,-72.7058468620178,34,197,676736.657940905,5127878.32235249,-1.46
46.2814074881341,-72.7032528537609,34,198,676936.65794091,5127878.32235251,-1.572
46.281355324104,-72.7006588526819,34,199,677136.657940909,5127878.32235252,-1.603
46.2813031012684,-72.6980648587889,34,200,677336.65794091,5127878.32235254,-1.531
46.2812508196277,-72.69547087209,34,201,677536.65794091,5127878.32235255,-1.511
46.2811984791824,-72.6928768925932,34,202,677736.657940909,5127878.32235256,-1.446
46.2811460799329,-72.6902829203065,34,203,677936.657940912,5127878.32235258,-1.285
46.2810936218796,-72.6876889552382,34,204,678136.657940911,5127878.32235259,-1.066
46.281041105023,-72.6850949973962,34,205,678336.657940911,5127878.32235261,-0.673
46.2809885293634,-72.6825010467886,34,206,678536.657940915,5127878.32235262,-0.491
46.2809358949013,-72.6799071034235,34,207,678736.657940913,5127878.32235264,-0.36
46.2801393219593,-72.6409988275321,34,222,681736.657940924,5127878.32235285,-0.188
46.2800857467152,-72.6384050011442,34,223,681936.657940927,5127878.32235287,-0.423
46.2800321126759,-72.6358111821359,34,224,682136.657940927,5127878.32235288,-0.797
46.2799784198419,-72.6332173705154,34,225,682336.657940926,5127878.3223529,-0.902
46.2799246682134,-72.6306235662907,34,226,682536.657940931,5127878.32235291,-1.186
46.2798708577911,-72.6280297694698,34,227,682736.65794093,5127878.32235293,-1.47
46.2798169885753,-72.6254359800609,34,228,682936.657940931,5127878.32235294,-1.59
46.2797630605664,-72.6228421980719,34,229,683136.657940931,5127878.32235296,-1.289
46.279709073765,-72.6202484235111,34,230,683336.657940929,5127878.32235297,-8.188
46.2796550281713,-72.6176546563863,34,231,683536.657940931,5127878.32235298,-14.568
46.2796009237859,-72.6150608967058,34,232,683736.657940931,5127878.322353,-18.348
46.2795467606093,-72.6124671444775,34,233,683936.657940934,5127878.32235302,-19.338
46.2794925386417,-72.6098733997096,34,234,684136.657940932,5127878.32235303,-19.688
46.2794382578838,-72.6072796624101,34,235,684336.657940933,5127878.32235304,-20.018
46.2793839183358,-72.604685932587,34,236,684536.657940937,5127878.32235306,-18.868
46.2793295199983,-72.6020922102484,34,237,684736.657940937,5127878.32235307,-17.308
46.2792750628717,-72.5994984954025,34,238,684936.657940938,5127878.32235309,-17.608
46.2792205469565,-72.5969047880573,34,239,685136.657940936,5127878.3223531,-17.488
46.279165972253,-72.5943110882207,34,240,685336.657940936,5127878.32235312,-15.998
46.2791113387617,-72.591717395901,34,241,685536.65794094,5127878.32235313,-12.148
46.2790566464831,-72.5891237111061,34,242,685736.657940938,5127878.32235315,-10.128
46.2790018954175,-72.5865300338441,34,243,685936.657940941,5127878.32235316,-2.364
46.2789470855656,-72.5839363641232,34,244,686136.657940941,5127878.32235317,-0.77
46.2788922169275,-72.5813427019513,34,245,686336.657940941,5127878.32235319,-0.469
46.2804355311073,-72.7448316754719,35,182,673736.65794091,5127678.32235227,-0.008
46.2803843112191,-72.7422376452672,35,183,673936.657940914,5127678.32235229,-0.288
46.2803330325225,-72.7396436221185,35,184,674136.657940913,5127678.3223523,-0.42
46.2802816950178,-72.7370496060338,35,185,674336.657940913,5127678.32235232,-0.676
46.2802302987054,-72.7344555970212,35,186,674536.657940914,5127678.32235233,-0.732
46.2801788435858,-72.7318615950889,35,187,674736.657940913,5127678.32235235,-0.846
46.2801273296593,-72.7292676002448,35,188,674936.657940914,5127678.32235236,-1.114
46.2800757569264,-72.7266736124971,35,189,675136.657940914,5127678.32235238,-1.402
46.2800241253875,-72.7240796318538,35,190,675336.657940917,5127678.32235239,-1.69
46.279972435043,-72.721485658323,35,191,675536.657940916,5127678.3223524,-1.828
46.2799206858934,-72.7188916919127,35,192,675736.657940919,5127678.32235242,-1.695
46.279868877939,-72.7162977326311,35,193,675936.657940919,5127678.32235243,-1.649
46.2798170111803,-72.7137037804862,35,194,676136.657940919,5127678.32235245,-1.571
46.2797650856177,-72.7111098354861,35,195,676336.657940921,5127678.32235246,-1.562
46.2797131012516,-72.7085158976388,35,196,676536.657940921,5127678.32235248,-1.616
46.2796610580824,-72.7059219669525,35,197,676736.657940923,5127678.32235249,-1.698
46.2796089561106,-72.7033280434351,35,198,676936.657940924,5127678.32235251,-1.751
46.2795567953365,-72.7007341270948,35,199,677136.657940924,5127678.32235252,-1.762
46.2795045757606,-72.6981402179397,35,200,677336.657940923,5127678.32235254,-1.851
46.2794522973834,-72.6955463159777,35,201,677536.657940927,5127678.32235255,-1.879
46.2793999602052,-72.692952421217,35,202,677736.657940926,5127678.32235256,-1.786
46.2793475642264,-72.6903585336657,35,203,677936.657940926,5127678.32235258,-1.436
46.2792951094475,-72.6877646533318,35,204,678136.657940927,5127678.32235259,-1.468
46.2792425958689,-72.6851707802233,35,205,678336.657940925,5127678.32235261,-1.276
46.2791900234911,-72.6825769143484,35,206,678536.657940928,5127678.32235262,-1.042
46.2791373923144,-72.6799830557152,35,207,678736.657940929,5127678.32235264,-0.713
46.2790847023393,-72.6773892043316,35,208,678936.657940928,5127678.32235265,-0.507
46.2790319535662,-72.6747953602058,35,209,679136.65794093,5127678.32235267,-0.378
46.278394382201,-72.6436697997386,35,221,681536.657940937,5127678.32235284,-0.426
46.278340869093,-72.6410760506979,35,222,681736.657940939,5127678.32235285,-0.591
46.2782872971929,-72.638482309028,35,223,681936.65794094,5127678.32235287,-1.047
46.2782336665013,-72.6358885747369,35,224,682136.657940941,5127678.32235288,-1.124
46.2781799770186,-72.6332948478326,35,225,682336.657940944,5127678.3223529,-1.749
46.2781262287452,-72.6307011283232,35,226,682536.657940943,5127678.32235291,-2.829
46.2780724216815,-72.6281074162168,35,227,682736.657940944,5127678.32235293,-3.818
46.278018555828,-72.6255137115215,35,228,682936.657940942,5127678.32235294,-10.598
46.2779646311851,-72.6229200142453,35,229,683136.657940947,5127678.32235296,-14.628
46.2779106477533,-72.6203263243962,35,230,683336.657940947,5127678.32235297,-18.418
46.277856605533,-72.6177326419824,35,231,683536.657940947,5127678.32235299,-19.718
46.2778025045246,-72.615138967012,35,232,683736.657940946,5127678.322353,-19.828
46.2777483447286,-72.6125452994929,35,233,683936.657940948,5127678.32235301,-19.398
46.2776941261453,-72.6099516394333,35,234,684136.657940947,5127678.32235303,-17.798
46.2776398487754,-72.6073579868412,35,235,684336.657940948,5127678.32235304,-16.268
46.277585512619,-72.6047643417247,35,236,684536.657940949,5127678.32235306,-17.518
46.2775311176769,-72.6021707040918,35,237,684736.657940949,5127678.32235307,-17.688
46.2774766639492,-72.5995770739506,35,238,684936.657940953,5127678.32235309,-17.448
46.2774221514366,-72.5969834513092,35,239,685136.657940952,5127678.3223531,-13.708
46.2773675801394,-72.5943898361757,35,240,685336.657940954,5127678.32235312,-10.728
46.277312950058,-72.591796228558,35,241,685536.657940954,5127678.32235313,-8.658
46.277258261193,-72.5892026284643,35,242,685736.657940955,5127678.32235314,-1.143
46.2772035135448,-72.5866090359027,35,243,685936.657940953,5127678.32235316,-0.634
46.2771487071137,-72.5840154508812,35,244,686136.657940955,5127678.32235318,-0.338
46.278688104711,-72.7474994546717,36,181,673536.657940926,5127478.32235226,-0.332
46.2786369468253,-72.744905502164,36,182,673736.657940927,5127478.32235227,-0.457
46.2785857301344,-72.7423115567034,36,183,673936.657940926,5127478.32235228,-0.497
46.2785344546387,-72.739717618298,36,184,674136.657940927,5127478.3223523,-0.574
46.2784831203385,-72.7371236869557,36,185,674336.657940928,5127478.32235232,-0.677
46.2784317272343,-72.7345297626848,36,186,674536.657940931,5127478.32235233,-0.952
46.2783802753266,-72.7319358454932,36,187,674736.657940927,5127478.32235235,-1.069
46.2783287646157,-72.7293419353891,36,188,674936.65794093,5127478.32235236,-1.619
46.278277195102,-72.7267480323805,36,189,675136.65794093,5127478.32235237,-1.93
46.2782255667861,-72.7241541364754,36,190,675336.657940931,5127478.32235239,-2.021
46.2781738796682,-72.721560247682,36,191,675536.657940934,5127478.3223524,-2.065
46.2781221337487,-72.7189663660083,36,192,675736.657940934,5127478.32235242,-1.799
46.2780703290282,-72.7163724914624,36,193,675936.657940933,5127478.32235243,-1.482
46.2780184655071,-72.7137786240524,36,194,676136.657940933,5127478.32235245,-1.548
46.2779665431856,-72.7111847637863,36,195,676336.657940934,5127478.32235246,-1.722
46.2779145620644,-72.7085909106722,36,196,676536.657940937,5127478.32235248,-1.784
46.2778625221438,-72.7059970647182,36,197,676736.657940936,5127478.32235249,-1.823
46.2778104234241,-72.7034032259323,36,198,676936.657940938,5127478.32235251,-1.964
46.277758265906,-72.7008093943226,36,199,677136.657940937,5127478.32235252,-1.978
46.2777060495896,-72.6982155698972,36,200,677336.657940936,5127478.32235253,-2.058
46.2776537744756,-72.6956217526642,36,201,677536.657940937,5127478.32235255,-2.036
46.2776014405642,-72.6930279426315,36,202,677736.657940942,5127478.32235256,-1.957
46.277549047856,-72.6904341398074,36,203,677936.65794094,5127478.32235258,-1.294
46.2774965963513,-72.6878403441998,36,204,678136.65794094,5127478.32235259,-1.403
46.2774440860506,-72.6852465558169,36,205,678336.657940942,5127478.32235261,-1.865
46.2773915169542,-72.6826527746666,36,206,678536.657940942,5127478.32235262,-1.764
46.2773388890627,-72.6800590007572,36,207,678736.657940945,5127478.32235263,-1.515
46.2772862023765,-72.6774652340965,36,208,678936.657940945,5127478.32235265,-1.122
46.2772334568959,-72.6748714746928,36,209,679136.657940945,5127478.32235267,-0.736
46.2771806526214,-72.672277722554,36,210,679336.657940947,5127478.32235268,-0.457
46.2768625923263,-72.6567153627375,36,216,680536.65794095,5127478.32235277,-0.584
46.2768093765065,-72.6541216616794,36,217,680736.65794095,5127478.32235278,-0.728
46.2767561018961,-72.6515279679509,36,218,680936.657940952,5127478.32235279,-0.846
46.2767027684958,-72.6489342815599,36,219,681136.657940951,5127478.32235281,-0.857
46.2766493763058,-72.6463406025145,36,220,681336.657940954,5127478.32235282,-0.681
46.2765959253266,-72.6437469308229,36,221,681536.657940954,5127478.32235284,-1.259
46.2765424155586,-72.641153266493,36,222,681736.657940952,5127478.32235285,-2.03
46.2764888470024,-72.638559609533,36,223,681936.657940957,5127478.32235287,-3.147
46.2764352196582,-72.6359659599509,36,224,682136.657940956,5127478.32235288,-3.888
46.2763815335266,-72.6333723177548,36,225,682336.657940957,5127478.3223529,-4.433
46.276327788608,-72.6307786829527,36,226,682536.657940957,5127478.32235291,-9.088
46.2762739849028,-72.6281850555527,36,227,682736.657940959,5127478.32235293,-11.828
46.2762201224114,-72.6255914355629,36,228,682936.65794096,5127478.32235294,-18.778
46.2761662011343,-72.6229978229914,36,229,683136.657940962,5127478.32235296,-20.078
46.276112221072,-72.6204042178461,36,230,683336.657940959,5127478.32235297,-21.148
46.2760581822247,-72.6178106201353,36,231,683536.657940961,5127478.32235298,-20.138
46.2760040845931,-72.6152170298668,36,232,683736.657940959,5127478.322353,-14.448
46.2759499281775,-72.6126234470489,36,233,683936.657940962,5127478.32235301,-14.218
46.2758957129784,-72.6100298716895,36,234,684136.657940963,5127478.32235303,-17.408
46.2758414389961,-72.6074363037967,36,235,684336.657940962,5127478.32235304,-17.428
46.2757871062312,-72.6048427433787,36,236,684536.657940964,5127478.32235306,-17.508
46.2757327146841,-72.6022491904434,36,237,684736.657940965,5127478.32235307,-14.798
46.2756782643552,-72.5996556449989,36,238,684936.657940966,5127478.32235309,-12.138
46.275623755245,-72.5970621070533,36,239,685136.657940967,5127478.3223531,-9.618
46.2755691873538,-72.5944685766147,36,240,685336.65794097,5127478.32235311,-1.702
46.2755145606822,-72.5918750536911,36,241,685536.657940969,5127478.32235313,-0.611
46.2754598752306,-72.5892815382905,36,242,685736.65794097,5127478.32235314,-0.374
46.2769916495544,-72.7527609462279,37,179,673136.657940939,5127278.32235223,-0.285
46.2769406124665,-72.7501670643888,37,180,673336.65794094,5127278.32235224,-0.329
46.2768895165762,-72.7475731895799,37,181,673536.65794094,5127278.32235226,-0.477
46.2768383618839,-72.7449793218091,37,182,673736.65794094,5127278.32235227,-0.495
46.27678714839,-72.7423854610845,37,183,673936.657940941,5127278.32235229,-0.537
46.276735876095,-72.7397916074143,37,184,674136.657940942,5127278.3223523,-0.73
46.2766845449992,-72.7371977608064,37,185,674336.65794094,5127278.32235232,-0.808
46.276633155103,-72.734603921269,37,186,674536.657940943,5127278.32235233,-1.152
46.276581706407,-72.7320100888101,37,187,674736.657940945,5127278.32235235,-1.702
46.2765301989114,-72.7294162634379,37,188,674936.657940944,5127278.32235236,-1.916
46.2764786326168,-72.7268224451602,37,189,675136.657940946,5127278.32235237,-2.071
46.2764270075235,-72.7242286339853,37,190,675336.657940947,5127278.32235239,-2.115
46.2763753236319,-72.7216348299213,37,191,675536.657940947,5127278.3223524,-2.002
46.2763235809425,-72.7190410329761,37,192,675736.657940946,5127278.32235242,-1.828
46.2762717794557,-72.7164472431578,37,193,675936.657940949,5127278.32235243,-1.887
46.2762199191718,-72.7138534604746,37,194,676136.657940948,5127278.32235245,-1.849
46.2761680000914,-72.7112596849344,37,195,676336.657940948,5127278.32235246,-1.929
46.2761160222149,-72.7086659165455,37,196,676536.657940948,5127278.32235248,-2.08
46.2760639855425,-72.7060721553157,37,197,676736.657940953,5127278.32235249,-2.072
46.2760118900749,-72.7034784012532,37,198,676936.657940951,5127278.3223525,-2.155
46.2759597358124,-72.7008846543661,37,199,677136.657940951,5127278.32235252,-2.161
46.2759075227554,-72.6982909146624,37,200,677336.657940955,5127278.32235254,-2.106
46.2758552509043,-72.6956971821502,37,201,677536.657940954,5127278.32235255,-2.025
46.2758029202596,-72.6931034568376,37,202,677736.657940955,5127278.32235256,-2.097
46.2757505308217,-72.6905097387326,37,203,677936.657940954,5127278.32235258,-1.979
46.275698082591,-72.6879160278433,37,204,678136.657940955,5127278.32235259,-1.838
46.2756455755679,-72.6853223241778,37,205,678336.657940955,5127278.32235261,-2.266
46.2755930097529,-72.6827286277441,37,206,678536.657940957,5127278.32235262,-2.191
46.2755403851463,-72.6801349385503,37,207,678736.657940959,5127278.32235264,-2.229
46.2754877017487,-72.6775412566045,37,208,678936.657940958,5127278.32235265,-1.926
46.2754349595604,-72.6749475819148,37,209,679136.657940958,5127278.32235266,-1.47
46.2753821585819,-72.6723539144891,37,210,679336.65794096,5127278.32235268,-0.997
46.2753292988135,-72.6697602543357,37,211,679536.657940962,5127278.32235269,-0.595
46.2752763802558,-72.6671666014625,37,212,679736.657940959,5127278.32235271,-0.4
46.2751172718505,-72.6593856866049,37,215,680336.657940964,5127278.32235275,-0.576
46.2750641181395,-72.6567920629333,37,216,680536.657940963,5127278.32235277,-0.618
46.2750109056413,-72.6541984465823,37,217,680736.657940967,5127278.32235278,-0.759
46.2749576343562,-72.65160483756,37,218,680936.657940965,5127278.3223528,-0.852
46.2749043042847,-72.6490112358743,37,219,681136.657940967,5127278.32235281,-0.982
46.2748509154273,-72.6464176415334,37,220,681336.657940969,5127278.32235282,-1.969
46.2747974677844,-72.6438240545454,37,221,681536.657940967,5127278.32235284,-3.291
46.2747439613564,-72.6412304749183,37,222,681736.657940968,5127278.32235285,-3.601
46.2746903961437,-72.6386369026601,37,223,681936.65794097,5127278.32235287,-8.168
46.2746367721468,-72.636043337779,37,224,682136.65794097,5127278.32235288,-10.248
46.2745830893661,-72.633449780283,37,225,682336.657940971,5127278.3223529,-11.138
46.274529347802,-72.6308562301801,37,226,682536.657940974,5127278.32235291,-11.038
46.2744755474551,-72.6282626874785,37,227,682736.657940973,5127278.32235293,-13.448
46.2744216883256,-72.6256691521862,37,228,682936.657940971,5127278.32235294,-17.448
46.274367770414,-72.6230756243112,37,229,683136.657940973,5127278.32235296,-14.178
46.2743137937209,-72.6204821038617,37,230,683336.657940973,5127278.32235297,-13.288
46.2742597582466,-72.6178885908456,37,231,683536.657940973,5127278.32235299,-13.348
46.2742056639915,-72.6152950852711,37,232,683736.657940975,5127278.322353,-16.478
46.2741515109561,-72.6127015871462,37,233,683936.657940976,5127278.32235301,-17.258
46.2740972991408,-72.6101080964791,37,234,684136.657940979,5127278.32235303,-17.498
46.2740430285461,-72.6075146132776,37,235,684336.657940977,5127278.32235304,-16.398
46.2739886991724,-72.60492113755,37,236,684536.657940981,5127278.32235306,-12.628
46.2739343110201,-72.6023276693042,37,237,684736.657940979,5127278.32235307,-10.188
46.2738798640897,-72.5997342085484,37,238,684936.657940982,5127278.32235309,-2.244
46.2738253583817,-72.5971407552905,37,239,685136.657940983,5127278.3223531,-0.709
46.2737707938964,-72.5945473095388,37,240,685336.657940981,5127278.32235311,-0.446
46.2737161706343,-72.5919538713011,37,241,685536.657940985,5127278.32235313,-0.298
46.2752949457913,-72.7580221199104,38,177,672736.657940952,5127078.3223522,-0.251
46.275244029488,-72.7554283087675,38,178,672936.657940953,5127078.32235222,-0.286
46.275193054385,-72.7528345046377,38,179,673136.657940953,5127078.32235223,-0.359
46.275142020483,-72.7502407075291,38,180,673336.657940953,5127078.32235224,-0.583
46.2750909277821,-72.7476469174498,38,181,673536.657940956,5127078.32235226,-0.598
46.275039776283,-72.7450531344078,38,182,673736.657940952,5127078.32235227,-0.544
46.2749885659859,-72.7424593584113,38,183,673936.657940956,5127078.32235229,-0.627
46.2749372968914,-72.7398655894682,38,184,674136.657940958,5127078.3223523,-0.797
46.2748859689997,-72.7372718275866,38,185,674336.657940956,5127078.32235232,-1.19
46.2748345823114,-72.7346780727747,38,186,674536.657940957,5127078.32235233,-1.794
46.2747831368268,-72.7320843250404,38,187,674736.657940958,5127078.32235235,-2.111
46.2747316325464,-72.7294905843919,38,188,674936.657940959,5127078.32235236,-2.167
46.2746800694706,-72.7268968508373,38,189,675136.657940961,5127078.32235238,-2.193
46.2746284475997,-72.7243031243845,38,190,675336.657940958,5127078.32235239,-2.154
46.2745767669343,-72.7217094050417,38,191,675536.657940962,5127078.3223524,-2.174
46.2745250274747,-72.7191156928169,38,192,675736.657940961,5127078.32235242,-2.268
46.2744732292213,-72.7165219877182,38,193,675936.657940963,5127078.32235243,-2.226
46.2744213721746,-72.7139282897537,38,194,676136.657940962,5127078.32235245,-2.199
46.274369456335,-72.7113345989314,38,195,676336.657940963,5127078.32235246,-2.196
46.2743174817029,-72.7087409152595,38,196,676536.657940965,5127078.32235248,-2.262
46.2742654482787,-72.7061472387459,38,197,676736.657940967,5127078.32235249,-2.33
46.2742133560629,-72.7035535693987,38,198,676936.657940965,5127078.32235251,-2.363
46.2741612050558,-72.7009599072261,38,199,677136.657940967,5127078.32235252,-2.318
46.2741089952579,-72.6983662522361,38,200,677336.657940967,5127078.32235253,-2.31
46.2740567266696,-72.6957726044367,38,201,677536.657940967,5127078.32235255,-2.267
46.2740043992913,-72.693178963836,38,202,677736.657940969,5127078.32235256,-2.179
46.2739520131235,-72.690585330442,38,203,677936.65794097,5127078.32235258,-2.209
46.2738995681665,-72.687991704263,38,204,678136.65794097,5127078.32235259,-2.288
46.2738470644209,-72.6853980853068,38,205,678336.65794097,5127078.32235261,-2.542
46.273794501887,-72.6828044735816,38,206,678536.657940972,5127078.32235262,-2.527
46.2737418805652,-72.6802108690955,38,207,678736.657940974,5127078.32235264,-2.512
46.273689200456,-72.6776172718565,38,208,678936.657940972,5127078.32235265,-2.455
46.2736364615598,-72.6750236818727,38,209,679136.657940973,5127078.32235266,-2.312
46.273583663877,-72.6724300991521,38,210,679336.657940973,5127078.32235268,-1.983
46.273530807408,-72.6698365237029,38,211,679536.657940974,5127078.3223527,-1.362
46.2734778921534,-72.667242955533,38,212,679736.657940977,5127078.32235271,-1.034
46.2734249181134,-72.6646493946506,38,213,679936.657940976,5127078.32235272,-0.822
46.2733718852886,-72.6620558410636,38,214,680136.657940979,5127078.32235274,-0.856
46.2733187936793,-72.6594622947803,38,215,680336.657940977,5127078.32235275,-0.969
46.273265643286,-72.6568687558086,38,216,680536.657940979,5127078.32235277,-0.897
46.2732124341091,-72.6542752241566,38,217,680736.65794098,5127078.32235278,-0.953
46.2731591661491,-72.6516816998324,38,218,680936.65794098,5127078.32235279,-1.148
46.2731058394064,-72.649088182844,38,219,681136.657940981,5127078.32235281,-1.98
46.2730524538814,-72.6464946731995,38,220,681336.657940984,5127078.32235283,-9.048
46.2729990095745,-72.643901170907,38,221,681536.657940983,5127078.32235284,-8.098
46.2729455064862,-72.6413076759746,38,222,681736.657940984,5127078.32235285,-8.088
46.2728919446168,-72.6387141884102,38,223,681936.657940985,5127078.32235287,-11.228
46.272838323967,-72.636120708222,38,224,682136.657940984,5127078.32235288,-11.718
46.2727846445369,-72.633527235418,38,225,682336.657940986,5127078.3223529,-10.468
46.2727309063272,-72.6309337700063,38,226,682536.657940986,5127078.32235291,-10.328
46.2726771093383,-72.628340311995,38,227,682736.657940986,5127078.32235293,-11.738
46.2726232535705,-72.625746861392,38,228,682936.657940987,5127078.32235294,-10.648
46.2725693390243,-72.6231534182056,38,229,683136.657940987,5127078.32235296,-6.269
46.2725153657001,-72.6205599824437,38,230,683336.657940988,5127078.32235297,-14.038
46.2724613335985,-72.6179665541144,38,231,683536.657940991,5127078.32235298,-16.788
46.2724072427197,-72.6153731332258,38,232,683736.657940991,5127078.322353,-17.128
46.2723530930643,-72.6127797197859,38,233,683936.657940993,5127078.32235301,-17.168
46.2722988846327,-72.6101863138029,38,234,684136.657940991,5127078.32235303,-14.498
46.2722446174253,-72.6075929152847,38,235,684336.657940991,5127078.32235304,-11.898
46.2721902914425,-72.6049995242394,38,236,684536.657940991,5127078.32235306,-1.934
46.2721359066849,-72.6024061406751,38,237,684736.657940996,5127078.32235307,-0.645
46.2720814631528,-72.5998127645998,38,238,684936.657940996,5127078.32235309,-0.456
46.2720269608467,-72.5972193960216,38,239,685136.657940996,5127078.3223531,-0.303
46.2735979934637,-72.763282975694,39,175,672336.657940965,5126878.32235217,-0.211
46.2735471979316,-72.7606892352748,39,176,672536.657940967,5126878.32235218,-0.343
46.2734963436029,-72.7580955018517,39,177,672736.657940966,5126878.3223522,-0.37
46.2734454304778,-72.7555017754329,39,178,672936.657940968,5126878.32235221,-0.418
46.2733944585568,-72.7529080560264,39,179,673136.657940966,5126878.32235223,-0.506
46.2733434278404,-72.7503143436402,39,180,673336.657940968,5126878.32235224,-0.699
46.2732923383288,-72.7477206382824,39,181,673536.657940971,5126878.32235226,-0.753
46.2732411900226,-72.7451269399612,39,182,673736.657940969,5126878.32235227,-0.682
46.2731899829222,-72.7425332486845,39,183,673936.65794097,5126878.32235229,-0.789
46.2731387170279,-72.7399395644605,39,184,674136.657940971,5126878.3223523,-1.121
46.2730873923402,-72.7373458872972,39,185,674336.65794097,5126878.32235231,-1.911
46.2730360088595,-72.7347522172027,39,186,674536.657940973,5126878.32235233,-2.316
46.2729845665862,-72.732158554185,39,187,674736.657940972,5126878.32235234,-2.479
46.2729330655207,-72.7295648982522,39,188,674936.657940972,5126878.32235236,-2.246
46.2728815056635,-72.7269712494124,39,189,675136.657940975,5126878.32235237,-2.221
46.2728298870149,-72.7243776076737,39,190,675336.657940976,5126878.32235239,-2.319
46.2727782095754,-72.7217839730441,39,191,675536.657940976,5126878.3223524,-2.479
46.2727264733453,-72.7191903455316,39,192,675736.657940974,5126878.32235242,-2.494
46.2726746783252,-72.7165967251445,39,193,675936.657940976,5126878.32235243,-2.504
46.2726228245155,-72.7140031118906,39,194,676136.657940976,5126878.32235245,-2.434
46.2725709119164,-72.7114095057781,39,195,676336.657940977,5126878.32235246,-2.408
46.2725189405286,-72.7088159068151,39,196,676536.657940979,5126878.32235248,-2.391
46.2724669103523,-72.7062223150097,39,197,676736.657940979,5126878.32235249,-2.48
46.272414821388,-72.7036287303698,39,198,676936.65794098,5126878.32235251,-2.556
46.2723626736361,-72.7010351529036,39,199,677136.657940983,5126878.32235252,-2.462
46.2723104670971,-72.6984415826191,39,200,677336.657940984,5126878.32235253,-2.404
46.2722582017714,-72.6958480195244,39,201,677536.657940982,5126878.32235255,-2.353
46.2722058776594,-72.6932544636276,39,202,677736.657940982,5126878.32235256,-2.319
46.2721534947614,-72.6906609149367,39,203,677936.657940984,5126878.32235258,-2.313
46.272101053078,-72.6880673734597,39,204,678136.657940985,5126878.32235259,-2.352
46.2720485526096,-72.6854738392049,39,205,678336.657940986,5126878.3223526,-2.497
46.2719959933565,-72.6828803121802,39,206,678536.657940987,5126878.32235262,-2.722
46.2719433753193,-72.6802867923936,39,207,678736.657940988,5126878.32235263,-2.651
46.2718906984983,-72.6776932798533,39,208,678936.657940988,5126878.32235265,-2.675
46.271837962894,-72.6750997745674,39,209,679136.657940989,5126878.32235266,-2.527
46.2717851685067,-72.6725062765438,39,210,679336.657940989,5126878.32235268,-2.631
46.271732315337,-72.6699127857907,39,211,679536.65794099,5126878.32235269,-2.47
46.2716794033851,-72.6673193023161,39,212,679736.65794099,5126878.32235271,-1.655
46.2716264326517,-72.664725826128,39,213,679936.65794099,5126878.32235272,-1.394
46.2715734031371,-72.6621323572347,39,214,680136.657940993,5126878.32235274,-1.345
46.2715203148416,-72.659538895644,39,215,680336.657940992,5126878.32235275,-1.536
46.2714671677659,-72.6569454413641,39,216,680536.657940994,5126878.32235277,-1.635
46.2714139619102,-72.6543519944031,39,217,680736.657940996,5126878.32235278,-1.999
46.271360697275,-72.6517585547689,39,218,680936.657940996,5126878.32235279,-3.329
46.2713073738607,-72.6491651224698,39,219,681136.657940996,5126878.32235281,-11.228
46.2712539916679,-72.6465716975137,39,220,681336.657940994,5126878.32235282,-10.488
46.2712005506968,-72.6439782799086,39,221,681536.657940996,5126878.32235284,-8.578
46.271147050948,-72.6413848696627,39,222,681736.657940999,5126878.32235285,-9.138
46.2710934924218,-72.6387914667841,39,223,681936.657940998,5126878.32235287,-5.112
46.2710398751187,-72.6361980712807,39,224,682136.657941001,5126878.32235288,-4.877
46.2709861990392,-72.6336046831607,39,225,682336.657941,5126878.3223529,-11.168
46.2709324641836,-72.6310113024321,39,226,682536.657940999,5126878.32235291,-11.168
46.2708786705525,-72.628417929103,39,227,682736.657941001,5126878.32235293,-10.318
46.2708248181461,-72.6258245631814,39,228,682936.657941003,5126878.32235294,-9.028
46.270770906965,-72.6232312046755,39,229,683136.657941003,5126878.32235296,-12.598
46.2707169370097,-72.6206378535932,39,230,683336.657941003,5126878.32235297,-16.608
46.2706629082804,-72.6180445099426,39,231,683536.657941005,5126878.32235298,-16.838
46.2706088207778,-72.6154511737318,39,232,683736.657941005,5126878.322353,-15.198
46.2705546745021,-72.6128578449689,39,233,683936.657941006,5126878.32235301,-14.238
46.270500469454,-72.6102645236618,39,234,684136.657941006,5126878.32235303,-10.018
46.2704462056337,-72.6076712098188,39,235,684336.657941006,5126878.32235304,-0.641
46.2703918830417,-72.6050779034478,39,236,684536.657941008,5126878.32235306,-0.454
46.2703375016785,-72.6024846045569,39,237,684736.65794101,5126878.32235307,-0.37
46.2719007926134,-72.7685435135534,40,173,671936.657940975,5126678.32235214,-0.128
46.2718501178394,-72.7659498438854,40,174,672136.657940979,5126678.32235216,-0.293
46.2717993842716,-72.7633561811966,40,175,672336.657940981,5126678.32235217,-0.344
46.2717485919103,-72.760762525495,40,176,672536.65794098,5126678.32235218,-0.501
46.271697740756,-72.7581688767888,40,177,672736.657940982,5126678.3223522,-0.544
46.271646830809,-72.755575235086,40,178,672936.657940981,5126678.32235222,-0.521
46.2715958620698,-72.7529816003946,40,179,673136.65794098,5126678.32235223,-0.589
46.2715448345387,-72.7503879727228,40,180,673336.657940985,5126678.32235224,-0.725
46.2714937482163,-72.7477943520786,40,181,673536.657940985,5126678.32235226,-0.893
46.2714426031028,-72.74520073847,40,182,673736.657940984,5126678.32235227,-0.88
46.2713913991988,-72.7426071319052,40,183,673936.657940983,5126678.32235229,-1.107
46.2713401365045,-72.7400135323922,40,184,674136.657940984,5126678.3223523,-1.76
46.2712888150206,-72.737419939939,40,185,674336.657940986,5126678.32235232,-2.422
46.2712374347473,-72.7348263545538,40,186,674536.657940987,5126678.32235233,-2.344
46.271185995685,-72.7322327762446,40,187,674736.657940985,5126678.32235235,-2.259
46.2711344978343,-72.7296392050195,40,188,674936.657940986,5126678.32235236,-2.326
46.2710829411954,-72.7270456408865,40,189,675136.657940988,5126678.32235237,-2.367
46.2710313257689,-72.7244520838537,40,190,675336.65794099,5126678.32235239,-2.561
46.2709796515551,-72.7218585339292,40,191,675536.657940988,5126678.3223524,-2.659
46.2709279185545,-72.7192649911211,40,192,675736.657940991,5126678.32235242,-2.632
46.2708761267674,-72.7166714554374,40,193,675936.657940991,5126678.32235243,-2.601
46.2708242761943,-72.7140779268861,40,194,676136.657940991,5126678.32235245,-2.517
46.2707723668357,-72.7114844054754,40,195,676336.657940992,5126678.32235246,-2.455
46.2707203986918,-72.7088908912133,40,196,676536.657940993,5126678.32235248,-2.269
46.2706683717632,-72.7062973841079,40,197,676736.657940992,5126678.32235249,-2.322
46.2706162860503,-72.7037038841672,40,198,676936.657940995,5126678.32235251,-2.605
46.2705641415535,-72.7011103913993,40,199,677136.657940995,5126678.32235252,-2.567
46.2705119382732,-72.6985169058123,40,200,677336.657940996,5126678.32235253,-2.514
46.2704596762098,-72.6959234274143,40,201,677536.657940998,5126678.32235255,-2.52
46.2704073553638,-72.6933299562132,40,202,677736.657940996,5126678.32235256,-2.48
46.2703549757355,-72.6907364922173,40,203,677936.657940999,5126678.32235258,-2.355
46.2703025373255,-72.6881430354345,40,204,678136.657940999,5126678.32235259,-2.279
46.270250040134,-72.6855495858728,40,205,678336.657941,5126678.32235261,-2.357
46.2701974841616,-72.6829561435405,40,206,678536.657941001,5126678.32235262,-2.55
46.2701448694087,-72.6803627084454,40,207,678736.657941003,5126678.32235264,-2.657
46.2700921958757,-72.6777692805958,40,208,678936.657941,5126678.32235265,-2.814
46.270039463563,-72.6751758599996,40,209,679136.657941003,5126678.32235267,-2.861
46.2699866724711,-72.672582446665,40,210,679336.657941005,5126678.32235268,-2.914
46.2699338226003,-72.6699890405999,40,211,679536.657941004,5126678.32235269,-3.095
46.2698809139512,-72.6673956418125,40,212,679736.657941006,5126678.32235271,-2.216
46.269827946524,-72.6648022503109,40,213,679936.657941005,5126678.32235272,-1.723
46.2697749203194,-72.662208866103,40,214,680136.657941007,5126678.32235274,-1.907
46.2697218353376,-72.659615489197,40,215,680336.657941005,5126678.32235275,-2.325
46.2696686915791,-72.6570221196008,40,216,680536.657941009,5126678.32235277,-2.871
46.2696154890443,-72.6544287573227,40,217,680736.657941009,5126678.32235278,-3.467
46.2695622277338,-72.6518354023705,40,218,680936.657941008,5126678.3223528,-9.018
46.2695089076478,-72.6492420547525,40,219,681136.65794101,5126678.32235281,-13.008
46.2694555287869,-72.6466487144767,40,220,681336.657941013,5126678.32235282,-8.348
46.2694020911514,-72.644055381551,40,221,681536.657941012,5126678.32235284,-3.785
46.2693485947419,-72.6414620559837,40,222,681736.657941011,5126678.32235285,-3.962
46.2692950395586,-72.6388687377827,40,223,681936.657941013,5126678.32235287,-4.891
46.2692414256021,-72.6362754269561,40,224,682136.657941012,5126678.32235288,-11.528
46.2691877528729,-72.633682123512,40,225,682336.657941013,5126678.3223529,-13.498
46.2691340213712,-72.6310888274585,40,226,682536.657941014,5126678.32235291,-12.938
46.2690802310976,-72.6284955388035,40,227,682736.657941016,5126678.32235293,-9.288
46.2690263820525,-72.6259022575552,40,228,682936.657941018,5126678.32235294,-12.628
46.2689724742363,-72.6233089837216,40,229,683136.657941016,5126678.32235296,-15.898
46.2689185076495,-72.6207157173109,40,230,683336.657941018,5126678.32235297,-16.068
46.2688644822925,-72.6181224583309,40,231,683536.657941019,5126678.32235299,-14.998
46.2688103981658,-72.6155292067899,40,232,683736.657941018,5126678.322353,-12.808
46.2687562552697,-72.6129359626958,40,233,683936.657941021,5126678.32235301,-0.873
46.2687020536047,-72.6103427260568,40,234,684136.657941021,5126678.32235303,-0.608
46.2686477931713,-72.6077494968809,40,235,684336.657941023,5126678.32235304,-0.396
46.2701527892533,-72.7712101345741,41,172,671736.657940991,5126478.32235213,-0.32
46.2701021764332,-72.768616542647,41,173,671936.657940992,5126478.32235214,-0.448
46.2700515048225,-72.7660229576903,41,174,672136.657940992,5126478.32235216,-0.488
46.2700007744215,-72.7634293797119,41,175,672336.657940993,5126478.32235217,-0.552
46.2699499852308,-72.76083580872,41,176,672536.657940994,5126478.32235218,-0.661
46.2698991372507,-72.7582422447225,41,177,672736.657940993,5126478.3223522,-0.735
46.2698482304816,-72.7556486877276,41,178,672936.657940996,5126478.32235221,-0.626
46.2697972649239,-72.7530551377434,41,179,673136.657940997,5126478.32235223,-0.684
46.269746240578,-72.7504615947778,41,180,673336.657940998,5126478.32235224,-0.75
46.2696951574444,-72.747868058839,41,181,673536.657940998,5126478.32235225,-0.967
46.2696440155235,-72.7452745299351,41,182,673736.657940998,5126478.32235227,-1.111
46.2695928148157,-72.742681008074,41,183,673936.657940997,5126478.32235228,-1.77
46.2695415553213,-72.7400874932639,41,184,674136.657940998,5126478.3223523,-2.239
46.2694902370409,-72.7374939855129,41,185,674336.657941,5126478.32235231,-2.419
46.2694388599748,-72.7349004848289,41,186,674536.657941,5126478.32235233,-2.441
46.2693874241234,-72.7323069912201,41,187,674736.657941003,5126478.32235235,-2.466
46.2693359294871,-72.7297135046946,41,188,674936.657941003,5126478.32235236,-2.466
46.2692843760665,-72.7271200252604,41,189,675136.657941002,5126478.32235237,-2.448
46.2692327638618,-72.7245265529255,41,190,675336.657941002,5126478.32235239,-2.505
46.2691810928735,-72.7219330876981,41,191,675536.657941006,5126478.3223524,-2.645
46.269129363102,-72.7193396295861,41,192,675736.657941006,5126478.32235242,-2.689
46.2690775745478,-72.7167461785978,41,193,675936.657941006,5126478.32235243,-2.703
46.2690257272112,-72.714152734741,41,194,676136.657941007,5126478.32235244,-2.582
46.2689738210927,-72.711559298024,41,195,676336.657941008,5126478.32235246,-2.536
46.2689218561927,-72.7089658684548,41,196,676536.657941009,5126478.32235247,-2.473
46.2688698325116,-72.7063724460413,41,197,676736.65794101,5126478.32235249,-2.397
46.2688177500498,-72.7037790307918,41,198,676936.657941007,5126478.3223525,-2.475
46.2687656088078,-72.7011856227142,41,199,677136.657941012,5126478.32235252,-2.642
46.268713408786,-72.6985922218166,41,200,677336.65794101,5126478.32235253,-2.542
46.2686611499848,-72.6959988281072,41,201,677536.65794101,5126478.32235255,-2.52
46.2686088324045,-72.6934054415939,41,202,677736.657941011,5126478.32235256,-2.482
46.2685564560457,-72.6908120622848,41,203,677936.657941011,5126478.32235258,-2.421
46.2685040209088,-72.688218690188,41,204,678136.657941015,5126478.32235259,-2.378
46.2684515269942,-72.6856253253115,41,205,678336.657941014,5126478.3223526,-2.457
46.2683989743022,-72.6830319676634,41,206,678536.657941017,5126478.32235262,-2.546
46.2683463628335,-72.6804386172519,41,207,678736.657941018,5126478.32235263,-2.647
46.2682936925882,-72.6778452740848,41,208,678936.657941019,5126478.32235265,-2.903
46.268240963567,-72.6752519381704,41,209,679136.657941017,5126478.32235266,-3.021
46.2681881757701,-72.6726586095166,41,210,679336.65794102,5126478.32235268,-3.289
46.2681353291981,-72.6700652881316,41,211,679536.657941019,5126478.32235269,-3.631
46.2680824238514,-72.6674719740233,41,212,679736.657941018,5126478.3223527,-3.378
46.2680294597304,-72.6648786672,41,213,679936.657941021,5126478.32235272,-3.352
46.2679764368354,-72.6622853676695,41,214,680136.65794102,5126478.32235273,-3.955
46.2679233551671,-72.65969207544,41,215,680336.657941023,5126478.32235275,-4.156
46.2678702147257,-72.6570987905196,41,216,680536.657941024,5126478.32235277,-3.157
46.2678170155117,-72.6545055129162,41,217,680736.657941025,5126478.32235278,-8.388
46.2677637575255,-72.651912242638,41,218,680936.657941023,5126478.32235279,-9.228
46.2677104407676,-72.6493189796931,41,219,681136.657941025,5126478.32235281,-10.568
46.2676570652384,-72.6467257240894,41,220,681336.657941025,5126478.32235282,-2.502
46.2676036309383,-72.6441324758352,41,221,681536.657941026,5126478.32235284,-4.534
46.2675501378678,-72.6415392349383,41,222,681736.657941025,5126478.32235285,-8.338
46.2674965860273,-72.6389460014069,41,223,681936.657941029,5126478.32235287,-10.548
46.2674429754172,-72.6363527752491,41,224,682136.657941029,5126478.32235288,-12.898
46.2673893060379,-72.6337595564728,41,225,682336.657941026,5126478.3223529,-13.848
46.26733557789,-72.6311663450862,41,226,682536.657941031,5126478.32235291,-10.948
46.2672817909737,-72.6285731410974,41,227,682736.657941028,5126478.32235292,-13.808
46.2672279452897,-72.6259799445143,41,228,682936.657941032,5126478.32235294,-15.628
46.2671740408382,-72.6233867553451,41,229,683136.657941031,5126478.32235295,-15.678
46.2671200776197,-72.6207935735977,41,230,683336.657941032,5126478.32235297,-14.648
46.2670660556347,-72.6182003992804,41,231,683536.657941031,5126478.32235298,-12.898
46.2670119748836,-72.615607232401,41,232,683736.657941032,5126478.322353,-1.136
46.2685056455126,-72.7790636353986,42,169,671136.657941005,5126278.32235208,-0.348
46.2684552122152,-72.7764701073156,42,170,671336.657941006,5126278.3223521,-0.335
46.2684047201296,-72.7738765861778,42,171,671536.657941007,5126278.32235211,-0.431
46.2683541692562,-72.7712830719934,42,172,671736.657941006,5126278.32235213,-0.611
46.2683035595955,-72.7686895647704,42,173,671936.657941005,5126278.32235214,-0.68
46.2682528911477,-72.7660960645168,42,174,672136.657941007,5126278.32235216,-0.687
46.2682021639135,-72.7635025712408,42,175,672336.657941009,5126278.32235217,-0.759
46.2681513778931,-72.7609090849504,42,176,672536.65794101,5126278.32235218,-0.776
46.268100533087,-72.7583156056536,42,177,672736.657941007,5126278.3223522,-0.86
46.2680496294955,-72.7557221333586,42,178,672936.657941008,5126278.32235221,-0.865
46.2679986671192,-72.7531286680734,42,179,673136.657941013,5126278.32235223,-0.857
46.2679476459583,-72.7505352098061,42,180,673336.657941009,5126278.32235224,-0.974
46.2678965660134,-72.7479417585646,42,181,673536.657941014,5126278.32235226,-1.201
46.2678454272848,-72.7453483143572,42,182,673736.657941014,5126278.32235227,-1.965
46.267794229773,-72.7427548771919,42,183,673936.657941011,5126278.32235228,-2.278
46.2677429734783,-72.7401614470767,42,184,674136.657941016,5126278.3223523,-2.49
46.2676916584011,-72.7375680240196,42,185,674336.657941013,5126278.32235232,-2.498
46.267640284542,-72.7349746080289,42,186,674536.657941014,5126278.32235233,-2.56
46.2675888519013,-72.7323811991125,42,187,674736.657941016,5126278.32235235,-2.505
46.2675373604793,-72.7297877972784,42,188,674936.657941017,5126278.32235236,-2.486
46.2674858102766,-72.7271944025349,42,189,675136.657941018,5126278.32235237,-2.487
46.2674342012936,-72.7246010148898,42,190,675336.65794102,5126278.32235239,-2.586
46.2673825335306,-72.7220076343514,42,191,675536.657941018,5126278.3223524,-2.728
46.2673308069881,-72.7194142609276,42,192,675736.657941019,5126278.32235242,-2.632
46.2672790216665,-72.7168208946266,42,193,675936.65794102,5126278.32235243,-2.544
46.2672271775662,-72.7142275354563,42,194,676136.657941021,5126278.32235244,-2.653
46.2671752746876,-72.7116341834249,42,195,676336.657941022,5126278.32235246,-2.694
46.2671233130313,-72.7090408385404,42,196,676536.657941022,5126278.32235247,-2.602
46.2670712925974,-72.7064475008109,42,197,676736.657941022,5126278.32235249,-2.431
46.2670192133866,-72.7038541702444,42,198,676936.657941025,5126278.3223525,-2.4
46.2669670753992,-72.701260846849,42,199,677136.657941024,5126278.32235252,-2.5
46.2669148786356,-72.6986675306328,42,200,677336.657941025,5126278.32235253,-2.564
46.2668626230963,-72.6960742216039,42,201,677536.657941025,5126278.32235255,-2.52
46.2668103087817,-72.6934809197703,42,202,677736.657941028,5126278.32235256,-2.369
46.2667579356921,-72.69088762514,42,203,677936.657941026,5126278.32235258,-2.174
46.2667055038281,-72.6882943377211,42,204,678136.657941029,5126278.32235259,-2.177
46.2666530131901,-72.6857010575218,42,205,678336.657941028,5126278.3223526,-2.203
46.2666004637784,-72.6831077845499,42,206,678536.657941031,5126278.32235262,-2.179
46.2665478555935,-72.6805145188138,42,207,678736.657941029,5126278.32235263,-2.283
46.2664951886358,-72.6779212603212,42,208,678936.657941031,5126278.32235265,-2.545
46.2664424629058,-72.6753280090805,42,209,679136.657941032,5126278.32235266,-2.687
46.2663896784039,-72.6727347650995,42,210,679336.657941033,5126278.32235268,-2.895
46.2663368351304,-72.6701415283864,42,211,679536.657941031,5126278.32235269,-3.395
46.2662839330859,-72.6675482989493,42,212,679736.657941033,5126278.3223527,-4.298
46.2662309722707,-72.6649550767961,42,213,679936.657941035,5126278.32235272,-4.973
46.2661779526853,-72.662361861935,42,214,680136.657941033,5126278.32235274,-5.349
46.2661248743302,-72.659768654374,42,215,680336.657941035,5126278.32235275,-5.757
46.2660717372056,-72.6571754541212,42,216,680536.657941039,5126278.32235277,-4.257
46.2660185413122,-72.6545822611846,42,217,680736.657941038,5126278.32235278,-8.068
46.2659652866502,-72.6519890755723,42,218,680936.657941036,5126278.32235279,-8.398
46.2659119732201,-72.6493958972924,42,219,681136.65794104,5126278.32235281,-8.078
46.2658586010225,-72.6468027263529,42,220,681336.657941037,5126278.32235282,-2.942
46.2658051700575,-72.6442095627619,42,221,681536.65794104,5126278.32235283,-10.238
46.2657516803259,-72.6416164065274,42,222,681736.65794104,5126278.32235285,-9.708
46.2656981318278,-72.6390232576576,42,223,681936.65794104,5126278.32235287,-10.198
46.2656445245639,-72.6364301161604,42,224,682136.65794104,5126278.32235288,-10.948
46.2655908585345,-72.6338369820439,42,225,682336.657941045,5126278.3223529,-10.418
46.26553713374,-72.6312438553162,42,226,682536.657941043,5126278.32235291,-14.858
46.2654833501809,-72.6286507359854,42,227,682736.657941046,5126278.32235293,-16.218
46.2654295078576,-72.6260576240595,42,228,682936.657941045,5126278.32235294,-16.038
46.2653756067706,-72.6234645195466,42,229,683136.657941048,5126278.32235295,-15.408
46.2653216469203,-72.6208714224546,42,230,683336.657941047,5126278.32235297,-8.708
46.2652676283071,-72.6182783327918,42,231,683536.657941047,5126278.32235298,-1.309
46.2652135509314,-72.6156852505661,42,232,683736.657941047,5126278.322353,-0.328
46.2668579531393,-72.7869166835035,43,166,670536.657941014,5126078.32235204,-0.208
46.266807699346,-72.784323219334,43,167,670736.657941017,5126078.32235205,-0.247
46.266757386767,-72.7817297620848,43,168,670936.657941017,5126078.32235207,-0.465
46.2667070154027,-72.7791363117638,43,169,671136.65794102,5126078.32235208,-0.511
46.2666565852534,-72.7765428683792,43,170,671336.65794102,5126078.3223521,-0.596
46.2666060963196,-72.773949431939,43,171,671536.657941019,5126078.32235211,-0.669
46.2665555486017,-72.7713560024514,43,172,671736.65794102,5126078.32235213,-0.799
46.2665049421001,-72.7687625799243,43,173,671936.65794102,5126078.32235214,-0.847
46.2664542768152,-72.7661691643659,43,174,672136.657941022,5126078.32235215,-0.809
46.2664035527474,-72.7635757557841,43,175,672336.657941023,5126078.32235217,-0.875
46.2663527698972,-72.7609823541872,43,176,672536.657941021,5126078.32235218,-0.931
46.2663019282649,-72.758388959583,43,177,672736.657941023,5126078.3223522,-0.987
46.2662510278509,-72.7557955719798,43,178,672936.657941027,5126078.32235221,-1.148
46.2662000686557,-72.7532021913856,43,179,673136.657941026,5126078.32235223,-1.097
46.2661490506797,-72.7506088178084,43,180,673336.657941027,5126078.32235224,-1.322
46.2660979739232,-72.7480154512563,43,181,673536.657941027,5126078.32235226,-2.07
46.2660468383867,-72.7454220917373,43,182,673736.657941025,5126078.32235227,-2.362
46.2659956440706,-72.7428287392596,43,183,673936.65794103,5126078.32235228,-2.434
46.2659443909754,-72.7402353938312,43,184,674136.657941029,5126078.3223523,-2.628
46.2658930791014,-72.7376420554601,43,185,674336.657941027,5126078.32235232,-2.571
46.265841708449,-72.7350487241545,43,186,674536.657941031,5126078.32235233,-2.535
46.2657902790187,-72.7324553999224,43,187,674736.657941029,5126078.32235234,-2.557
46.2657387908109,-72.7298620827718,43,188,674936.657941033,5126078.32235236,-2.523
46.2656872438259,-72.7272687727109,43,189,675136.657941032,5126078.32235237,-2.744
46.2656356380643,-72.7246754697476,43,190,675336.657941032,5126078.32235239,-2.777
46.2655839735264,-72.7220821738901,43,191,675536.657941035,5126078.3223524,-2.714
46.2655322502127,-72.7194888851464,43,192,675736.657941034,5126078.32235241,-2.56
46.2654804681235,-72.7168956035246,43,193,675936.657941036,5126078.32235243,-2.737
46.2654286272593,-72.7143023290327,43,194,676136.657941038,5126078.32235245,-2.763
46.2653767276204,-72.7117090616788,43,195,676336.657941034,5126078.32235246,-2.674
46.2653247692075,-72.709115801471,43,196,676536.657941034,5126078.32235248,-2.559
46.2652727520207,-72.7065225484174,43,197,676736.657941037,5126078.32235249,-2.544
46.2652206760606,-72.7039293025259,43,198,676936.657941038,5126078.3223525,-2.634
46.2651685413276,-72.7013360638047,43,199,677136.657941038,5126078.32235252,-2.572
46.2651163478221,-72.6987428322618,43,200,677336.65794104,5126078.32235253,-2.891
46.2650640955444,-72.6961496079053,43,201,677536.657941039,5126078.32235255,-2.952
46.2650117844952,-72.6935563907433,43,202,677736.657941041,5126078.32235256,-2.948
46.2649594146747,-72.6909631807837,43,203,677936.657941043,5126078.32235258,-2.907
46.2649069860834,-72.6883699780348,43,204,678136.657941044,5126078.32235259,-3.022
46.2648544987217,-72.6857767825044,43,205,678336.657941045,5126078.3223526,-3.298
46.26480195259,-72.6831835942008,43,206,678536.657941042,5126078.32235262,-3.736
46.2647493476888,-72.680590413132,43,207,678736.657941044,5126078.32235263,-3.594
46.2646966840185,-72.6779972393059,43,208,678936.657941046,5126078.32235265,-3.862
46.2646439615795,-72.6754040727308,43,209,679136.657941047,5126078.32235266,-4.17
46.2645911803723,-72.6728109134145,43,210,679336.657941048,5126078.32235268,-9.358
46.2645383403972,-72.6702177613653,43,211,679536.657941047,5126078.32235269,-9.848
46.2644854416546,-72.6676246165912,43,212,679736.65794105,5126078.32235271,-10.388
46.2644324841451,-72.6650314791002,43,213,679936.65794105,5126078.32235272,-9.708
46.2643794678691,-72.6624383489004,43,214,680136.657941049,5126078.32235274,-9.088
46.2643263928269,-72.6598452259998,43,215,680336.657941052,5126078.32235275,-10.038
46.264273259019,-72.6572521104065,43,216,680536.65794105,5126078.32235276,-9.388
46.2642200664458,-72.6546590021287,43,217,680736.657941051,5126078.32235278,-9.468
46.2641668151078,-72.6520659011742,43,218,680936.657941053,5126078.32235279,-9.038
46.2641135050054,-72.6494728075512,43,219,681136.657941054,5126078.32235281,-8.978
46.264060136139,-72.6468797212679,43,220,681336.657941052,5126078.32235282,-10.028
46.2640067085091,-72.6442866423321,43,221,681536.657941055,5126078.32235284,-10.628
46.263953222116,-72.641693570752,43,222,681736.657941057,5126078.32235285,-8.098
46.2638996769603,-72.6391005065356,43,223,681936.657941057,5126078.32235287,-9.878
46.2638460730423,-72.636507449691,43,224,682136.657941059,5126078.32235288,-13.888
46.2637924103624,-72.6339144002262,43,225,682336.657941057,5126078.3223529,-14.658
46.2637386889212,-72.6313213581494,43,226,682536.65794106,5126078.32235291,-16.868
46.2636849087191,-72.6287283234686,43,227,682736.657941058,5126078.32235293,-16.668
46.2636310697564,-72.6261352961917,43,228,682936.65794106,5126078.32235294,-14.928
46.2635771720336,-72.623542276327,43,229,683136.657941061,5126078.32235296,-2.941
46.2635232155512,-72.6209492638824,43,230,683336.65794106,5126078.32235297,-1.111
46.2634692003095,-72.6183562588661,43,231,683536.65794106,5126078.32235298,-0.622
46.266149954708,-72.8440451816282,44,144,666136.657941016,5125878.32235172,-0.203
46.2661009973592,-72.8414516519654,44,145,666336.657941017,5125878.32235173,-0.168
46.2660519812195,-72.8388581290445,44,146,666536.657941019,5125878.32235175,-0.124
46.2660029062893,-72.8362646128736,44,147,666736.65794102,5125878.32235176,-0.304
46.265953772569,-72.8336711034608,44,148,666936.657941019,5125878.32235178,-0.377
46.2658060186715,-72.8258906158513,44,151,667536.657941022,5125878.32235182,-0.249
46.2657566497947,-72.8232971335514,44,152,667736.65794102,5125878.32235183,-0.276
46.2657072221299,-72.82070365805,44,153,667936.657941024,5125878.32235185,-0.321
46.2656577356773,-72.8181101893549,44,154,668136.657941025,5125878.32235186,-0.24
46.2656081904374,-72.8155167274745,44,155,668336.657941025,5125878.32235188,-0.068
46.2651596379155,-72.7921758785358,44,164,670136.657941032,5125878.32235201,-0.47
46.2651095048246,-72.7895824852444,44,165,670336.657941031,5125878.32235202,-0.386
46.2650593129507,-72.7869890988564,44,166,670536.65794103,5125878.32235204,-0.415
46.2650090622944,-72.7843957193797,44,167,670736.657941032,5125878.32235205,-0.596
46.2649587528561,-72.7818023468224,44,168,670936.657941034,5125878.32235207,-0.782
46.264908384636,-72.7792089811926,44,169,671136.657941034,5125878.32235208,-0.774
46.2648579576347,-72.7766156224984,44,170,671336.657941031,5125878.3223521,-0.768
46.2648074718525,-72.7740222707477,44,171,671536.657941035,5125878.32235211,-0.797
46.2647569272899,-72.7714289259488,44,172,671736.657941035,5125878.32235212,-0.869
46.2647063239472,-72.7688355881096,44,173,671936.657941034,5125878.32235214,-0.987
46.264655661825,-72.7662422572382,44,174,672136.657941037,5125878.32235215,-0.93
46.2646049409234,-72.7636489333427,44,175,672336.657941035,5125878.32235217,-0.954
46.2645541612431,-72.7610556164311,44,176,672536.657941037,5125878.32235218,-0.984
46.2645033227844,-72.7584623065115,44,177,672736.657941037,5125878.3223522,-1.114
46.2644524255477,-72.7558690035921,44,178,672936.657941038,5125878.32235221,-1.377
46.2644014695334,-72.7532757076807,44,179,673136.657941041,5125878.32235223,-1.576
46.2643504547419,-72.7506824187856,44,180,673336.657941041,5125878.32235224,-2.23
46.2642993811737,-72.7480891369147,44,181,673536.657941042,5125878.32235225,-2.709
46.2642482488291,-72.7454958620762,44,182,673736.65794104,5125878.32235227,-2.649
46.2641970577087,-72.742902594278,44,183,673936.657941044,5125878.32235228,-2.695
46.2641458078126,-72.7403093335284,44,184,674136.657941043,5125878.3223523,-2.741
46.2640944991415,-72.7377160798352,44,185,674336.657941044,5125878.32235231,-2.642
46.2640431316957,-72.7351228332067,44,186,674536.657941044,5125878.32235233,-2.756
46.2639917054757,-72.7325295936508,44,187,674736.657941046,5125878.32235234,-3.067
46.2639402204817,-72.7299363611756,44,188,674936.657941047,5125878.32235236,-3.16
46.2638886767143,-72.7273431357892,44,189,675136.657941049,5125878.32235237,-3.183
46.2638370741739,-72.7247499174996,44,190,675336.657941045,5125878.32235238,-3.322
46.2637854128609,-72.722156706315,44,191,675536.657941047,5125878.3223524,-3.472
46.2637336927757,-72.7195635022433,44,192,675736.657941051,5125878.32235241,-3.421
46.2636819139187,-72.7169703052926,44,193,675936.65794105,5125878.32235243,-3.522
46.2636300762904,-72.7143771154711,44,194,676136.657941048,5125878.32235244,-3.705
46.2635781798911,-72.7117839327867,44,195,676336.65794105,5125878.32235246,-3.524
46.2635262247213,-72.7091907572476,44,196,676536.657941053,5125878.32235247,-3.204
46.2634742107814,-72.7065975888617,44,197,676736.657941051,5125878.32235249,-3.481
46.2634221380718,-72.7040044276372,44,198,676936.657941054,5125878.3223525,-3.546
46.263370006593,-72.7014112735821,44,199,677136.657941052,5125878.32235252,-3.625
46.2633178163453,-72.6988181267044,44,200,677336.657941054,5125878.32235253,-4.124
46.2632655673292,-72.6962249870123,44,201,677536.657941054,5125878.32235255,-11.778
46.2632132595451,-72.6936318545138,44,202,677736.657941054,5125878.32235256,-12.918
46.2631608929934,-72.6910387292169,44,203,677936.657941055,5125878.32235258,-13.068
46.2631084676746,-72.6884456111298,44,204,678136.657941055,5125878.32235259,-13.318
46.2630559835891,-72.6858525002605,44,205,678336.65794106,5125878.3223526,-13.488
46.2630034407372,-72.6832593966169,44,206,678536.657941059,5125878.32235262,-13.498
46.2629508391195,-72.6806663002073,44,207,678736.657941062,5125878.32235263,-13.498
46.2628981787364,-72.6780732110397,44,208,678936.657941062,5125878.32235265,-13.668
46.2628454595881,-72.6754801291221,44,209,679136.657941061,5125878.32235266,-13.198
46.2627926816753,-72.6728870544625,44,210,679336.657941062,5125878.32235268,-10.798
46.2627398449984,-72.6702939870692,44,211,679536.657941064,5125878.32235269,-10.538
46.2626869495576,-72.66770092695,44,212,679736.657941063,5125878.3223527,-10.148
46.2626339953536,-72.6651078741131,44,213,679936.657941062,5125878.32235272,-9.848
46.2625809823866,-72.6625148285665,44,214,680136.657941065,5125878.32235274,-9.248
46.2625279106572,-72.6599217903183,44,215,680336.657941064,5125878.32235275,-10.328
46.2624747801657,-72.6573287593765,44,216,680536.657941065,5125878.32235276,-10.448
46.2624215909127,-72.6547357357493,44,217,680736.657941066,5125878.32235278,-10.058
46.2623683428984,-72.6521427194446,44,218,680936.657941068,5125878.32235279,-10.388
46.2623150361234,-72.6495497104706,44,219,681136.657941068,5125878.32235281,-12.528
46.2622616705881,-72.6469567088352,44,220,681336.657941068,5125878.32235282,-11.878
46.2622082462929,-72.6443637145466,44,221,681536.65794107,5125878.32235284,-13.008
46.2621547632383,-72.6417707276127,44,222,681736.65794107,5125878.32235285,-14.558
46.2621012214246,-72.6391777480418,44,223,681936.657941071,5125878.32235287,-14.918
46.2620476208523,-72.6365847758417,44,224,682136.657941074,5125878.32235288,-14.808
46.2619939615219,-72.6339918110207,44,225,682336.657941071,5125878.3223529,-15.898
46.2619402434337,-72.6313988535866,44,226,682536.657941074,5125878.32235291,-16.058
46.2618864665882,-72.6288059035477,44,227,682736.657941074,5125878.32235293,-13.498
46.2618326309859,-72.6262129609119,44,228,682936.657941073,5125878.32235294,-2.119
46.2617787366272,-72.6236200256873,44,229,683136.657941074,5125878.32235295,-0.934
46.2617247835125,-72.621027097882,44,230,683336.657941076,5125878.32235297,-0.669
46.2644489780037,-72.8493026369114,45,142,665736.657941028,5125678.32235169,-0.158
46.2644001412867,-72.8467091784931,45,143,665936.657941031,5125678.3223517,-0.223
46.2643512457816,-72.8441157267998,45,144,666136.657941032,5125678.32235172,-0.364
46.264302291489,-72.8415222818395,45,145,666336.657941032,5125678.32235173,-0.4
46.2642532784091,-72.8389288436204,45,146,666536.657941035,5125678.32235175,-0.448
46.2642042065424,-72.8363354121505,45,147,666736.657941034,5125678.32235176,-0.415
46.2641550758892,-72.8337419874378,45,148,666936.657941035,5125678.32235178,-0.389
46.2640073312151,-72.825961753924,45,151,667536.657941036,5125678.32235182,-0.272
46.2639579654201,-72.823368356321,45,152,667736.657941037,5125678.32235183,-0.329
46.2639085408408,-72.8207749655156,45,153,667936.657941035,5125678.32235185,-0.446
46.2638590574773,-72.8181815815159,45,154,668136.657941037,5125678.32235186,-0.457
46.2638095153302,-72.81558820433,45,155,668336.65794104,5125678.32235188,-0.385
46.2637599143999,-72.8129948339658,45,156,668536.657941039,5125678.32235189,-0.258
46.2634110619902,-72.7948414331047,45,163,669936.657941042,5125678.32235199,-0.306
46.2633609908083,-72.7922481176053,45,164,670136.657941044,5125678.32235201,-0.489
46.2633108608468,-72.7896548090004,45,165,670336.657941043,5125678.32235202,-0.594
46.2632606721061,-72.7870615072979,45,166,670536.657941044,5125678.32235204,-0.693
46.2632104245865,-72.7844682125059,45,167,670736.657941046,5125678.32235205,-0.738
46.2631601182886,-72.7818749246326,45,168,670936.657941048,5125678.32235206,-0.825
46.2631097532126,-72.7792816436859,45,169,671136.657941048,5125678.32235208,-0.847
46.263059329359,-72.7766883696739,45,170,671336.657941048,5125678.3223521,-0.914
46.2630088467283,-72.7740951026047,45,171,671536.65794105,5125678.32235211,-0.999
46.2629583053207,-72.7715018424864,45,172,671736.657941051,5125678.32235213,-1.01
46.2629077051368,-72.768908589327,45,173,671936.657941051,5125678.32235214,-1.082
46.2628570461769,-72.7663153431346,45,174,672136.65794105,5125678.32235215,-1.107
46.2628063284415,-72.7637221039173,45,175,672336.65794105,5125678.32235217,-1.053
46.2627555519309,-72.761128871683,45,176,672536.657941054,5125678.32235218,-1.152
46.2627047166456,-72.75853564644,45,177,672736.657941055,5125678.3223522,-1.417
46.2626538225859,-72.7559424281961,45,178,672936.657941055,5125678.32235221,-1.637
46.2626028697523,-72.7533492169597,45,179,673136.657941053,5125678.32235222,-2.434
46.2625518581452,-72.7507560127385,45,180,673336.657941053,5125678.32235224,-3.171
46.2625007877651,-72.7481628155408,45,181,673536.657941054,5125678.32235225,-3.026
46.2624496586122,-72.7455696253746,45,182,673736.657941057,5125678.32235227,-2.831
46.2623984706871,-72.742976442248,45,183,673936.657941057,5125678.32235229,-2.713
46.2623472239901,-72.740383266169,45,184,674136.657941059,5125678.3223523,-3.157
46.2622959185217,-72.7377900971457,45,185,674336.657941057,5125678.32235231,-3.153
46.2622445542822,-72.7351969351861,45,186,674536.65794106,5125678.32235233,-3.421
46.2621931312722,-72.7326037802984,45,187,674736.657941059,5125678.32235234,-3.594
46.2621416494919,-72.7300106324905,45,188,674936.657941059,5125678.32235236,-3.707
46.2620901089419,-72.7274174917706,45,189,675136.657941063,5125678.32235237,-3.51
46.2620385096225,-72.7248243581467,45,190,675336.657941062,5125678.32235239,-3.694
46.2619868515341,-72.7222312316268,45,191,675536.657941061,5125678.3223524,-3.873
46.2619351346773,-72.7196381122191,45,192,675736.657941063,5125678.32235241,-3.793
46.2618833590523,-72.7170449999316,45,193,675936.657941064,5125678.32235243,-3.719
46.2618315246596,-72.7144518947723,45,194,676136.657941064,5125678.32235244,-3.541
46.2617796314996,-72.7118587967494,45,195,676336.657941064,5125678.32235246,-3.655
46.2617276795728,-72.7092657058708,45,196,676536.657941064,5125678.32235247,-3.977
46.2616756688796,-72.7066726221446,45,197,676736.657941065,5125678.32235249,-4.292
46.2616235994203,-72.704079545579,45,198,676936.657941068,5125678.3223525,-4.996
46.2615714711954,-72.7014864761819,45,199,677136.657941066,5125678.32235252,-12.908
46.2615192842054,-72.6988934139615,45,200,677336.657941066,5125678.32235253,-13.528
46.2614670384506,-72.6963003589257,45,201,677536.657941069,5125678.32235254,-14.428
46.2614147339314,-72.6937073110826,45,202,677736.657941069,5125678.32235256,-14.738
46.2613623706484,-72.6911142704404,45,203,677936.657941072,5125678.32235257,-14.648
46.2613099486018,-72.6885212370071,45,204,678136.657941073,5125678.32235259,-14.518
46.2612574677922,-72.6859282107906,45,205,678336.657941073,5125678.3223526,-14.708
46.26120492822,-72.6833351917992,45,206,678536.657941071,5125678.32235262,-14.588
46.2611523298856,-72.6807421800408,45,207,678736.657941074,5125678.32235263,-14.468
46.2610996727893,-72.6781491755235,45,208,678936.657941075,5125678.32235265,-14.438
46.2610469569317,-72.6755561782553,45,209,679136.657941075,5125678.32235266,-14.268
46.2609941823131,-72.6729631882444,45,210,679336.657941077,5125678.32235267,-14.348
46.2609413489341,-72.6703702054988,45,211,679536.657941077,5125678.32235269,-13.888
46.2608884567949,-72.6677772300265,45,212,679736.657941078,5125678.3223527,-13.538
46.2608355058961,-72.6651842618356,45,213,679936.657941076,5125678.32235272,-13.828
46.260782496238,-72.6625913009342,45,214,680136.657941077,5125678.32235273,-14.018
46.2607294278212,-72.6599983473303,45,215,680336.657941078,5125678.32235275,-13.718
46.2606763006459,-72.657405401032,45,216,680536.657941082,5125678.32235276,-13.498
46.2606231147128,-72.6548124620474,45,217,680736.657941081,5125678.32235278,-13.508
46.260569870022,-72.6522195303844,45,218,680936.657941084,5125678.32235279,-13.658
46.2605165665742,-72.6496266060512,45,219,681136.657941082,5125678.32235281,-14.648
46.2604632043698,-72.6470336890558,45,220,681336.657941083,5125678.32235282,-14.308
46.2604097834091,-72.6444407794063,45,221,681536.657941082,5125678.32235284,-14.888
46.2603563036926,-72.6418478771107,45,222,681736.657941087,5125678.32235285,-14.868
46.2603027652208,-72.6392549821771,45,223,681936.657941083,5125678.32235286,-14.488
46.260249167994,-72.6366620946135,45,224,682136.657941085,5125678.32235288,-13.798
46.2601955120128,-72.634069214428,45,225,682336.657941086,5125678.32235289,-12.618
46.2601417972774,-72.6314763416287,45,226,682536.657941086,5125678.32235291,-9.628
46.2600880237885,-72.6288834762237,45,227,682736.657941087,5125678.32235292,-1.162
46.2600341915463,-72.6262906182209,45,228,682936.65794109,5125678.32235294,-0.834
46.2599803005514,-72.6236977676284,45,229,683136.657941089,5125678.32235295,-0.704
46.2599263508041,-72.6211049244543,45,230,683336.65794109,5125678.32235296,-0.373
46.2626990372084,-72.851966386397,46,141,665536.657941044,5125478.32235167,-0.114
46.2626502623247,-72.8493730059587,46,142,665736.657941045,5125478.32235169,-0.296
46.2626014286563,-72.8467796322364,46,143,665936.657941046,5125478.3223517,-0.392
46.2625525362036,-72.8441862652384,46,144,666136.657941047,5125478.32235172,-0.522
46.2625035849669,-72.8415929049726,46,145,666336.657941045,5125478.32235173,-0.515
46.2624545749466,-72.8389995514471,46,146,666536.657941046,5125478.32235175,-0.517
46.2624055061432,-72.8364062046701,46,147,666736.657941049,5125478.32235176,-0.451
46.262356378557,-72.8338128646495,46,148,666936.657941047,5125478.32235177,-0.407
46.2623071921884,-72.8312195313934,46,149,667136.657941047,5125478.32235179,-0.27
46.2622579470378,-72.8286262049099,46,150,667336.65794105,5125478.3223518,-0.224
46.2622086431056,-72.826032885207,46,151,667536.657941052,5125478.32235182,-0.36
46.2621592803923,-72.8234395722929,46,152,667736.657941049,5125478.32235183,-0.361
46.2621098588982,-72.8208462661756,46,153,667936.657941052,5125478.32235185,-0.497
46.2620603786237,-72.8182529668632,46,154,668136.657941051,5125478.32235186,-0.584
46.2620108395691,-72.8156596743637,46,155,668336.657941052,5125478.32235187,-0.539
46.2619612417351,-72.8130663886851,46,156,668536.657941054,5125478.32235189,-0.474
46.2619115851218,-72.8104731098356,46,157,668736.657941053,5125478.32235191,-0.241
46.2617123708849,-72.8001000628897,46,161,669536.657941059,5125478.32235196,-0.262
46.2616624203817,-72.7975068183065,46,162,669736.657941058,5125478.32235198,-0.419
46.2616124111017,-72.7949135806007,46,163,669936.65794106,5125478.32235199,-0.481
46.2615623430454,-72.7923203497805,46,164,670136.657941057,5125478.32235201,-0.63
46.2615122162131,-72.7897271258539,46,165,670336.65794106,5125478.32235202,-0.737
46.2614620306053,-72.7871339088289,46,166,670536.657941059,5125478.32235204,-0.819
46.2614117862223,-72.7845406987136,46,167,670736.65794106,5125478.32235205,-0.862
46.2613614830646,-72.7819474955161,46,168,670936.65794106,5125478.32235207,-1.042
46.2613111211325,-72.7793542992444,46,169,671136.657941062,5125478.32235208,-1.142
46.2612607004264,-72.7767611099067,46,170,671336.657941063,5125478.32235209,-1.163
46.2612102209469,-72.7741679275109,46,171,671536.657941065,5125478.32235211,-1.231
46.2611596826942,-72.7715747520651,46,172,671736.657941062,5125478.32235213,-1.207
46.2611090856688,-72.7689815835775,46,173,671936.657941064,5125478.32235214,-1.255
46.2610584298711,-72.766388422056,46,174,672136.657941065,5125478.32235215,-1.332
46.2610077153015,-72.7637952675087,46,175,672336.657941066,5125478.32235217,-1.3
46.2609569419605,-72.7612021199438,46,176,672536.657941066,5125478.32235218,-1.472
46.2609061098483,-72.7586089793692,46,177,672736.657941066,5125478.3223522,-1.738
46.2608552189655,-72.7560158457929,46,178,672936.657941068,5125478.32235221,-2.742
46.2608042693125,-72.7534227192232,46,179,673136.657941069,5125478.32235222,-3.439
46.2607532608896,-72.750829599668,46,180,673336.657941068,5125478.32235224,-3.295
46.2607021936972,-72.7482364871354,46,181,673536.657941071,5125478.32235225,-3.13
46.2606510677359,-72.7456433816335,46,182,673736.65794107,5125478.32235227,-3.067
46.2605998830059,-72.7430502831703,46,183,673936.657941072,5125478.32235228,-3.144
46.2605486395077,-72.740457191754,46,184,674136.657941071,5125478.3223523,-3.492
46.2604973372418,-72.7378641073924,46,185,674336.657941072,5125478.32235231,-3.644
46.2604459762085,-72.7352710300938,46,186,674536.657941073,5125478.32235233,-3.921
46.2603945564083,-72.7326779598662,46,187,674736.657941075,5125478.32235234,-3.901
46.2603430778415,-72.7300848967176,46,188,674936.657941073,5125478.32235236,-3.935
46.2602915405086,-72.7274918406561,46,189,675136.657941076,5125478.32235237,-3.945
46.26023994441,-72.7248987916897,46,190,675336.657941077,5125478.32235239,-3.954
46.2601882895461,-72.7223057498266,46,191,675536.657941079,5125478.3223524,-4.055
46.2601365759174,-72.7197127150748,46,192,675736.657941078,5125478.32235241,-3.696
46.2600848035241,-72.7171196874423,46,193,675936.657941077,5125478.32235243,-3.506
46.2600329723669,-72.7145266669372,46,194,676136.657941081,5125478.32235244,-3.701
46.2599810824461,-72.7119336535676,46,195,676336.65794108,5125478.32235246,-4.293
46.259929133762,-72.7093406473416,46,196,676536.657941079,5125478.32235247,-9.018
46.2598771263152,-72.7067476482671,46,197,676736.657941081,5125478.32235249,-13.078
46.259825060106,-72.7041546563523,46,198,676936.657941081,5125478.3223525,-14.448
46.2597729351349,-72.7015616716052,46,199,677136.657941083,5125478.32235252,-14.378
46.2597207514023,-72.6989686940338,46,200,677336.657941084,5125478.32235253,-14.388
46.2596685089085,-72.6963757236463,46,201,677536.657941084,5125478.32235254,-14.388
46.2596162076542,-72.6937827604507,46,202,677736.657941082,5125478.32235256,-13.708
46.2595638476395,-72.691189804455,46,203,677936.657941084,5125478.32235257,-13.638
46.259511428865,-72.6885968556674,46,204,678136.657941086,5125478.32235259,-13.468
46.2594589513312,-72.6860039140958,46,205,678336.657941087,5125478.3223526,-13.578
46.2594064150383,-72.6834109797483,46,206,678536.657941087,5125478.32235262,-13.658
46.2593538199869,-72.6808180526331,46,207,678736.657941088,5125478.32235263,-13.498
46.2593011661774,-72.6782251327581,46,208,678936.657941088,5125478.32235265,-13.568
46.2592484536101,-72.6756322201314,46,209,679136.657941088,5125478.32235266,-13.648
46.2591956822856,-72.673039314761,46,210,679336.65794109,5125478.32235267,-13.928
46.2591428522043,-72.6704464166551,46,211,679536.65794109,5125478.32235269,-13.958
46.2590899633665,-72.6678535258216,46,212,679736.657941091,5125478.3223527,-13.408
46.2590370157727,-72.6652606422687,46,213,679936.657941094,5125478.32235272,-13.568
46.2589840094233,-72.6626677660045,46,214,680136.657941096,5125478.32235273,-13.898
46.2589309443188,-72.6600748970368,46,215,680336.657941094,5125478.32235275,-13.848
46.2588778204595,-72.6574820353739,46,216,680536.657941094,5125478.32235276,-14.038
46.258824637846,-72.6548891810237,46,217,680736.657941098,5125478.32235278,-14.658
46.2587713964786,-72.6522963339944,46,218,680936.657941098,5125478.32235279,-14.658
46.2587180963578,-72.649703494294,46,219,681136.657941096,5125478.32235281,-15.768
46.258664737484,-72.6471106619305,46,220,681336.657941098,5125478.32235282,-14.228
46.2586113198576,-72.644517836912,46,221,681536.657941099,5125478.32235283,-13.778
46.2585578434791,-72.6419250192466,46,222,681736.6579411,5125478.32235285,-12.978
46.2585043083489,-72.6393322089423,46,223,681936.657941099,5125478.32235286,-12.828
46.2584507144675,-72.6367394060072,46,224,682136.657941102,5125478.32235288,-9.928
46.2583970618351,-72.6341466104492,46,225,682336.6579411,5125478.32235289,-0.805
46.2583433504524,-72.6315538222766,46,226,682536.657941104,5125478.32235291,-0.766
46.2582895803197,-72.6289610414974,46,227,682736.657941101,5125478.32235292,-0.824
46.2582357514375,-72.6263682681195,46,228,682936.657941103,5125478.32235294,-0.621
46.2581818638061,-72.6237755021511,46,229,683136.657941104,5125478.32235295,-0.365
46.2609490308907,-72.8546299664962,47,140,665336.657941057,5125278.32235166,-0.045
46.2609003178334,-72.8520366640393,47,141,665536.657941057,5125278.32235167,-0.139
46.2608515459945,-72.8494433682898,47,142,665736.657941061,5125278.32235169,-0.159
46.2608027153745,-72.8468500792555,47,143,665936.657941059,5125278.3223517,-0.268
46.2607538259739,-72.8442567969447,47,144,666136.657941062,5125278.32235172,-0.541
46.2607048777929,-72.8416635213653,47,145,666336.657941063,5125278.32235173,-0.509
46.260655870832,-72.8390702525255,47,146,666536.65794106,5125278.32235174,-0.533
46.2606068050917,-72.8364769904332,47,147,666736.65794106,5125278.32235176,-0.508
46.2605576805722,-72.8338837350966,47,148,666936.657941061,5125278.32235177,-0.522
46.260508497274,-72.8312904865237,47,149,667136.657941064,5125278.32235179,-0.299
46.2604592551975,-72.8286972447226,47,150,667336.657941065,5125278.3223518,-0.19
46.2604099543431,-72.8261040097014,47,151,667536.657941063,5125278.32235182,-0.326
46.2603605947111,-72.8235107814681,47,152,667736.657941067,5125278.32235183,-0.442
46.2603111763021,-72.8209175600308,47,153,667936.657941065,5125278.32235185,-0.644
46.2602616991163,-72.8183243453975,47,154,668136.657941067,5125278.32235186,-0.774
46.2602121631542,-72.8157311375763,47,155,668336.657941068,5125278.32235187,-0.71
46.2601625684162,-72.8131379365754,47,156,668536.657941066,5125278.32235189,-0.553
46.2601129149026,-72.8105447424027,47,157,668736.65794107,5125278.3223519,-0.409
46.2599636017128,-72.8027652009347,47,160,669336.657941069,5125278.32235195,-0.413
46.2599137131012,-72.8001720341556,47,161,669536.65794107,5125278.32235196,-0.429
46.259863765716,-72.7975788742451,47,162,669736.657941071,5125278.32235198,-0.654
46.2598137595578,-72.7949857212112,47,163,669936.657941074,5125278.32235199,-0.789
46.2597636946268,-72.7923925750621,47,164,670136.657941073,5125278.32235201,-0.847
46.2597135709236,-72.7897994358057,47,165,670336.657941073,5125278.32235202,-0.97
46.2596633884484,-72.7872063034501,47,166,670536.657941073,5125278.32235203,-0.946
46.2596131472018,-72.7846131780035,47,167,670736.657941075,5125278.32235205,-1.108
46.259562847184,-72.7820200594738,47,168,670936.657941075,5125278.32235206,-1.237
46.2595124883956,-72.7794269478691,47,169,671136.657941076,5125278.32235208,-1.446
46.2594620708369,-72.7768338431975,47,170,671336.657941076,5125278.32235209,-1.439
46.2594115945084,-72.774240745467,47,171,671536.657941077,5125278.32235211,-1.534
46.2593610594104,-72.7716476546858,47,172,671736.65794108,5125278.32235212,-1.404
46.2593104655433,-72.7690545708618,47,173,671936.657941079,5125278.32235214,-1.499
46.2592598129076,-72.7664614940032,47,174,672136.657941079,5125278.32235215,-1.593
46.2592091015037,-72.7638684241179,47,175,672336.65794108,5125278.32235216,-1.956
46.2591583313319,-72.7612753612142,47,176,672536.657941082,5125278.32235218,-2.642
46.2591075023928,-72.7586823052999,47,177,672736.657941082,5125278.3223522,-3.335
46.2590566146866,-72.7560892563832,47,178,672936.65794108,5125278.32235221,-3.702
46.2590056682138,-72.7534962144722,47,179,673136.657941084,5125278.32235222,-3.472
46.2589546629749,-72.7509031795749,47,180,673336.657941085,5125278.32235224,-3.467
46.2589035989702,-72.7483101516994,47,181,673536.657941083,5125278.32235225,-3.487
46.2588524762001,-72.7457171308537,47,182,673736.657941085,5125278.32235227,-3.602
46.2588012946651,-72.7431241170459,47,183,673936.657941083,5125278.32235228,-3.706
46.2587500543656,-72.7405311102841,47,184,674136.657941085,5125278.3223523,-3.832
46.2586987553019,-72.7379381105762,47,185,674336.657941087,5125278.32235231,-3.828
46.2586473974746,-72.7353451179305,47,186,674536.657941088,5125278.32235232,-3.96
46.2585959808839,-72.7327521323549,47,187,674736.657941088,5125278.32235234,-4.099
46.2585445055304,-72.7301591538575,47,188,674936.65794109,5125278.32235235,-4.194
46.2584929714144,-72.7275661824463,47,189,675136.65794109,5125278.32235237,-4.052
46.2584413785364,-72.7249732181295,47,190,675336.657941091,5125278.32235238,-3.812
46.2583897268968,-72.7223802609151,47,191,675536.65794109,5125278.3223524,-3.588
46.258338016496,-72.7197873108111,47,192,675736.657941093,5125278.32235241,-3.577
46.2582862473343,-72.7171943678256,47,193,675936.657941093,5125278.32235243,-4.017
46.2582344194123,-72.7146014319667,47,194,676136.657941092,5125278.32235244,-4.682
46.2581825327304,-72.7120085032424,47,195,676336.657941095,5125278.32235246,-13.298
46.2581305872889,-72.7094155816608,47,196,676536.657941096,5125278.32235247,-14.208
46.2580785830883,-72.7068226672299,47,197,676736.657941097,5125278.32235248,-14.278
46.258026520129,-72.7042297599579,47,198,676936.657941098,5125278.3223525,-14.428
46.2579743984114,-72.7016368598526,47,199,677136.657941097,5125278.32235251,-13.498
46.257922217936,-72.6990439669224,47,200,677336.657941097,5125278.32235253,-13.328
46.2578699787032,-72.6964510811751,47,201,677536.657941097,5125278.32235254,-13.348
46.2578176807133,-72.6938582026188,47,202,677736.6579411,5125278.32235256,-8.478
46.2577653239669,-72.6912653312616,47,203,677936.6579411,5125278.32235257,-6.005
46.2577129084642,-72.6886724671116,47,204,678136.657941101,5125278.32235259,-5.8
46.2576604342059,-72.6860796101768,47,205,678336.657941101,5125278.3223526,-5.605
46.2576079011922,-72.6834867604653,47,206,678536.657941101,5125278.32235262,-5.704
46.2575553094237,-72.6808939179851,47,207,678736.657941104,5125278.32235263,-6.287
46.2575026589006,-72.6783010827444,47,208,678936.657941105,5125278.32235264,-6.639
46.2574499496235,-72.675708254751,47,209,679136.657941103,5125278.32235266,-6.797
46.2573971815928,-72.6731154340132,47,210,679336.657941103,5125278.32235267,-7.043
46.257344354809,-72.6705226205389,47,211,679536.657941107,5125278.32235269,-10.148
46.2572914692723,-72.6679298143362,47,212,679736.657941107,5125278.3223527,-12.418
46.2572385249833,-72.6653370154133,47,213,679936.657941105,5125278.32235272,-12.998
46.2571855219424,-72.662744223778,47,214,680136.657941106,5125278.32235273,-13.118
46.25713246015,-72.6601514394386,47,215,680336.657941108,5125278.32235275,-13.328
46.2570793396066,-72.657558662403,47,216,680536.657941108,5125278.32235276,-14.628
46.2570261603125,-72.6549658926793,47,217,680736.65794111,5125278.32235278,-15.178
46.2569729222682,-72.6523731302756,47,218,680936.65794111,5125278.32235279,-14.298
46.2569196254742,-72.6497803751999,47,219,681136.657941111,5125278.3223528,-14.078
46.2568662699308,-72.6471876274602,47,220,681336.657941111,5125278.32235282,-12.458
46.2568128556385,-72.6445948870647,47,221,681536.657941111,5125278.32235283,-11.278
46.2567593825978,-72.6420021540214,47,222,681736.657941113,5125278.32235285,-1.139
46.256705850809,-72.6394094283384,47,223,681936.657941113,5125278.32235286,-0.605
46.2566522602726,-72.6368167100236,47,224,682136.657941114,5125278.32235288,-0.352
46.256598610989,-72.6342239990852,47,225,682336.657941115,5125278.32235289,-0.326
46.2565449029587,-72.6316312955312,47,226,682536.657941115,5125278.32235291,-0.561
46.256491136182,-72.6290385993697,47,227,682736.657941118,5125278.32235292,-0.482
46.2564373106595,-72.6264459106086,47,228,682936.657941117,5125278.32235294,-0.407
46.2591503078238,-72.8547001527497,48,140,665336.65794107,5125078.32235166,-0.073
46.2591015978073,-72.8521069349744,48,141,665536.657941073,5125078.32235168,-0.121
46.259052829013,-72.8495137239056,48,142,665736.657941074,5125078.32235169,-0.1
46.2590040014412,-72.8469205195513,48,143,665936.657941075,5125078.3223517,-0.271
46.2589551150925,-72.8443273219196,48,144,666136.657941073,5125078.32235172,-0.531
46.2589061699671,-72.8417341310185,48,145,666336.657941076,5125078.32235173,-0.502
46.2588571660654,-72.8391409468562,48,146,666536.657941076,5125078.32235175,-0.509
46.2588081033879,-72.8365477694407,48,147,666736.657941075,5125078.32235176,-0.484
46.258758981935,-72.83395459878,48,148,666936.657941077,5125078.32235178,-0.572
46.258709801707,-72.8313614348823,48,149,667136.657941078,5125078.32235179,-0.4
46.2586605627044,-72.8287682777555,48,150,667336.657941076,5125078.32235181,-0.397
46.2586112649275,-72.8261751274078,48,151,667536.657941078,5125078.32235182,-0.584
46.2585619083768,-72.8235819838472,48,152,667736.657941078,5125078.32235183,-0.769
46.2585124930526,-72.8209888470818,48,153,667936.657941081,5125078.32235185,-0.888
46.2584630189553,-72.8183957171197,48,154,668136.657941081,5125078.32235186,-0.976
46.2584134860854,-72.8158025939689,48,155,668336.657941084,5125078.32235188,-0.592
46.2583638944432,-72.8132094776374,48,156,668536.65794108,5125078.32235189,-0.41
46.2583142440292,-72.8106163681334,48,157,668736.657941083,5125078.32235191,-0.168
46.2582645348437,-72.8080232654649,48,158,668936.657941083,5125078.32235192,-0.258
46.2582147668871,-72.8054301696399,48,159,669136.657941085,5125078.32235193,-0.446
46.2581649401599,-72.8028370806666,48,160,669336.657941084,5125078.32235195,-0.515
46.2581150546624,-72.800243998553,48,161,669536.657941084,5125078.32235197,-0.79
46.2580651103951,-72.7976509233071,48,162,669736.657941086,5125078.32235198,-1.064
46.2580151073584,-72.7950578549371,48,163,669936.657941084,5125078.32235199,-1.244
46.2579650455526,-72.7924647934509,48,164,670136.657941087,5125078.32235201,-1.352
46.2579149249781,-72.7898717388567,48,165,670336.657941087,5125078.32235202,-1.441
46.2578647456355,-72.7872786911625,48,166,670536.65794109,5125078.32235204,-1.483
46.257814507525,-72.7846856503764,48,167,670736.65794109,5125078.32235205,-1.615
46.257764210647,-72.7820926165064,48,168,670936.657941093,5125078.32235207,-1.75
46.2577138550021,-72.7794995895606,48,169,671136.657941092,5125078.32235208,-1.857
46.2576634405905,-72.7769065695471,48,170,671336.657941089,5125078.3223521,-1.947
46.2576129674128,-72.7743135564739,48,171,671536.65794109,5125078.32235211,-2.021
46.2575624354692,-72.7717205503491,48,172,671736.657941093,5125078.32235212,-2.172
46.2575118447603,-72.7691275511808,48,173,671936.657941091,5125078.32235214,-2.396
46.2574611952864,-72.7665345589769,48,174,672136.657941095,5125078.32235215,-2.824
46.2574104870479,-72.7639415737457,48,175,672336.657941096,5125078.32235217,-3.447
46.2573597200453,-72.761348595495,48,176,672536.657941094,5125078.32235218,-3.802
46.2573088942789,-72.7587556242331,48,177,672736.657941094,5125078.3223522,-3.762
46.2572580097491,-72.7561626599679,48,178,672936.657941098,5125078.32235221,-3.752
46.2572070664565,-72.7535697027076,48,179,673136.657941099,5125078.32235222,-3.746
46.2571560644013,-72.7509767524601,48,180,673336.657941099,5125078.32235224,-3.807
46.257105003584,-72.7483838092335,48,181,673536.657941099,5125078.32235225,-3.881
46.257053884005,-72.745790873036,48,182,673736.657941098,5125078.32235227,-3.928
46.2570027056648,-72.7431979438755,48,183,673936.657941099,5125078.32235228,-4.057
46.2569514685637,-72.7406050217601,48,184,674136.657941099,5125078.3223523,-4.029
46.2569001727021,-72.738012106698,48,185,674336.657941101,5125078.32235231,-3.984
46.2568488180804,-72.735419198697,48,186,674536.657941103,5125078.32235233,-4.141
46.2567974046992,-72.7328262977654,48,187,674736.657941103,5125078.32235234,-4.141
46.2567459325588,-72.7302334039111,48,188,674936.657941103,5125078.32235236,-4.024
46.2566944016595,-72.7276405171423,48,189,675136.657941104,5125078.32235237,-3.814
46.2566428120019,-72.7250476374669,48,190,675336.657941107,5125078.32235239,-3.759
46.2565911635863,-72.7224547648931,48,191,675536.657941106,5125078.3223524,-4.134
46.2565394564132,-72.7198618994289,48,192,675736.657941107,5125078.32235241,-4.556
46.2564876904829,-72.7172690410824,48,193,675936.657941107,5125078.32235243,-5.338
46.2564358657959,-72.7146761898615,48,194,676136.657941107,5125078.32235244,-13.588
46.2563839823526,-72.7120833457745,48,195,676336.657941109,5125078.32235246,-13.948
46.2563320401535,-72.7094905088292,48,196,676536.65794111,5125078.32235247,-14.068
46.2562800391989,-72.7068976790339,48,197,676736.657941112,5125078.32235249,-12.858
46.2562279794893,-72.7043048563965,48,198,676936.657941112,5125078.3223525,-12.558
46.2561758610251,-72.7017120409252,48,199,677136.657941111,5125078.32235252,-6.354
46.2561236838067,-72.6991192326279,48,200,677336.657941112,5125078.32235253,-5.787
46.2560714478345,-72.6965264315128,48,201,677536.657941111,5125078.32235255,-5.17
46.2560191531089,-72.6939336375878,48,202,677736.657941114,5125078.32235256,-4.561
46.2559667996305,-72.6913408508611,48,203,677936.657941114,5125078.32235257,-4.161
46.2559143873995,-72.6887480713407,48,204,678136.657941116,5125078.32235259,-4.348
46.2558619164164,-72.6861552990346,48,205,678336.657941115,5125078.3223526,-4.489
46.2558093866817,-72.683562533951,48,206,678536.657941118,5125078.32235262,-4.536
46.2557567981958,-72.6809697760978,48,207,678736.657941116,5125078.32235263,-4.789
46.255704150959,-72.6783770254832,48,208,678936.657941118,5125078.32235265,-5.068
46.2556514449719,-72.6757842821152,48,209,679136.657941117,5125078.32235266,-5.652
46.2555986802348,-72.6731915460018,48,210,679336.657941118,5125078.32235268,-6.166
46.2555458567482,-72.6705988171511,48,211,679536.657941119,5125078.32235269,-6.782
46.2554929745125,-72.6680060955712,48,212,679736.65794112,5125078.32235271,-8.898
46.2554400335281,-72.66541338127,48,213,679936.65794112,5125078.32235272,-11.398
46.2553870337954,-72.6628206742558,48,214,680136.65794112,5125078.32235273,-11.888
46.2553339753149,-72.6602279745365,48,215,680336.657941124,5125078.32235275,-13.108
46.2552808580871,-72.6576352821202,48,216,680536.657941122,5125078.32235276,-13.508
46.2552276821122,-72.6550425970149,48,217,680736.657941123,5125078.32235278,-12.908
46.2551744473909,-72.6524499192287,48,218,680936.657941124,5125078.32235279,-12.838
46.2551211539234,-72.6498572487696,48,219,681136.657941127,5125078.32235281,-10.188
46.2550678017102,-72.6472645856458,48,220,681336.657941124,5125078.32235282,-1.452
46.2550143907518,-72.6446719298652,48,221,681536.657941126,5125078.32235283,-0.904
46.2549609210486,-72.642079281436,48,222,681736.657941128,5125078.32235285,-0.552
46.254907392601,-72.6394866403661,48,223,681936.657941128,5125078.32235286,-0.45
46.2548538054095,-72.6368940066637,48,224,682136.657941132,5125078.32235288,-0.202
46.2548001594744,-72.6343013803367,48,225,682336.657941128,5125078.32235289,-0.248
46.2547464547962,-72.6317087613933,48,226,682536.65794113,5125078.32235291,-0.309
46.2546926913754,-72.6291161498414,48,227,682736.65794113,5125078.32235292,-0.131
46.2572541113802,-72.8495840728068,49,142,665736.657941088,5124878.32235169,-0.056
46.2572052868565,-72.8469909531244,49,143,665936.657941089,5124878.3223517,-0.215
46.2571564035594,-72.8443978401638,49,144,666136.65794109,5124878.32235172,-0.404
46.2571074614893,-72.841804733933,49,145,666336.657941091,5124878.32235173,-0.487
46.2570584606467,-72.8392116344402,49,146,666536.657941091,5124878.32235175,-0.462
46.2570094010319,-72.8366185416933,49,147,666736.657941093,5124878.32235176,-0.514
46.2569602826453,-72.8340254557005,49,148,666936.657941093,5124878.32235177,-0.677
46.2569111054873,-72.8314323764699,49,149,667136.657941093,5124878.32235179,-0.833
46.2568618695584,-72.8288393040094,49,150,667336.657941092,5124878.3223518,-0.927
46.2568125748588,-72.8262462383271,49,151,667536.657941096,5124878.32235182,-1.026
46.2567632213891,-72.8236531794312,49,152,667736.657941093,5124878.32235183,-1.105
46.2567138091496,-72.8210601273297,49,153,667936.657941095,5124878.32235185,-1.142
46.2566643381406,-72.8184670820306,49,154,668136.657941095,5124878.32235186,-1.041
46.2566148083627,-72.815874043542,49,155,668336.657941094,5124878.32235187,-0.294
46.2565652198161,-72.813281011872,49,156,668536.657941095,5124878.32235189,-0.3
46.2565155725014,-72.8106879870286,49,157,668736.657941095,5124878.3223519,-0.312
46.2564658664189,-72.8080949690199,49,158,668936.657941096,5124878.32235192,-0.419
46.256416101569,-72.8055019578539,49,159,669136.6579411,5124878.32235193,-0.744
46.2563662779521,-72.8029089535388,49,160,669336.657941101,5124878.32235195,-1.036
46.2563163955686,-72.8003159560826,49,161,669536.657941099,5124878.32235196,-1.605
46.2562664544189,-72.7977229654933,49,162,669736.657941098,5124878.32235198,-1.97
46.2562164545035,-72.795129981779,49,163,669936.657941099,5124878.32235199,-2.082
46.2561663958226,-72.7925370049478,49,164,670136.657941103,5124878.32235201,-2.03
46.2561162783768,-72.7899440350077,49,165,670336.657941105,5124878.32235202,-2.216
46.2560661021664,-72.7873510719668,49,166,670536.657941105,5124878.32235204,-2.294
46.2560158671918,-72.7847581158332,49,167,670736.657941103,5124878.32235205,-2.384
46.2559655734535,-72.7821651666149,49,168,670936.657941106,5124878.32235207,-2.453
46.2559152209518,-72.7795722243199,49,169,671136.657941105,5124878.32235208,-2.591
46.2558648096872,-72.7769792889564,49,170,671336.657941106,5124878.32235209,-2.704
46.2558143396601,-72.7743863605325,49,171,671536.657941106,5124878.32235211,-2.927
46.2557638108708,-72.771793439056,49,172,671736.657941108,5124878.32235212,-3.241
46.2557132233198,-72.7692005245352,49,173,671936.657941107,5124878.32235214,-3.655
46.2556625770074,-72.7666076169781,49,174,672136.657941111,5124878.32235215,-3.887
46.2556118719342,-72.7640147163928,49,175,672336.657941108,5124878.32235217,-3.938
46.2555611081005,-72.7614218227872,49,176,672536.657941109,5124878.32235218,-4.028
46.2555102855066,-72.7588289361695,49,177,672736.657941111,5124878.3223522,-4.003
46.2554594041531,-72.7562360565477,49,178,672936.657941111,5124878.32235221,-3.991
46.2554084640404,-72.75364318393,49,179,673136.657941111,5124878.32235222,-3.977
46.2553574651687,-72.7510503183242,49,180,673336.657941113,5124878.32235224,-4.028
46.2553064075387,-72.7484574597386,49,181,673536.657941113,5124878.32235225,-4.024
46.2552552911506,-72.7458646081812,49,182,673736.657941115,5124878.32235227,-3.967
46.2552041160048,-72.74327176366,49,183,673936.657941114,5124878.32235228,-4.034
46.2551528821019,-72.740678926183,49,184,674136.657941113,5124878.3223523,-4.212
46.2551015894422,-72.7380860957585,49,185,674336.657941114,5124878.32235231,-4.15
46.2550502380261,-72.7354932723943,49,186,674536.657941117,5124878.32235233,-4.041
46.2549988278541,-72.7329004560986,49,187,674736.657941119,5124878.32235234,-3.664
46.2549473589264,-72.7303076468794,49,188,674936.65794112,5124878.32235235,-3.635
46.2548958312437,-72.7277148447448,49,189,675136.657941119,5124878.32235237,-3.982
46.2548442448063,-72.7251220497028,49,190,675336.65794112,5124878.32235239,-4.733
46.2547925996145,-72.7225292617616,49,191,675536.657941121,5124878.3223524,-5.272
46.2547408956689,-72.7199364809291,49,192,675736.657941122,5124878.32235241,-13.308
46.2546891329697,-72.7173437072134,49,193,675936.657941124,5124878.32235243,-13.928
46.2546373115176,-72.7147509406226,49,194,676136.657941123,5124878.32235244,-13.818
46.2545854313128,-72.7121581811647,49,195,676336.657941123,5124878.32235246,-13.478
46.2545334923558,-72.7095654288478,49,196,676536.657941123,5124878.32235247,-12.018
46.254481494647,-72.70697268368,49,197,676736.657941125,5124878.32235249,-6.437
46.2544294381869,-72.7043799456692,49,198,676936.657941126,5124878.3223525,-5.91
46.2543773229758,-72.7017872148237,49,199,677136.657941125,5124878.32235251,-5.444
46.2543251490141,-72.6991944911513,49,200,677336.657941126,5124878.32235253,-4.629
46.2542729163024,-72.6966017746603,49,201,677536.657941126,5124878.32235254,-3.981
46.254220624841,-72.6940090653586,49,202,677736.657941127,5124878.32235256,-3.903
46.2541682746303,-72.6914163632542,49,203,677936.65794113,5124878.32235257,-4.096
46.2541158656707,-72.6888236683553,49,204,678136.657941128,5124878.32235259,-4.348
46.2540633979628,-72.68623098067,49,205,678336.657941132,5124878.3223526,-4.245
46.2540108715068,-72.6836383002062,49,206,678536.657941133,5124878.32235262,-4.3
46.2539582863033,-72.681045626972,49,207,678736.657941133,5124878.32235263,-4.661
46.2539056423526,-72.6784529609754,49,208,678936.657941133,5124878.32235265,-5.603
46.2538529396552,-72.6758603022246,49,209,679136.657941135,5124878.32235266,-6.526
46.2538001782115,-72.6732676507277,49,210,679336.657941132,5124878.32235267,-7.11
46.253747358022,-72.6706750064925,49,211,679536.657941134,5124878.32235269,-8.008
46.253694479087,-72.6680823695272,49,212,679736.657941136,5124878.3223527,-10.218
46.2536415414069,-72.6654897398399,49,213,679936.657941137,5124878.32235272,-11.118
46.2535885449823,-72.6628971174386,49,214,680136.657941137,5124878.32235273,-10.918
46.2535354898135,-72.6603045023314,49,215,680336.657941138,5124878.32235275,-10.798
46.253482375901,-72.6577118945263,49,216,680536.657941137,5124878.32235276,-10.718
46.2534292032452,-72.6551192940314,49,217,680736.657941139,5124878.32235277,-9.758
46.2533759718465,-72.6525267008547,49,218,680936.657941141,5124878.32235279,-9.138
46.2533226817054,-72.6499341150042,49,219,681136.65794114,5124878.32235281,-1.73
46.2532693328222,-72.6473415364881,49,220,681336.657941142,5124878.32235282,-1.315
46.2532159251975,-72.6447489653144,49,221,681536.657941143,5124878.32235283,-0.461
46.2531624588316,-72.6421564014912,49,222,681736.657941145,5124878.32235285,-0.362
46.2531089337249,-72.6395638450265,49,223,681936.657941144,5124878.32235286,-0.183
46.253055349878,-72.6369712959283,49,224,682136.657941142,5124878.32235288,-0.341
46.2530017072913,-72.6343787542047,49,225,682336.657941143,5124878.32235289,-0.202
46.2529480059651,-72.6317862198638,49,226,682536.657941146,5124878.32235291,-0.244
46.2555041558019,-72.8522474567259,50,141,665536.6579411,5124678.32235167,-0.2
46.2554553930961,-72.8496544149944,50,142,665736.657941101,5124678.32235169,-0.258
46.2554065716202,-72.8470613799757,50,143,665936.657941104,5124678.3223517,-0.367
46.2553576913746,-72.8444683516781,50,144,666136.657941105,5124678.32235172,-0.472
46.2553087523597,-72.8418753301096,50,145,666336.657941103,5124678.32235173,-0.47
46.2552597545759,-72.8392823152781,50,146,666536.657941106,5124678.32235175,-0.53
46.2552106980236,-72.8366893071919,50,147,666736.657941107,5124678.32235176,-0.615
46.2551615827032,-72.8340963058589,50,148,666936.657941104,5124678.32235177,-0.807
46.255112408615,-72.8315033112872,50,149,667136.657941106,5124678.32235179,-1.032
46.2550631757595,-72.828910323485,50,150,667336.657941108,5124678.3223518,-1.175
46.2550138841371,-72.8263173424601,50,151,667536.657941107,5124678.32235182,-1.262
46.2549645337482,-72.8237243682208,50,152,667736.657941109,5124678.32235183,-1.441
46.2549151245931,-72.8211314007751,50,153,667936.657941108,5124678.32235185,-1.495
46.2548656566723,-72.818538440131,50,154,668136.657941109,5124678.32235186,-1.391
46.2548161299861,-72.8159454862966,50,155,668336.657941111,5124678.32235187,-0.689
46.2547665445351,-72.8133525392799,50,156,668536.657941111,5124678.32235189,-0.755
46.2547169003195,-72.8107595990891,50,157,668736.657941114,5124678.3223519,-1.056
46.2546671973397,-72.8081666657321,50,158,668936.657941111,5124678.32235192,-1.431
46.2546174355962,-72.8055737392171,50,159,669136.657941115,5124678.32235193,-1.911
46.2545676150894,-72.8029808195521,50,160,669336.657941115,5124678.32235195,-2.197
46.2545177358197,-72.8003879067452,50,161,669536.657941114,5124678.32235196,-2.32
46.2544677977874,-72.7977950008044,50,162,669736.657941114,5124678.32235198,-2.436
46.2544178009931,-72.7952021017379,50,163,669936.657941115,5124678.32235199,-2.482
46.254367745437,-72.7926092095535,50,164,670136.657941119,5124678.32235201,-2.498
46.2543176311196,-72.7900163242595,50,165,670336.657941116,5124678.32235202,-2.601
46.2542674580413,-72.7874234458639,50,166,670536.657941116,5124678.32235203,-2.744
46.2542172262024,-72.7848305743746,50,167,670736.657941117,5124678.32235205,-2.839
46.2541669356035,-72.7822377097999,50,168,670936.657941119,5124678.32235207,-3.008
46.2541165862449,-72.7796448521478,50,169,671136.657941117,5124678.32235208,-3.199
46.254066178127,-72.7770520014263,50,170,671336.65794112,5124678.32235209,-3.286
46.2540157112503,-72.7744591576434,50,171,671536.657941122,5124678.32235211,-3.443
46.253965185615,-72.7718663208073,50,172,671736.657941119,5124678.32235212,-3.67
46.2539146012217,-72.769273490926,50,173,671936.657941123,5124678.32235214,-4.037
46.2538639580708,-72.7666806680076,50,174,672136.657941121,5124678.32235215,-4.07
46.2538132561626,-72.76408785206,50,175,672336.657941125,5124678.32235217,-3.994
46.2537624954975,-72.7614950430915,50,176,672536.657941127,5124678.32235218,-4.088
46.2537116760761,-72.75890224111,50,177,672736.657941125,5124678.3223522,-4.104
46.2536607978986,-72.7563094461236,50,178,672936.657941124,5124678.32235221,-4.081
46.2536098609655,-72.7537166581403,50,179,673136.657941125,5124678.32235222,-4.128
46.2535588652772,-72.7511238771683,50,180,673336.657941127,5124678.32235224,-4.05
46.2535078108342,-72.7485311032156,50,181,673536.657941127,5124678.32235225,-4.01
46.2534566976367,-72.7459383362902,50,182,673736.65794113,5124678.32235227,-4.068
46.2534055256854,-72.7433455764001,50,183,673936.657941129,5124678.32235228,-4.272
46.2533542949804,-72.7407528235536,50,184,674136.657941131,5124678.3223523,-4.271
46.2533030055224,-72.7381600777585,50,185,674336.657941132,5124678.32235231,-4.039
46.2532516573116,-72.735567339023,50,186,674536.65794113,5124678.32235233,-3.628
46.2532002503485,-72.7329746073552,50,187,674736.657941134,5124678.32235234,-3.551
46.2531487846335,-72.730381882763,50,188,674936.657941134,5124678.32235236,-4.116
46.2530972601671,-72.7277891652546,50,189,675136.657941135,5124678.32235237,-4.954
46.2530456769496,-72.725196454838,50,190,675336.657941134,5124678.32235238,-5.704
46.2529940349815,-72.7226037515212,50,191,675536.657941137,5124678.3223524,-13.758
46.2529423342631,-72.7200110553124,50,192,675736.657941137,5124678.32235241,-13.688
46.252890574795,-72.7174183662195,50,193,675936.657941135,5124678.32235243,-13.728
46.2528387565774,-72.7148256842507,50,194,676136.657941137,5124678.32235244,-12.918
46.2527868796109,-72.7122330094139,50,195,676336.65794114,5124678.32235246,-6.749
46.2527349438959,-72.7096403417173,50,196,676536.657941137,5124678.32235247,-6.444
46.2526829494327,-72.7070476811689,50,197,676736.657941138,5124678.32235249,-5.649
46.2526308962218,-72.7044550277768,50,198,676936.65794114,5124678.3223525,-5.164
46.2525787842636,-72.7018623815489,50,199,677136.65794114,5124678.32235251,-4.571
46.2525266135585,-72.6992697424935,50,200,677336.65794114,5124678.32235253,-4.46
46.252474384107,-72.6966771106185,50,201,677536.65794114,5124678.32235254,-4.695
46.2524220959095,-72.6940844859319,50,202,677736.657941141,5124678.32235256,-4.925
46.2523697489663,-72.6914918684419,50,203,677936.657941142,5124678.32235257,-4.777
46.252317343278,-72.6888992581565,50,204,678136.657941144,5124678.32235259,-4.776
46.2522648788449,-72.6863066550838,50,205,678336.657941146,5124678.3223526,-4.952
46.2522123556675,-72.6837140592317,50,206,678536.657941144,5124678.32235262,-5.15
46.2521597737462,-72.6811214706084,50,207,678736.657941145,5124678.32235263,-5.429
46.2521071330814,-72.678528889222,50,208,678936.657941147,5124678.32235264,-6.102
46.2520544336735,-72.6759363150804,50,209,679136.657941148,5124678.32235266,-8.398
46.252001675523,-72.6733437481917,50,210,679336.657941147,5124678.32235267,-8.778
46.2519488586303,-72.670751188564,50,211,679536.657941151,5124678.32235269,-8.808
46.2518959829958,-72.6681586362054,50,212,679736.657941149,5124678.3223527,-8.878
46.2518430486199,-72.6655660911238,50,213,679936.657941149,5124678.32235272,-9.358
46.2517900555031,-72.6629735533274,50,214,680136.657941149,5124678.32235273,-9.508
46.2517370036458,-72.6603810228242,50,215,680336.657941154,5124678.32235275,-9.208
46.2516838930484,-72.6577884996223,50,216,680536.657941153,5124678.32235276,-9.208
46.2516307237114,-72.6551959837296,50,217,680736.657941154,5124678.32235277,-8.168
46.2515774956352,-72.6526034751543,50,218,680936.657941152,5124678.32235279,-1.682
46.2515242088202,-72.6500109739045,50,219,681136.657941155,5124678.3223528,-1.267
46.2514708632668,-72.6474184799881,50,220,681336.657941156,5124678.32235282,-1.304
46.2514174589755,-72.6448259934132,50,221,681536.657941156,5124678.32235284,-0.193
46.2537054338226,-72.852317707544,51,141,665536.657941115,5124478.32235167,-0.135
46.2536566741608,-72.849724750469,51,142,665736.657941119,5124478.32235169,-0.444
46.2536078557325,-72.8471318001061,51,143,665936.657941115,5124478.3223517,-0.359
46.2535589785382,-72.8445388564634,51,144,666136.657941117,5124478.32235171,-0.403
46.2535100425783,-72.841945919549,51,145,666336.657941119,5124478.32235173,-0.567
46.2534610478531,-72.8393529893709,51,146,666536.657941119,5124478.32235174,-0.679
46.2534119943631,-72.8367600659372,51,147,666736.657941122,5124478.32235176,-0.795
46.2533628821086,-72.834167149256,51,148,666936.657941121,5124478.32235177,-1.094
46.25331371109,-72.8315742393353,51,149,667136.657941124,5124478.32235179,-1.361
46.2532644813078,-72.8289813361831,51,150,667336.657941122,5124478.3223518,-1.473
46.2532151927623,-72.8263884398076,51,151,667536.657941123,5124478.32235182,-1.546
46.253165845454,-72.8237955502169,51,152,667736.657941124,5124478.32235183,-1.726
46.2531164393832,-72.8212026674188,51,153,667936.657941122,5124478.32235184,-1.765
46.2530669745503,-72.8186097914217,51,154,668136.657941124,5124478.32235186,-1.84
46.2530174509557,-72.8160169222334,51,155,668336.657941126,5124478.32235188,-1.833
46.2529678685999,-72.813424059862,51,156,668536.657941127,5124478.32235189,-1.911
46.2529182274832,-72.8108312043157,51,157,668736.657941128,5124478.3223519,-2.026
46.252868527606,-72.8082383556024,51,158,668936.657941126,5124478.32235192,-2.107
46.2528187689688,-72.8056455137303,51,159,669136.657941128,5124478.32235193,-2.172
46.2527689515719,-72.8030526787074,51,160,669336.657941127,5124478.32235195,-2.327
46.2527190754157,-72.8004598505418,51,161,669536.657941129,5124478.32235196,-2.484
46.2526691405007,-72.7978670292414,51,162,669736.657941131,5124478.32235198,-2.627
46.2526191468272,-72.7952742148145,51,163,669936.65794113,5124478.32235199,-2.652
46.2525690943957,-72.7926814072689,51,164,670136.657941129,5124478.322352,-2.639
46.2525189832065,-72.7900886066129,51,165,670336.657941129,5124478.32235202,-2.803
46.25246881326,-72.7874958128544,51,166,670536.657941131,5124478.32235203,-2.967
46.2524185845568,-72.7849030260016,51,167,670736.657941134,5124478.32235205,-3.067
46.252368297097,-72.7823102460624,51,168,670936.657941133,5124478.32235206,-3.219
46.2523179508813,-72.779717473045,51,169,671136.657941136,5124478.32235208,-3.369
46.2522675459099,-72.7771247069574,51,170,671336.657941135,5124478.32235209,-3.56
46.2522170821834,-72.7745319478076,51,171,671536.657941137,5124478.32235211,-3.695
46.252166559702,-72.7719391956038,51,172,671736.657941138,5124478.32235212,-3.774
46.2521159784662,-72.7693464503539,51,173,671936.657941135,5124478.32235213,-3.841
46.2520653384764,-72.7667537120661,51,174,672136.657941136,5124478.32235215,-3.938
46.252014639733,-72.7641609807483,51,175,672336.65794114,5124478.32235216,-4.009
46.2519638822365,-72.7615682564088,51,176,672536.657941141,5124478.32235218,-4.079
46.2519130659872,-72.7589755390554,51,177,672736.657941141,5124478.32235219,-4.188
46.2518621909855,-72.7563828286963,51,178,672936.657941142,5124478.32235221,-4.215
46.2518112572319,-72.7537901253395,51,179,673136.657941143,5124478.32235222,-4.154
46.2517602647268,-72.7511974289931,51,180,673336.65794114,5124478.32235224,-4.098
46.2517092134705,-72.7486047396652,51,181,673536.657941142,5124478.32235225,-4.045
46.2516581034635,-72.7460120573638,51,182,673736.657941141,5124478.32235226,-4.1
46.2516069347063,-72.7434193820969,51,183,673936.657941143,5124478.32235228,-4.035
46.2515557071991,-72.7408267138726,51,184,674136.657941145,5124478.32235229,-3.984
46.2515044209425,-72.738234052699,51,185,674336.657941146,5124478.32235231,-3.62
46.2514530759369,-72.7356413985842,51,186,674536.657941145,5124478.32235232,-3.808
46.2514016721826,-72.7330487515361,51,187,674736.657941149,5124478.32235234,-4.429
46.25135020968,-72.7304561115629,51,188,674936.657941147,5124478.32235235,-5.03
46.2512986884297,-72.7278634786726,51,189,675136.657941147,5124478.32235237,-12.598
46.2512471084319,-72.7252708528733,51,190,675336.657941148,5124478.32235238,-14.158
46.2511954696872,-72.722678234173,51,191,675536.657941147,5124478.32235239,-13.828
46.251143772196,-72.7200856225797,51,192,675736.657941149,5124478.32235241,-13.468
46.2510920159585,-72.7174930181016,51,193,675936.65794115,5124478.32235243,-10.108
46.2510402009754,-72.7149004207467,51,194,676136.657941149,5124478.32235244,-6.641
46.2509883272469,-72.712307830523,51,195,676336.657941151,5124478.32235246,-6.174
46.2509363947736,-72.7097152474386,51,196,676536.657941152,5124478.32235247,-5.961
46.2508844035558,-72.7071226715016,51,197,676736.657941155,5124478.32235248,-5.112
46.2508323535939,-72.70453010272,51,198,676936.657941152,5124478.3223525,-5.131
46.2507802448884,-72.7019375411018,51,199,677136.657941156,5124478.32235251,-5.388
46.2507280774398,-72.6993449866552,51,200,677336.657941157,5124478.32235253,-5.356
46.2506758512483,-72.6967524393882,51,201,677536.657941155,5124478.32235254,-5.256
46.2506235663144,-72.6941598993087,51,202,677736.657941157,5124478.32235256,-5.209
46.2505712226386,-72.691567366425,51,203,677936.657941158,5124478.32235257,-5.124
46.2505188202213,-72.688974840745,51,204,678136.657941157,5124478.32235258,-5.222
46.2504663590629,-72.6863823222768,51,205,678336.657941159,5124478.3223526,-5.389
46.2504138391638,-72.6837898110285,51,206,678536.657941159,5124478.32235262,-6.012
46.2503612605245,-72.6811973070081,51,207,678736.65794116,5124478.32235263,-6.899
46.2503086231453,-72.6786048102236,51,208,678936.657941163,5124478.32235264,-8.228
46.2502559270267,-72.6760123206832,51,209,679136.657941164,5124478.32235266,-8.488
46.2502031721692,-72.6734198383948,51,210,679336.657941162,5124478.32235267,-7.062
46.2501503585731,-72.6708273633665,51,211,679536.657941164,5124478.32235269,-8.188
46.2500974862389,-72.6682348956064,51,212,679736.657941164,5124478.3223527,-8.518
46.250044555167,-72.6656424351226,51,213,679936.657941166,5124478.32235271,-7.398
46.2499915653578,-72.663049981923,51,214,680136.657941165,5124478.32235273,-7.416
46.2499385168118,-72.6604575360158,51,215,680336.657941165,5124478.32235274,-7.256
46.2498854095293,-72.6578650974089,51,216,680536.657941166,5124478.32235276,-3.181
46.2498322435109,-72.6552726661105,51,217,680736.657941166,5124478.32235278,-1.385
46.2497790187569,-72.6526802421286,51,218,680936.657941171,5124478.32235279,-1.009
46.2497257352678,-72.6500878254712,51,219,681136.657941168,5124478.3223528,-1.543
46.249672393044,-72.6474954161465,51,220,681336.657941171,5124478.32235282,-1.774
46.2520040481385,-72.8575737166129,52,139,665136.65794113,5124278.32235164,-0.008
46.2519554090472,-72.8549808307878,52,140,665336.657941129,5124278.32235166,-0.325
46.2519067111923,-72.852387951658,52,141,665536.657941131,5124278.32235167,-0.302
46.2518579545742,-72.8497950792314,52,142,665736.657941132,5124278.32235169,-0.411
46.2518091391934,-72.8472022135162,52,143,665936.657941132,5124278.3223517,-0.44
46.2517602650502,-72.8446093545204,52,144,666136.65794113,5124278.32235172,-0.61
46.251711332145,-72.8420165022521,52,145,666336.657941134,5124278.32235173,-0.813
46.2516623404783,-72.8394236567193,52,146,666536.657941136,5124278.32235174,-0.914
46.2516132900503,-72.8368308179301,52,147,666736.657941135,5124278.32235176,-1.069
46.2515641808616,-72.8342379858925,52,148,666936.657941136,5124278.32235177,-1.44
46.2515150129124,-72.8316451606147,52,149,667136.657941137,5124278.32235179,-1.586
46.2514657862033,-72.8290523421046,52,150,667336.657941135,5124278.3223518,-1.662
46.2514165007346,-72.8264595303704,52,151,667536.657941136,5124278.32235182,-1.744
46.2513671565066,-72.8238667254201,52,152,667736.657941138,5124278.32235183,-1.935
46.2513177535199,-72.8212739272618,52,153,667936.657941138,5124278.32235185,-2.01
46.2512682917747,-72.8186811359034,52,154,668136.657941141,5124278.32235186,-1.982
46.2512187712715,-72.8160883513532,52,155,668336.657941138,5124278.32235188,-1.917
46.2511691920107,-72.8134955736191,52,156,668536.657941143,5124278.32235189,-1.958
46.2511195539928,-72.8109028027093,52,157,668736.65794114,5124278.3223519,-2.09
46.251069857218,-72.8083100386316,52,158,668936.657941142,5124278.32235192,-2.194
46.2510201016868,-72.8057172813943,52,159,669136.657941141,5124278.32235193,-2.303
46.2509702873996,-72.8031245310054,52,160,669336.657941141,5124278.32235195,-2.444
46.2509204143568,-72.800531787473,52,161,669536.657941143,5124278.32235196,-2.642
46.2508704825588,-72.797939050805,52,162,669736.657941146,5124278.32235198,-2.756
46.2508204920059,-72.7953463210096,52,163,669936.657941147,5124278.32235199,-2.879
46.2507704426988,-72.7927535980948,52,164,670136.657941147,5124278.32235201,-2.837
46.2507203346376,-72.7901608820688,52,165,670336.657941147,5124278.32235202,-2.987
46.2506701678228,-72.7875681729394,52,166,670536.657941146,5124278.32235203,-3.116
46.2506199422549,-72.7849754707149,52,167,670736.657941149,5124278.32235205,-3.171
46.2505696579341,-72.7823827754032,52,168,670936.657941148,5124278.32235206,-3.286
46.2505193148611,-72.7797900870125,52,169,671136.65794115,5124278.32235208,-3.502
46.250468913036,-72.7771974055507,52,170,671336.657941149,5124278.32235209,-3.624
46.2504184524594,-72.7746047310259,52,171,671536.657941152,5124278.32235211,-3.695
46.2503679331317,-72.7720120634463,52,172,671736.65794115,5124278.32235212,-3.819
46.2503173550532,-72.7694194028198,52,173,671936.657941149,5124278.32235214,-3.952
46.2502667182244,-72.7668267491545,52,174,672136.657941154,5124278.32235215,-4.012
46.2502160226456,-72.7642341024585,52,175,672336.657941153,5124278.32235217,-4.165
46.2501652683174,-72.7616414627398,52,176,672536.657941152,5124278.32235218,-4.163
46.25011445524,-72.7590488300065,52,177,672736.657941154,5124278.32235219,-4.231
46.250063583414,-72.7564562042666,52,178,672936.657941154,5124278.32235221,-4.275
46.2500126528396,-72.7538635855283,52,179,673136.657941155,5124278.32235222,-4.135
46.2499616635174,-72.7512709737995,52,180,673336.657941157,5124278.32235224,-4.114
46.2499106154478,-72.7486783690883,52,181,673536.657941158,5124278.32235225,-4.009
46.249859508631,-72.7460857714028,52,182,673736.657941156,5124278.32235227,-4.072
46.2498083430677,-72.743493180751,52,183,673936.657941159,5124278.32235228,-4.035
46.2497571187581,-72.740900597141,52,184,674136.657941158,5124278.3223523,-3.694
46.2497058357028,-72.7383080205808,52,185,674336.65794116,5124278.32235231,-4.177
46.249654493902,-72.7357154510785,52,186,674536.65794116,5124278.32235233,-4.99
46.2496030933563,-72.7331228886422,52,187,674736.657941162,5124278.32235234,-5.676
46.249551634066,-72.7305303332799,52,188,674936.65794116,5124278.32235235,-13.898
46.2495001160315,-72.7279377849997,52,189,675136.657941163,5124278.32235237,-14.088
46.2494485392533,-72.7253452438096,52,190,675336.657941161,5124278.32235238,-14.048
46.2493969037318,-72.7227527097177,52,191,675536.657941162,5124278.3223524,-13.278
46.2493452094674,-72.720160182732,52,192,675736.657941164,5124278.32235241,-7.273
46.2492934564605,-72.7175676628605,52,193,675936.657941164,5124278.32235243,-6.889
46.2492416447116,-72.7149751501115,52,194,676136.657941167,5124278.32235244,-6.312
46.249189774221,-72.7123826444928,52,195,676336.657941166,5124278.32235246,-5.813
46.2491378449891,-72.7097901460126,52,196,676536.657941166,5124278.32235247,-5.57
46.2490858570165,-72.7071976546789,52,197,676736.657941169,5124278.32235248,-5.542
46.2490338103035,-72.7046051704997,52,198,676936.657941168,5124278.3223525,-5.513
46.2489817048505,-72.7020126934832,52,199,677136.657941167,5124278.32235251,-5.454
46.2489295406579,-72.6994202236373,52,200,677336.657941168,5124278.32235253,-5.233
46.2488773177263,-72.6968277609702,52,201,677536.657941172,5124278.32235254,-4.893
46.2488250360559,-72.6942353054899,52,202,677736.657941172,5124278.32235256,-4.684
46.2487726956472,-72.6916428572044,52,203,677936.657941173,5124278.32235257,-4.731
46.2487202965007,-72.6890504161218,52,204,678136.657941173,5124278.32235259,-5.069
46.2486678386167,-72.6864579822501,52,205,678336.657941175,5124278.3223526,-5.6
46.2486153219958,-72.6838655555974,52,206,678536.657941174,5124278.32235262,-6.195
46.2485627466382,-72.6812731361718,52,207,678736.657941174,5124278.32235263,-6.182
46.2485101125445,-72.6786807239812,52,208,678936.657941176,5124278.32235264,-6.349
46.248457419715,-72.6760883190339,52,209,679136.657941177,5124278.32235266,-7.072
46.2484046681502,-72.6734959213377,52,210,679336.657941179,5124278.32235267,-7.369
46.2483518578505,-72.6709035309008,52,211,679536.657941178,5124278.32235269,-6.71
46.2482989888164,-72.6683111477312,52,212,679736.657941179,5124278.3223527,-6.137
46.2482460610482,-72.665718771837,52,213,679936.657941179,5124278.32235272,-6.055
46.2481930745464,-72.6631264032262,52,214,680136.65794118,5124278.32235273,-6.274
46.2481400293114,-72.6605340419069,52,215,680336.657941181,5124278.32235275,-2.827
46.2480869253437,-72.6579416878871,52,216,680536.65794118,5124278.32235276,-1.087
46.2480337626437,-72.6553493411749,52,217,680736.657941182,5124278.32235278,-1.044
46.2479805412117,-72.6527570017783,52,218,680936.657941184,5124278.32235279,-0.465
46.2479272610483,-72.6501646697054,52,219,681136.657941183,5124278.32235281,-1.649
46.2478739221538,-72.6475723449642,52,220,681336.657941183,5124278.32235282,-1.733
46.2503024146099,-72.8628294071576,53,137,664736.657941141,5124078.32235161,-0.306
46.2502538960757,-72.8602365926099,53,138,664936.657941142,5124078.32235163,-0.346
46.250205318781,-72.8576437847404,53,139,665136.657941144,5124078.32235164,-0.451
46.2501566827259,-72.8550509835573,53,140,665336.657941144,5124078.32235166,-0.464
46.2501079879109,-72.8524581890687,53,141,665536.657941147,5124078.32235167,-0.452
46.2500592343364,-72.8498654012825,53,142,665736.657941145,5124078.32235169,-0.532
46.2500104220028,-72.8472726202069,53,143,665936.657941145,5124078.3223517,-0.668
46.2499615509105,-72.8446798458499,53,144,666136.657941146,5124078.32235172,-0.873
46.2499126210599,-72.8420870782196,53,145,666336.657941146,5124078.32235173,-1.051
46.2498636324514,-72.839494317324,53,146,666536.657941149,5124078.32235174,-1.192
46.2498145850853,-72.8369015631713,53,147,666736.657941147,5124078.32235176,-1.477
46.2497654789621,-72.8343088157693,53,148,666936.657941147,5124078.32235177,-1.684
46.2497163140822,-72.8317160751263,53,149,667136.657941153,5124078.32235179,-1.814
46.2496670904459,-72.8291233412503,53,150,667336.657941152,5124078.3223518,-1.897
46.2496178080537,-72.8265306141493,53,151,667536.657941152,5124078.32235182,-1.967
46.249568466906,-72.8239378938314,53,152,667736.657941153,5124078.32235183,-2.032
46.2495190670031,-72.8213451803047,53,153,667936.657941153,5124078.32235185,-2.14
46.2494696083455,-72.8187524735772,53,154,668136.657941153,5124078.32235186,-2.087
46.2494200909335,-72.8161597736569,53,155,668336.657941156,5124078.32235187,-2.079
46.2493705147675,-72.813567080552,53,156,668536.657941154,5124078.32235189,-2.077
46.2493208798481,-72.8109743942705,53,157,668736.657941153,5124078.3223519,-2.203
46.2492711861754,-72.8083817148205,53,158,668936.657941155,5124078.32235192,-2.368
46.2492214337501,-72.80578904221,53,159,669136.657941157,5124078.32235193,-2.493
46.2491716225724,-72.803196376447,53,160,669336.65794116,5124078.32235195,-2.605
46.2491217526427,-72.8006037175397,53,161,669536.657941158,5124078.32235196,-2.747
46.2490718239615,-72.798011065496,53,162,669736.65794116,5124078.32235198,-2.859
46.2490218365292,-72.7954184203242,53,163,669936.65794116,5124078.32235199,-2.996
46.2489717903462,-72.7928257820321,53,164,670136.657941159,5124078.32235201,-3.107
46.2489216854128,-72.7902331506279,53,165,670336.657941159,5124078.32235202,-3.129
46.2488715217295,-72.7876405261196,53,166,670536.657941161,5124078.32235203,-3.247
46.2488212992967,-72.7850479085153,53,167,670736.657941163,5124078.32235205,-3.367
46.2487710181148,-72.7824552978231,53,168,670936.65794116,5124078.32235206,-3.479
46.2487206781841,-72.7798626940509,53,169,671136.657941161,5124078.32235208,-3.641
46.2486702795052,-72.7772700972069,53,170,671336.657941164,5124078.32235209,-3.77
46.2486198220784,-72.7746775072991,53,171,671536.657941165,5124078.3223521,-3.867
46.2485693059041,-72.7720849243356,53,172,671736.657941164,5124078.32235212,-3.977
46.2485187309827,-72.7694923483244,53,173,671936.657941166,5124078.32235213,-4.09
46.2484680973146,-72.7668997792737,53,174,672136.657941169,5124078.32235215,-4.104
46.2484174049003,-72.7643072171913,53,175,672336.657941169,5124078.32235216,-4.22
46.2483666537401,-72.7617146620855,53,176,672536.657941166,5124078.32235218,-4.229
46.2483158438345,-72.7591221139642,53,177,672736.657941167,5124078.32235219,-4.142
46.2482649751839,-72.7565295728355,53,178,672936.65794117,5124078.32235221,-4.162
46.2482140477886,-72.7539370387075,53,179,673136.657941172,5124078.32235222,-4.247
46.2481630616491,-72.7513445115882,53,180,673336.657941171,5124078.32235224,-4.259
46.2481120167659,-72.7487519914857,53,181,673536.657941171,5124078.32235225,-4.2
46.2480609131392,-72.7461594784081,53,182,673736.657941174,5124078.32235227,-3.952
46.2480097507696,-72.7435669723633,53,183,673936.657941173,5124078.32235228,-4.103
46.2479585296574,-72.7409744733595,53,184,674136.657941174,5124078.32235229,-4.791
46.247907249803,-72.7383819814047,53,185,674336.657941173,5124078.32235231,-5.63
46.247855911207,-72.735789496507,53,186,674536.657941176,5124078.32235232,-12.748
46.2478045138696,-72.7331970186743,53,187,674736.657941175,5124078.32235234,-14.308
46.2477530577913,-72.7306045479149,53,188,674936.657941177,5124078.32235235,-13.758
46.2477015429725,-72.7280120842367,53,189,675136.657941178,5124078.32235237,-13.018
46.2476499694137,-72.7254196276477,53,190,675336.657941179,5124078.32235238,-11.408
46.2475983371152,-72.7228271781561,53,191,675536.657941177,5124078.3223524,-7.327
46.2475466460774,-72.7202347357699,53,192,675736.657941178,5124078.32235241,-6.688
46.2474948963008,-72.7176423004971,53,193,675936.657941179,5124078.32235243,-5.874
46.2474430877859,-72.7150498723458,53,194,676136.657941181,5124078.32235244,-5.831
46.2473912205329,-72.7124574513241,53,195,676336.65794118,5124078.32235245,-5.904
46.2473392945424,-72.70986503744,53,196,676536.657941182,5124078.32235247,-5.597
46.2472873098147,-72.7072726307016,53,197,676736.657941184,5124078.32235248,-5.308
46.2472352663503,-72.7046802311169,53,198,676936.657941183,5124078.3223525,-4.956
46.2471831641496,-72.7020878386939,53,199,677136.657941185,5124078.32235251,-4.56
46.247131003213,-72.6994954534408,53,200,677336.657941185,5124078.32235253,-4.296
46.2470787835409,-72.6969030753655,53,201,677536.657941185,5124078.32235254,-4.054
46.2470265051338,-72.6943107044762,53,202,677736.657941187,5124078.32235256,-4.243
46.2469741679921,-72.6917183407808,53,203,677936.657941186,5124078.32235257,-4.853
46.2469217721161,-72.6891259842875,53,204,678136.657941189,5124078.32235258,-5.377
46.2468693175064,-72.6865336350043,53,205,678336.657941188,5124078.3223526,-5.804
46.2468168041633,-72.6839412929392,53,206,678536.657941187,5124078.32235261,-6.257
46.2467642320873,-72.6813489581004,53,207,678736.657941189,5124078.32235263,-6.864
46.2467116012788,-72.6787566304957,53,208,678936.65794119,5124078.32235264,-7.389
46.2466589117382,-72.6761643101334,53,209,679136.65794119,5124078.32235266,-6.789
46.246606163466,-72.6735719970214,53,210,679336.657941191,5124078.32235267,-5.346
46.2465533564625,-72.6709796911678,53,211,679536.65794119,5124078.32235269,-4.864
46.2465004907282,-72.6683873925807,53,212,679736.657941195,5124078.3223527,-5.259
46.2464475662636,-72.6657951012681,53,213,679936.657941196,5124078.32235272,-5.227
46.2463945830689,-72.663202817238,53,214,680136.657941193,5124078.32235273,-2.712
46.2463415411448,-72.6606105404986,53,215,680336.657941195,5124078.32235274,-1.085
46.2462884404916,-72.6580182710578,53,216,680536.657941196,5124078.32235276,-0.897
46.2462352811097,-72.6554260089237,53,217,680736.657941195,5124078.32235277,-0.786
46.2461820629996,-72.6528337541044,53,218,680936.657941197,5124078.32235279,-0.657
46.2461287861616,-72.6502415066079,53,219,681136.6579412,5124078.3223528,-2.21
46.2460754505963,-72.6476492664422,53,220,681336.657941201,5124078.32235282,-1.401
46.2486488725107,-72.8706775290497,54,134,664136.657941154,5123878.32235157,-0.018
46.2486005332788,-72.8680847791533,54,135,664336.657941157,5123878.32235158,-0.121
46.2485521352886,-72.8654920359102,54,136,664536.657941157,5123878.3223516,-0.397
46.2485036785406,-72.8628992993285,54,137,664736.657941157,5123878.32235161,-0.503
46.2484551630352,-72.8603065694163,54,138,664936.657941157,5123878.32235163,-0.535
46.2484065887728,-72.8577138461815,54,139,665136.657941159,5123878.32235164,-0.53
46.2483579557537,-72.8551211296324,54,140,665336.657941158,5123878.32235166,-0.514
46.2483092639785,-72.8525284197769,54,141,665536.657941158,5123878.32235167,-0.529
46.2482605134474,-72.8499357166231,54,142,665736.657941161,5123878.32235168,-0.688
46.2482117041608,-72.847343020179,54,143,665936.657941162,5123878.3223517,-0.865
46.2481628361192,-72.8447503304528,54,144,666136.657941164,5123878.32235171,-1.154
46.248113909323,-72.8421576474524,54,145,666336.657941162,5123878.32235173,-1.429
46.2480649237725,-72.839564971186,54,146,666536.657941161,5123878.32235174,-1.554
46.2480158794681,-72.8369723016616,54,147,666736.657941163,5123878.32235176,-1.675
46.2479667764103,-72.8343796388872,54,148,666936.657941162,5123878.32235177,-1.881
46.2479176145994,-72.831786982871,54,149,667136.657941166,5123878.32235179,-1.917
46.2478683940358,-72.8291943336209,54,150,667336.657941166,5123878.3223518,-2.009
46.2478191147199,-72.8266016911451,54,151,667536.657941166,5123878.32235182,-2.099
46.2477697766521,-72.8240090554515,54,152,667736.657941165,5123878.32235183,-2.125
46.2477203798329,-72.8214164265484,54,153,667936.657941168,5123878.32235184,-2.28
46.2476709242626,-72.8188238044436,54,154,668136.657941167,5123878.32235186,-2.202
46.2476214099416,-72.8162311891453,54,155,668336.65794117,5123878.32235187,-2.174
46.2475718368703,-72.8136385806615,54,156,668536.657941168,5123878.32235189,-2.292
46.2475222050492,-72.8110459790004,54,157,668736.657941168,5123878.3223519,-2.375
46.2474725144785,-72.8084533841698,54,158,668936.657941171,5123878.32235192,-2.567
46.2474227651588,-72.805860796178,54,159,669136.657941171,5123878.32235193,-2.712
46.2473729570904,-72.8032682150329,54,160,669336.657941172,5123878.32235195,-2.751
46.2473230902737,-72.8006756407427,54,161,669536.657941172,5123878.32235196,-2.756
46.2472731647091,-72.7980830733153,54,162,669736.657941172,5123878.32235198,-2.925
46.2472231803971,-72.7954905127589,54,163,669936.657941174,5123878.32235199,-3.145
46.247173137338,-72.7928979590814,54,164,670136.657941176,5123878.32235201,-3.222
46.2471230355322,-72.7903054122911,54,165,670336.657941177,5123878.32235202,-3.329
46.2470728749802,-72.7877128723958,54,166,670536.657941177,5123878.32235203,-3.443
46.2470226556823,-72.7851203394037,54,167,670736.657941176,5123878.32235205,-3.564
46.2469723776389,-72.7825278133228,54,168,670936.657941179,5123878.32235206,-3.687
46.2469220408505,-72.7799352941612,54,169,671136.657941176,5123878.32235208,-3.783
46.2468716453175,-72.7773427819269,54,170,671336.657941179,5123878.32235209,-3.874
46.2468211910403,-72.7747502766281,54,171,671536.657941179,5123878.32235211,-3.943
46.2467706780192,-72.7721577782726,54,172,671736.657941181,5123878.32235212,-3.993
46.2467201062547,-72.7695652868687,54,173,671936.657941181,5123878.32235214,-4.043
46.2466694757472,-72.7669728024244,54,174,672136.657941182,5123878.32235215,-4.134
46.2466187864971,-72.7643803249476,54,175,672336.657941183,5123878.32235217,-4.124
46.2465680385048,-72.7617878544466,54,176,672536.657941183,5123878.32235218,-4.212
46.2465172317707,-72.7591953909292,54,177,672736.657941182,5123878.32235219,-4.293
46.2464663662953,-72.7566029344037,54,178,672936.657941183,5123878.32235221,-4.269
46.2464154420789,-72.754010484878,54,179,673136.657941185,5123878.32235222,-4.393
46.2463644591219,-72.7514180423602,54,180,673336.657941187,5123878.32235224,-4.364
46.2463134174249,-72.7488256068583,54,181,673536.657941184,5123878.32235225,-4.045
46.2462623169881,-72.7462331783805,54,182,673736.657941187,5123878.32235227,-4.746
46.2462111578119,-72.7436407569347,54,183,673936.657941186,5123878.32235228,-5.527
46.2461599398969,-72.741048342529,54,184,674136.657941187,5123878.32235229,-6.365
46.2461086632434,-72.7384559351715,54,185,674336.65794119,5123878.32235231,-13.488
46.2460573278518,-72.7358635348702,54,186,674536.657941191,5123878.32235232,-13.708
46.2460059337226,-72.7332711416332,54,187,674736.65794119,5123878.32235234,-13.818
46.2459544808561,-72.7306787554686,54,188,674936.65794119,5123878.32235235,-13.108
46.2459029692528,-72.7280863763843,54,189,675136.657941191,5123878.32235237,-8.148
46.2458513989131,-72.7254940043885,54,190,675336.657941191,5123878.32235238,-7.297
46.2457997698373,-72.7229016394892,54,191,675536.657941193,5123878.3223524,-6.374
46.245748082026,-72.7203092816944,54,192,675736.657941193,5123878.32235241,-5.531
46.2456963354796,-72.7177169310122,54,193,675936.657941193,5123878.32235243,-5.529
46.2456445301984,-72.7151245874507,54,194,676136.657941196,5123878.32235244,-5.553
46.2455926661828,-72.7125322510178,54,195,676336.657941195,5123878.32235246,-5.301
46.2455407434334,-72.7099399217218,54,196,676536.657941198,5123878.32235247,-4.742
46.2454887619505,-72.7073475995706,54,197,676736.657941198,5123878.32235248,-4.465
46.2454367217345,-72.7047552845722,54,198,676936.657941197,5123878.3223525,-3.961
46.2453846227858,-72.7021629767348,54,199,677136.657941199,5123878.32235251,-3.717
46.245332465105,-72.6995706760663,54,200,677336.657941201,5123878.32235253,-3.55
46.2452802486923,-72.6969783825749,54,201,677536.657941201,5123878.32235254,-3.909
46.2452279735482,-72.6943860962685,54,202,677736.657941199,5123878.32235256,-4.5
46.2451756396732,-72.6917938171553,54,203,677936.6579412,5123878.32235257,-5.191
46.2451232470676,-72.6892015452432,54,204,678136.657941201,5123878.32235259,-5.978
46.2450707957319,-72.6866092805404,54,205,678336.657941203,5123878.3223526,-6.727
46.2450182856666,-72.6840170230549,54,206,678536.657941203,5123878.32235261,-7.162
46.2449657168719,-72.6814247727947,54,207,678736.657941206,5123878.32235263,-6.814
46.2449130893484,-72.6788325297679,54,208,678936.657941204,5123878.32235264,-5.557
46.2448604030965,-72.6762402939825,54,209,679136.657941206,5123878.32235266,-4.337
46.2448076581166,-72.6736480654467,54,210,679336.657941206,5123878.32235267,-3.647
46.2447548544091,-72.6710558441684,54,211,679536.657941208,5123878.32235269,-4.666
46.2447019919744,-72.6684636301556,54,212,679736.657941208,5123878.3223527,-4.695
46.2446490708131,-72.6658714234165,54,213,679936.657941209,5123878.32235272,-2.568
46.2445960909254,-72.6632792239592,54,214,680136.65794121,5123878.32235273,-1.224
46.2445430523119,-72.6606870317915,54,215,680336.657941208,5123878.32235274,-1.037
46.244489954973,-72.6580948469217,54,216,680536.657941212,5123878.32235276,-0.805
46.244436798909,-72.6555026693577,54,217,680736.657941211,5123878.32235277,-0.579
46.2443835841205,-72.6529104991076,54,218,680936.657941214,5123878.32235279,-0.213
46.2443303106078,-72.6503183361794,54,219,681136.657941213,5123878.3223528,-2.023
46.2442769783714,-72.6477261805813,54,220,681336.657941213,5123878.32235282,-1.491
46.2468984041872,-72.8733398325751,55,133,663936.65794117,5123678.32235156,-0.333
46.2468501267276,-72.870747160664,55,134,664136.657941171,5123678.32235157,-0.441
46.2468017905132,-72.8681544953974,55,135,664336.65794117,5123678.32235159,-0.322
46.2467533955442,-72.8655618367834,55,136,664536.657941172,5123678.3223516,-0.501
46.2467049418211,-72.8629691848299,55,137,664736.657941171,5123678.32235161,-0.49
46.2466564293442,-72.8603765395451,55,138,664936.657941173,5123678.32235163,-0.504
46.246607858114,-72.8577839009371,55,139,665136.657941171,5123678.32235164,-0.489
46.2465592281308,-72.8551912690138,55,140,665336.657941175,5123678.32235166,-0.576
46.2465105393951,-72.8525986437834,55,141,665536.657941174,5123678.32235167,-0.703
46.2464617919071,-72.8500060252539,55,142,665736.657941174,5123678.32235169,-0.972
46.2464129856674,-72.8474134134333,55,143,665936.657941176,5123678.3223517,-1.281
46.2463641206764,-72.8448208083298,55,144,666136.657941177,5123678.32235172,-1.6
46.2463151969343,-72.8422282099513,55,145,666336.657941176,5123678.32235173,-1.717
46.2462662144416,-72.839635618306,55,146,666536.657941177,5123678.32235174,-1.742
46.2462171731987,-72.8370430334019,55,147,666736.657941179,5123678.32235176,-1.809
46.246168073206,-72.834450455247,55,148,666936.657941178,5123678.32235177,-1.853
46.2461189144639,-72.8318578838495,55,149,667136.65794118,5123678.32235179,-2.019
46.2460696969728,-72.8292653192173,55,150,667336.657941182,5123678.3223518,-2.099
46.2460204207331,-72.8266727613586,55,151,667536.657941178,5123678.32235182,-2.24
46.2459710857451,-72.8240802102813,55,152,667736.657941181,5123678.32235183,-2.3
46.2459216920094,-72.8214876659936,55,153,667936.657941181,5123678.32235185,-2.439
46.2458722395262,-72.8188951285036,55,154,668136.657941183,5123678.32235186,-2.522
46.245822728296,-72.8163025978191,55,155,668336.657941183,5123678.32235188,-2.391
46.2457731583191,-72.8137100739484,55,156,668536.657941185,5123678.32235189,-2.548
46.2457235295961,-72.8111175568995,55,157,668736.657941185,5123678.3223519,-2.621
46.2456738421272,-72.8085250466804,55,158,668936.657941184,5123678.32235192,-2.657
46.2456240959129,-72.8059325432992,55,159,669136.657941187,5123678.32235193,-2.727
46.2455742909536,-72.803340046764,55,160,669336.657941184,5123678.32235195,-2.838
46.2455244272496,-72.8007475570828,55,161,669536.657941185,5123678.32235196,-2.954
46.2454745048015,-72.7981550742637,55,162,669736.657941186,5123678.32235198,-3.051
46.2454245236095,-72.7955625983146,55,163,669936.657941189,5123678.32235199,-3.249
46.2453744836742,-72.7929701292438,55,164,670136.657941187,5123678.32235201,-3.456
46.2453243849958,-72.7903776670591,55,165,670336.65794119,5123678.32235202,-3.559
46.2452742275748,-72.7877852117688,55,166,670536.65794119,5123678.32235203,-3.61
46.2452240114117,-72.7851927633808,55,167,670736.657941188,5123678.32235205,-3.726
46.2451737365067,-72.7826003219033,55,168,670936.657941191,5123678.32235206,-3.846
46.2451234028604,-72.7800078873442,55,169,671136.657941192,5123678.32235208,-3.897
46.245073010473,-72.7774154597116,55,170,671336.657941194,5123678.32235209,-3.92
46.2450225593452,-72.7748230390136,55,171,671536.657941192,5123678.32235211,-3.914
46.2449720494771,-72.7722306252581,55,172,671736.657941195,5123678.32235212,-3.905
46.2449214808693,-72.7696382184534,55,173,671936.657941193,5123678.32235214,-3.912
46.2448708535222,-72.7670458186075,55,174,672136.657941193,5123678.32235215,-4.135
46.2448201674361,-72.7644534257283,55,175,672336.657941194,5123678.32235217,-4.249
46.2447694226115,-72.761861039824,55,176,672536.657941196,5123678.32235218,-4.351
46.2447186190487,-72.7592686609025,55,177,672736.657941197,5123678.3223522,-4.462
46.2446677567483,-72.756676288972,55,178,672936.657941197,5123678.32235221,-4.57
46.2446168357105,-72.7540839240406,55,179,673136.657941199,5123678.32235222,-4.47
46.2445658559359,-72.7514915661162,55,180,673336.657941202,5123678.32235224,-4.298
46.2445148174248,-72.7488992152069,55,181,673536.6579412,5123678.32235225,-5.286
46.2444637201776,-72.7463068713208,55,182,673736.657941199,5123678.32235227,-6.3
46.2444125641948,-72.743714534466,55,183,673936.657941202,5123678.32235228,-11.298
46.2443613494767,-72.7411222046504,55,184,674136.6579412,5123678.3223523,-13.588
46.2443100760238,-72.7385298818821,55,185,674336.657941201,5123678.32235231,-13.558
46.2442587438365,-72.7359375661693,55,186,674536.657941203,5123678.32235232,-13.338
46.2442073529152,-72.7333452575198,55,187,674736.657941205,5123678.32235234,-12.368
46.2441559032603,-72.7307529559419,55,188,674936.657941206,5123678.32235235,-8.288
46.2441043948723,-72.7281606614435,55,189,675136.657941207,5123678.32235237,-7.189
46.2440528277515,-72.7255683740328,55,190,675336.657941207,5123678.32235238,-6.144
46.2440012018983,-72.7229760937177,55,191,675536.657941205,5123678.3223524,-5.627
46.2439495173133,-72.7203838205063,55,192,675736.657941209,5123678.32235241,-5.387
46.2438977739967,-72.7177915544066,55,193,675936.657941209,5123678.32235243,-5.071
46.2438459719491,-72.7151992954268,55,194,676136.657941208,5123678.32235244,-4.801
46.2437941111708,-72.7126070435748,55,195,676336.657941209,5123678.32235246,-4.571
46.2437421916622,-72.7100147988588,55,196,676536.657941212,5123678.32235247,-4.269
46.2436902134238,-72.7074225612867,55,197,676736.657941209,5123678.32235249,-3.937
46.243638176456,-72.7048303308667,55,198,676936.657941211,5123678.3223525,-3.665
46.2435860807592,-72.7022381076067,55,199,677136.657941213,5123678.32235251,-3.592
46.2435339263339,-72.6996458915148,55,200,677336.657941212,5123678.32235253,-3.875
46.2434817131804,-72.6970536825991,55,201,677536.657941215,5123678.32235254,-4.324
46.2434294412992,-72.6944614808677,55,202,677736.657941216,5123678.32235256,-5.266
46.2433771106906,-72.6918692863285,55,203,677936.657941214,5123678.32235257,-6.477
46.2433247213552,-72.6892770989897,55,204,678136.657941216,5123678.32235259,-6.972
46.2432722732934,-72.6866849188592,55,205,678336.657941217,5123678.3223526,-6.333
46.2432197665055,-72.6840927459452,55,206,678536.65794122,5123678.32235262,-5.543
46.2431672009919,-72.6815005802556,55,207,678736.657941218,5123678.32235263,-4.83
46.2431145767532,-72.6789084217986,55,208,678936.657941217,5123678.32235264,-3.919
46.2430618937898,-72.6763162705822,55,209,679136.657941221,5123678.32235266,-3.557
46.243009152102,-72.6737241266144,55,210,679336.657941218,5123678.32235268,-4.07
46.2429563516902,-72.6711319899033,55,211,679536.657941222,5123678.32235269,-3.726
46.242903492555,-72.6685398604569,55,212,679736.657941222,5123678.3223527,-2.345
46.2428505746968,-72.6659477382833,55,213,679936.657941221,5123678.32235272,-1.521
46.2427975981159,-72.6633556233906,55,214,680136.657941225,5123678.32235273,-1.027
46.2427445628128,-72.6607635157867,55,215,680336.657941226,5123678.32235274,-0.794
46.2426914687879,-72.6581714154798,55,216,680536.657941226,5123678.32235276,-0.502
46.2426383160417,-72.6555793224778,55,217,680736.657941224,5123678.32235278,-0.293
46.2425318343869,-72.650395158421,55,219,681136.657941228,5123678.3223528,-1.37
46.2424785054792,-72.6478030873823,55,220,681336.657941226,5123678.32235282,-2.388
46.2452441255669,-72.8811871745695,56,130,663336.657941182,5123478.32235151,-0.108
46.2451960273771,-72.8785945673983,56,131,663536.657941183,5123478.32235152,-0.208
46.2451478704349,-72.8760019668465,56,132,663736.657941184,5123478.32235154,-0.119
46.2450996547407,-72.8734093729224,56,133,663936.657941186,5123478.32235155,-0.334
46.2450513802948,-72.8708167856338,56,134,664136.657941186,5123478.32235157,-0.529
46.2450030470977,-72.868224204989,56,135,664336.657941183,5123478.32235158,-0.511
46.2449546551498,-72.8656316309959,56,136,664536.657941186,5123478.3223516,-0.506
46.2449062044513,-72.8630390636627,56,137,664736.657941187,5123478.32235161,-0.484
46.2448576950028,-72.8604465029973,56,138,664936.657941189,5123478.32235163,-0.564
46.2448091268045,-72.8578539490079,56,139,665136.657941185,5123478.32235164,-0.677
46.244760499857,-72.8552614017024,56,140,665336.657941189,5123478.32235166,-0.727
46.2447118141606,-72.852668861089,56,141,665536.657941189,5123478.32235167,-0.884
46.2446630697157,-72.8500763271757,56,142,665736.657941192,5123478.32235168,-1.224
46.2446142665226,-72.8474837999706,56,143,665936.65794119,5123478.3223517,-1.75
46.2445654045818,-72.8448912794817,56,144,666136.65794119,5123478.32235171,-1.799
46.2445164838937,-72.842298765717,56,145,666336.657941192,5123478.32235173,-1.84
46.2444675044587,-72.8397062586848,56,146,666536.65794119,5123478.32235174,-1.87
46.2444184662771,-72.8371137583929,56,147,666736.657941193,5123478.32235176,-1.889
46.2443693693493,-72.8345212648495,56,148,666936.657941192,5123478.32235177,-1.915
46.2443202136758,-72.8319287780626,56,149,667136.657941194,5123478.32235179,-2.043
46.244270999257,-72.8293362980403,56,150,667336.657941193,5123478.3223518,-2.137
46.2442217260932,-72.8267438247906,56,151,667536.657941195,5123478.32235182,-2.254
46.2441723941849,-72.8241513583216,56,152,667736.657941193,5123478.32235183,-2.317
46.2441230035324,-72.8215588986413,56,153,667936.657941197,5123478.32235184,-2.49
46.2440735541361,-72.8189664457579,56,154,668136.657941199,5123478.32235186,-2.612
46.2440240459965,-72.8163739996792,56,155,668336.657941197,5123478.32235187,-2.605
46.2439744791139,-72.8137815604136,56,156,668536.657941196,5123478.32235189,-2.624
46.2439248534887,-72.8111891279689,56,157,668736.657941198,5123478.3223519,-2.743
46.2438751691214,-72.8085967023532,56,158,668936.657941199,5123478.32235192,-2.802
46.2438254260124,-72.8060042835746,56,159,669136.657941201,5123478.32235193,-2.895
46.2437756241619,-72.8034118716411,56,160,669336.657941202,5123478.32235195,-3.041
46.2437257635706,-72.8008194665609,56,161,669536.657941202,5123478.32235196,-3.171
46.2436758442386,-72.7982270683419,56,162,669736.657941203,5123478.32235198,-3.264
46.2436258661665,-72.7956346769922,56,163,669936.657941205,5123478.32235199,-3.427
46.2435758293547,-72.7930422925198,56,164,670136.657941203,5123478.32235201,-3.613
46.2435257338035,-72.7904499149329,56,165,670336.657941204,5123478.32235202,-3.632
46.2434755795134,-72.7878575442395,56,166,670536.657941203,5123478.32235203,-3.747
46.2434253664848,-72.7852651804476,56,167,670736.657941205,5123478.32235205,-3.784
46.243375094718,-72.7826728235653,56,168,670936.657941207,5123478.32235206,-3.78
46.2433247642135,-72.7800804736006,56,169,671136.657941205,5123478.32235208,-3.787
46.2432743749717,-72.7774881305616,56,170,671336.657941209,5123478.32235209,-3.856
46.243223926993,-72.7748957944564,56,171,671536.657941209,5123478.32235211,-3.897
46.2431734202778,-72.772303465293,56,172,671736.657941208,5123478.32235212,-3.95
46.2431228548264,-72.7697111430794,56,173,671936.657941209,5123478.32235213,-4.087
46.2430722306394,-72.7671188278238,56,174,672136.657941209,5123478.32235215,-4.259
46.2430215477172,-72.7645265195341,56,175,672336.657941211,5123478.32235217,-4.434
46.24297080606,-72.7619342182184,56,176,672536.657941211,5123478.32235218,-4.55
46.2429200056684,-72.7593419238848,56,177,672736.657941212,5123478.32235219,-4.579
46.2428691465427,-72.7567496365414,56,178,672936.657941211,5123478.32235221,-4.352
46.2428182286834,-72.7541573561961,56,179,673136.657941215,5123478.32235222,-4.666
46.2427672520909,-72.7515650828571,56,180,673336.657941215,5123478.32235224,-5.885
46.2427162167656,-72.7489728165323,56,181,673536.657941213,5123478.32235225,-6.856
46.2426651227078,-72.7463805572299,56,182,673736.657941217,5123478.32235227,-13.628
46.2426139699181,-72.7437883049579,56,183,673936.657941217,5123478.32235228,-13.998
46.2425627583968,-72.7411960597244,56,184,674136.657941218,5123478.32235229,-14.038
46.2425114881443,-72.7386038215373,56,185,674336.657941216,5123478.32235231,-13.828
46.2424601591611,-72.7360115904048,56,186,674536.657941217,5123478.32235232,-8.638
46.2424087714475,-72.7334193663349,56,187,674736.657941218,5123478.32235234,-8.058
46.242357325004,-72.7308271493357,56,188,674936.657941219,5123478.32235235,-6.817
46.242305819831,-72.7282349394152,56,189,675136.657941222,5123478.32235237,-5.805
46.2422542559289,-72.7256427365814,56,190,675336.657941223,5123478.32235238,-5.572
46.2422026332982,-72.7230505408425,56,191,675536.657941223,5123478.3223524,-5.224
46.2421509519391,-72.7204583522064,56,192,675736.657941223,5123478.32235241,-4.953
46.2420992118523,-72.7178661706812,56,193,675936.657941225,5123478.32235242,-4.735
46.242047413038,-72.715273996275,56,194,676136.657941224,5123478.32235244,-4.497
46.2419955554967,-72.7126818289959,56,195,676336.657941225,5123478.32235245,-4.21
46.2419436392288,-72.7100896688518,56,196,676536.657941227,5123478.32235247,-3.986
46.2418916642347,-72.7074975158508,56,197,676736.657941225,5123478.32235248,-3.566
46.2418396305149,-72.704905370001,56,198,676936.657941228,5123478.3223525,-3.677
46.2417875380698,-72.7023132313104,56,199,677136.657941229,5123478.32235251,-3.976
46.2417353868997,-72.6997210997871,56,200,677336.657941229,5123478.32235253,-4.854
46.2416831770052,-72.6971289754392,56,201,677536.657941229,5123478.32235254,-5.806
46.2416309083866,-72.6945368582746,56,202,677736.657941229,5123478.32235256,-6.83
46.2415785810444,-72.6919447483014,56,203,677936.657941231,5123478.32235257,-6.588
46.2415261949789,-72.6893526455277,56,204,678136.65794123,5123478.32235259,-5.595
46.2414737501906,-72.6867605499616,56,205,678336.657941232,5123478.3223526,-4.546
46.24142124668,-72.684168461611,56,206,678536.657941233,5123478.32235261,-4.045
46.2413686844474,-72.6815763804841,56,207,678736.657941231,5123478.32235263,-3.844
46.2413160634933,-72.6789843065888,56,208,678936.657941234,5123478.32235264,-3.426
46.2412633838181,-72.6763922399333,56,209,679136.657941234,5123478.32235266,-3.506
46.2412106454222,-72.6738001805255,56,210,679336.657941236,5123478.32235267,-3.106
46.241157848306,-72.6712081283735,56,211,679536.657941238,5123478.32235269,-1.997
46.24110499247,-72.6686160834854,56,212,679736.657941235,5123478.3223527,-1.537
46.2410520779146,-72.6660240458693,56,213,679936.657941236,5123478.32235272,-1.262
46.2409991046403,-72.6634320155331,56,214,680136.657941238,5123478.32235273,-0.821
46.2409460726474,-72.660839992485,56,215,680336.657941238,5123478.32235275,-0.518
46.2408929819363,-72.6582479767329,56,216,680536.65794124,5123478.32235276,-0.249
46.2408398325076,-72.6556559682849,56,217,680736.657941242,5123478.32235277,-0.165
46.2434934028906,-72.8838489835981,57,129,663136.657941196,5123278.3223515,-0.188
46.2434453664525,-72.881256454433,57,130,663336.657941196,5123278.32235151,-0.358
46.2433972712652,-72.8786639318786,57,131,663536.657941197,5123278.32235152,-0.412
46.2433491173292,-72.8760714159429,57,132,663736.657941196,5123278.32235154,-0.326
46.2433009046448,-72.873478906634,57,133,663936.657941199,5123278.32235155,-0.421
46.2432526332124,-72.87088640396,57,134,664136.657941198,5123278.32235157,-0.507
46.2432043030325,-72.8682939079289,57,135,664336.657941199,5123278.32235158,-0.552
46.2431559141053,-72.8657014185487,57,136,664536.6579412,5123278.3223516,-0.626
46.2431074664313,-72.8631089358276,57,137,664736.657941198,5123278.32235161,-0.586
46.2430589600109,-72.8605164597735,57,138,664936.657941203,5123278.32235163,-0.694
46.2430103948445,-72.8579239903946,57,139,665136.657941203,5123278.32235164,-0.837
46.2429617709325,-72.8553315276989,57,140,665336.657941201,5123278.32235165,-1.015
46.2429130882751,-72.8527390716945,57,141,665536.657941202,5123278.32235167,-1.44
46.242864346873,-72.8501466223893,57,142,665736.657941202,5123278.32235168,-1.696
46.2428155467264,-72.8475541797916,57,143,665936.657941204,5123278.3223517,-1.839
46.2427666878357,-72.8449617439093,57,144,666136.657941204,5123278.32235171,-2.017
46.2427177702014,-72.8423693147504,57,145,666336.657941204,5123278.32235173,-1.936
46.2426687938237,-72.8397768923232,57,146,666536.657941205,5123278.32235174,-1.984
46.2426197587032,-72.8371844766355,57,147,666736.657941205,5123278.32235176,-1.982
46.2425706648403,-72.8345920676955,57,148,666936.657941205,5123278.32235177,-2.022
46.2425215122352,-72.8319996655111,57,149,667136.657941206,5123278.32235179,-2.108
46.2424723008884,-72.8294072700906,57,150,667336.657941209,5123278.3223518,-2.249
46.2424230308004,-72.8268148814419,57,151,667536.657941208,5123278.32235182,-2.38
46.2423737019714,-72.8242224995731,57,152,667736.657941212,5123278.32235183,-2.482
46.242324314402,-72.8216301244922,57,153,667936.65794121,5123278.32235184,-2.587
46.2422748680924,-72.8190377562073,57,154,668136.657941211,5123278.32235186,-2.669
46.2422253630432,-72.8164453947265,57,155,668336.657941213,5123278.32235187,-2.78
46.2421757992547,-72.8138530400577,57,156,668536.657941212,5123278.32235189,-2.783
46.2421261767272,-72.8112606922092,57,157,668736.657941211,5123278.3223519,-2.833
46.2420764954613,-72.8086683511888,57,158,668936.657941214,5123278.32235192,-3.056
46.2420267554572,-72.8060760170048,57,159,669136.657941214,5123278.32235193,-3.164
46.2419769567155,-72.803483689665,57,160,669336.657941216,5123278.32235195,-3.246
46.2419270992365,-72.8008913691777,57,161,669536.657941218,5123278.32235196,-3.278
46.2418771830206,-72.7982990555508,57,162,669736.657941217,5123278.32235198,-3.357
46.2418272080682,-72.7957067487924,57,163,669936.657941218,5123278.32235199,-3.444
46.2417771743797,-72.7931144489105,57,164,670136.657941218,5123278.322352,-3.537
46.2417270819555,-72.7905221559133,57,165,670336.657941218,5123278.32235202,-3.675
46.241676930796,-72.7879298698087,57,166,670536.657941219,5123278.32235203,-3.662
46.2416267209017,-72.7853375906048,57,167,670736.657941222,5123278.32235205,-3.712
46.2415764522729,-72.7827453183097,57,168,670936.657941221,5123278.32235206,-3.716
46.24152612491,-72.7801530529314,57,169,671136.65794122,5123278.32235208,-3.826
46.2414757388135,-72.7775607944779,57,170,671336.657941221,5123278.32235209,-3.883
46.2414252939838,-72.7749685429575,57,171,671536.657941225,5123278.3223521,-3.934
46.2413747904212,-72.7723762983779,57,172,671736.657941223,5123278.32235212,-4.074
46.2413242281261,-72.7697840607475,57,173,671936.657941223,5123278.32235213,-4.21
46.2412736070991,-72.7671918300741,57,174,672136.657941225,5123278.32235215,-4.394
46.2412229273404,-72.7645996063659,57,175,672336.657941224,5123278.32235216,-4.569
46.2411721888505,-72.7620073896308,57,176,672536.657941224,5123278.32235218,-4.441
46.2411213916298,-72.759415179877,57,177,672736.657941228,5123278.32235219,-4.188
46.2410705356788,-72.7568229771125,57,178,672936.657941226,5123278.32235221,-4.96
46.2410196209977,-72.7542307813454,57,179,673136.657941226,5123278.32235222,-6.186
46.2409686475871,-72.7516385925837,57,180,673336.65794123,5123278.32235224,-10.528
46.2409176154473,-72.7490464108354,57,181,673536.65794123,5123278.32235225,-13.558
46.2408665245788,-72.7464542361086,57,182,673736.657941231,5123278.32235226,-14.448
46.2408153749819,-72.7438620684114,57,183,673936.657941231,5123278.32235228,-14.578
46.2407641666572,-72.7412699077519,57,184,674136.657941234,5123278.32235229,-13.728
46.2407128996049,-72.738677754138,57,185,674336.657941233,5123278.32235231,-8.128
46.2406615738255,-72.7360856075778,57,186,674536.657941233,5123278.32235232,-6.796
46.2406101893195,-72.7334934680793,57,187,674736.657941234,5123278.32235234,-5.884
46.2405587460872,-72.7309013356507,57,188,674936.657941235,5123278.32235235,-5.291
46.240507244129,-72.7283092103,57,189,675136.657941235,5123278.32235237,-5.427
46.2404556834454,-72.7257170920352,57,190,675336.657941235,5123278.32235238,-5.192
46.2404040640368,-72.7231249808644,57,191,675536.657941236,5123278.3223524,-4.872
46.2403523859036,-72.7205328767956,57,192,675736.657941236,5123278.32235241,-4.659
46.2403006490462,-72.7179407798369,57,193,675936.657941238,5123278.32235242,-4.377
46.2402488534651,-72.7153486899963,57,194,676136.65794124,5123278.32235244,-4.117
46.2401969991606,-72.7127566072818,57,195,676336.657941238,5123278.32235245,-3.87
46.2401450861331,-72.7101645317016,57,196,676536.657941238,5123278.32235247,-3.997
46.2400931143832,-72.7075724632637,57,197,676736.657941239,5123278.32235248,-4.109
46.2400410839112,-72.7049804019761,57,198,676936.657941243,5123278.3223525,-4.996
46.2399889947175,-72.7023883478469,57,199,677136.657941243,5123278.32235251,-6.034
46.2399368468025,-72.6997963008841,57,200,677336.657941242,5123278.32235253,-6.529
46.2398846401668,-72.6972042610958,57,201,677536.657941243,5123278.32235254,-6.205
46.2398323748106,-72.6946122284901,57,202,677736.657941245,5123278.32235256,-5.469
46.2397800507344,-72.6920202030749,57,203,677936.657941245,5123278.32235257,-4.393
46.2397276679387,-72.6894281848583,57,204,678136.657941245,5123278.32235258,-3.912
46.2396752264238,-72.6868361738484,57,205,678336.657941244,5123278.3223526,-3.724
46.2396227261902,-72.6842441700532,57,206,678536.657941247,5123278.32235261,-3.425
46.2395701672384,-72.6816521734808,57,207,678736.657941247,5123278.32235263,-3.012
46.2395175495686,-72.6790601841392,57,208,678936.657941249,5123278.32235264,-2.75
46.2394648731814,-72.6764682020365,57,209,679136.657941249,5123278.32235266,-2.263
46.2394121380772,-72.6738762271807,57,210,679336.657941248,5123278.32235267,-1.468
46.2393593442564,-72.6712842595799,57,211,679536.65794125,5123278.32235269,-1.379
46.2393064917194,-72.668692299242,57,212,679736.657941252,5123278.3223527,-1.388
46.2392535804667,-72.6661003461753,57,213,679936.657941251,5123278.32235271,-0.964
46.2392006104986,-72.6635084003876,57,214,680136.657941251,5123278.32235273,-0.338
46.2391475818157,-72.6609164618871,57,215,680336.657941253,5123278.32235274,-0.165
46.2390944944183,-72.6583245306818,57,216,680536.657941253,5123278.32235276,-0.168
46.2417905307696,-72.8891030811498,58,127,662736.657941209,5123078.32235147,-0.038
46.2417426148223,-72.8865106233986,58,128,662936.657941208,5123078.32235148,-0.306
46.2416946401287,-72.8839181722413,58,129,663136.65794121,5123078.32235149,-0.432
46.2416466066892,-72.8813257276858,58,130,663336.65794121,5123078.32235151,-0.497
46.2415985145043,-72.8787332897402,58,131,663536.65794121,5123078.32235152,-0.452
46.2415503635742,-72.8761408584125,58,132,663736.657941213,5123078.32235154,-0.4
46.2415021538995,-72.8735484337108,58,133,663936.657941214,5123078.32235155,-0.506
46.2414538854804,-72.8709560156432,58,134,664136.657941214,5123078.32235157,-0.648
46.2414055583174,-72.8683636042177,58,135,664336.657941215,5123078.32235158,-0.807
46.2413571724108,-72.8657711994424,58,136,664536.657941214,5123078.3223516,-0.886
46.2413087277611,-72.8631788013254,58,137,664736.657941215,5123078.32235161,-0.876
46.2412602243687,-72.8605864098746,58,138,664936.657941217,5123078.32235163,-0.887
46.2412116622339,-72.8579940250982,58,139,665136.657941217,5123078.32235164,-1.134
46.2411630413571,-72.8554016470042,58,140,665336.657941216,5123078.32235165,-1.592
46.2411143617387,-72.8528092756007,58,141,665536.657941218,5123078.32235167,-1.92
46.2410656233791,-72.8502169108956,58,142,665736.657941219,5123078.32235168,-1.956
46.2410168262788,-72.8476245528972,58,143,665936.657941218,5123078.3223517,-1.975
46.240967970438,-72.8450322016134,58,144,666136.657941222,5123078.32235171,-2.068
46.2409190558572,-72.8424398570523,58,145,666336.657941219,5123078.32235173,-2.131
46.2408700825368,-72.8398475192219,58,146,666536.657941222,5123078.32235174,-2.047
46.2408210504772,-72.8372551881304,58,147,666736.657941221,5123078.32235175,-2.159
46.2407719596788,-72.8346628637857,58,148,666936.657941222,5123078.32235177,-2.182
46.2407228101419,-72.8320705461959,58,149,667136.657941224,5123078.32235179,-2.314
46.2406736018671,-72.8294782353691,58,150,667336.657941222,5123078.3223518,-2.369
46.2406243348546,-72.8268859313133,58,151,667536.657941224,5123078.32235182,-2.507
46.2405750091048,-72.8242936340366,58,152,667736.657941224,5123078.32235183,-2.655
46.2405256246182,-72.821701343547,58,153,667936.657941224,5123078.32235184,-2.716
46.2404761813952,-72.8191090598527,58,154,668136.657941227,5123078.32235186,-2.786
46.2404266794361,-72.8165167829615,58,155,668336.657941227,5123078.32235187,-2.909
46.2403771187415,-72.8139245128817,58,156,668536.657941226,5123078.32235189,-3.032
46.2403274993115,-72.8113322496213,58,157,668736.657941228,5123078.3223519,-3.127
46.2402778211467,-72.8087399931882,58,158,668936.657941227,5123078.32235192,-3.267
46.2402280842475,-72.8061477435906,58,159,669136.657941227,5123078.32235193,-3.365
46.2401782886143,-72.8035555008366,58,160,669336.657941231,5123078.32235194,-3.286
46.2401284342474,-72.8009632649341,58,161,669536.65794123,5123078.32235196,-3.306
46.2400785211473,-72.7983710358912,58,162,669736.65794123,5123078.32235197,-3.395
46.2400285493144,-72.795778813716,58,163,669936.657941232,5123078.32235199,-3.527
46.239978518749,-72.7931865984166,58,164,670136.657941233,5123078.322352,-3.504
46.2399284294516,-72.7905943900009,58,165,670336.657941234,5123078.32235202,-3.589
46.2398782814226,-72.7880021884771,58,166,670536.657941232,5123078.32235203,-3.717
46.2398280746624,-72.7854099938532,58,167,670736.657941236,5123078.32235205,-3.756
46.2397778091714,-72.7828178061372,58,168,670936.657941235,5123078.32235206,-3.82
46.23972748495,-72.7802256253372,58,169,671136.657941234,5123078.32235208,-3.772
46.2396771019986,-72.7776334514613,58,170,671336.657941239,5123078.32235209,-3.979
46.2396266603176,-72.7750412845175,58,171,671536.657941237,5123078.3223521,-4.099
46.2395761599074,-72.7724491245139,58,172,671736.657941238,5123078.32235212,-4.227
46.2395256007684,-72.7698569714585,58,173,671936.65794124,5123078.32235213,-4.362
46.2394749829011,-72.7672648253593,58,174,672136.657941238,5123078.32235215,-4.339
46.2394243063058,-72.7646726862244,58,175,672336.657941238,5123078.32235216,-4.087
46.239373570983,-72.762080554062,58,176,672536.65794124,5123078.32235218,-4.196
46.239322776933,-72.7594884288799,58,177,672736.657941242,5123078.32235219,-4.899
46.2392719241563,-72.7568963106863,58,178,672936.657941241,5123078.32235221,-6.103
46.2392210126533,-72.7543041994893,58,179,673136.657941242,5123078.32235222,-13.038
46.2391700424244,-72.7517120952968,58,180,673336.657941244,5123078.32235224,-14.528
46.23911901347,-72.749119998117,58,181,673536.657941242,5123078.32235225,-14.318
46.2390679257905,-72.7465279079578,58,182,673736.657941243,5123078.32235226,-14.218
46.2390167793863,-72.7439358248274,58,183,673936.657941245,5123078.32235228,-8.008
46.2389655742578,-72.7413437487337,58,184,674136.657941246,5123078.32235229,-6.782
46.2389143104056,-72.7387516796849,58,185,674336.657941248,5123078.32235231,-6.099
46.2388629878298,-72.736159617689,58,186,674536.657941246,5123078.32235232,-5.157
46.2388116065311,-72.7335675627539,58,187,674736.657941248,5123078.32235234,-5.004
46.2387601665098,-72.7309755148879,58,188,674936.657941247,5123078.32235235,-4.805
46.2387086677663,-72.7283834740989,58,189,675136.657941251,5123078.32235236,-4.564
46.238657110301,-72.7257914403951,58,190,675336.65794125,5123078.32235238,-4.509
46.2386054941143,-72.7231994137843,58,191,675536.657941252,5123078.32235239,-4.36
46.2385538192067,-72.7206073942747,58,192,675736.65794125,5123078.32235241,-4.326
46.2385020855786,-72.7180153818744,58,193,675936.657941252,5123078.32235242,-4.342
46.2384502932304,-72.7154233765913,58,194,676136.657941252,5123078.32235244,-4.332
46.2383984421625,-72.7128313784336,58,195,676336.657941254,5123078.32235245,-4.565
46.2383465323753,-72.7102393874092,58,196,676536.657941255,5123078.32235247,-4.987
46.2382945638693,-72.7076474035263,58,197,676736.657941255,5123078.32235248,-5.514
46.2382425366448,-72.7050554267929,58,198,676936.657941255,5123078.3223525,-5.902
46.2381904507024,-72.702463457217,58,199,677136.657941256,5123078.32235251,-5.496
46.2381383060423,-72.6998714948067,58,200,677336.657941259,5123078.32235252,-4.881
46.2380861026651,-72.69727953957,58,201,677536.657941259,5123078.32235254,-4.267
46.2380338405711,-72.694687591515,58,202,677736.657941258,5123078.32235255,-3.885
46.2379815197608,-72.6920956506497,58,203,677936.657941261,5123078.32235257,-3.526
46.2379291402346,-72.6895037169822,58,204,678136.65794126,5123078.32235258,-3.33
46.2378767019929,-72.6869117905205,58,205,678336.657941263,5123078.3223526,-2.798
46.2378242050361,-72.6843198712726,58,206,678536.657941259,5123078.32235261,-2.187
46.2377716493648,-72.6817279592467,58,207,678736.657941261,5123078.32235263,-1.739
46.2377190349792,-72.6791360544508,58,208,678936.657941262,5123078.32235264,-1.382
46.2376663618798,-72.6765441568928,58,209,679136.657941265,5123078.32235265,-1.204
46.2376136300671,-72.673952266581,58,210,679336.657941263,5123078.32235267,-1.1
46.2375608395414,-72.6713603835232,58,211,679536.657941265,5123078.32235269,-1.175
46.2375079903032,-72.6687685077276,58,212,679736.657941264,5123078.3223527,-1.185
46.2374550823529,-72.6661766392022,58,213,679936.657941264,5123078.32235271,-0.814
46.2400396155864,-72.8917644737188,59,126,662536.657941223,5122878.32235145,-0.174
46.2399917613732,-72.8891720939858,59,127,662736.657941221,5122878.32235147,-0.34
46.239943848417,-72.8865797208377,59,128,662936.657941225,5122878.32235148,-0.462
46.2398958767182,-72.8839873542827,59,129,663136.657941223,5122878.3223515,-0.476
46.2398478462772,-72.8813949943287,59,130,663336.657941226,5122878.32235151,-0.519
46.2397997570943,-72.8788026409838,59,131,663536.657941226,5122878.32235152,-0.614
46.2397516091701,-72.8762102942561,59,132,663736.657941228,5122878.32235154,-0.752
46.2397034025047,-72.8736179541536,59,133,663936.657941227,5122878.32235155,-0.874
46.2396551370988,-72.8710256206843,59,134,664136.657941227,5122878.32235157,-1
46.2396068129525,-72.8684332938564,59,135,664336.65794123,5122878.32235158,-1.106
46.2395584300664,-72.8658409736779,59,136,664536.657941228,5122878.3223516,-1.434
46.2395099884408,-72.8632486601569,59,137,664736.657941228,5122878.32235161,-1.6
46.2394614880761,-72.8606563533013,59,138,664936.65794123,5122878.32235163,-1.806
46.2394129289726,-72.8580640531194,59,139,665136.657941231,5122878.32235164,-1.926
46.2393643111309,-72.855471759619,59,140,665336.657941229,5122878.32235165,-2.022
46.2393156345513,-72.8528794728083,59,141,665536.65794123,5122878.32235167,-2.061
46.2392668992341,-72.8502871926953,59,142,665736.657941233,5122878.32235169,-2.197
46.2392181051798,-72.8476949192882,59,143,665936.657941233,5122878.3223517,-2.191
46.2391692523887,-72.8451026525948,59,144,666136.657941234,5122878.32235171,-2.154
46.2391203408613,-72.8425103926234,59,145,666336.657941235,5122878.32235173,-2.305
46.239071370598,-72.8399181393819,59,146,666536.657941235,5122878.32235174,-2.242
46.2390223415991,-72.8373258928784,59,147,666736.657941236,5122878.32235176,-2.263
46.238973253865,-72.834733653121,59,148,666936.657941236,5122878.32235177,-2.407
46.2389241073962,-72.8321414201177,59,149,667136.657941238,5122878.32235179,-2.452
46.238874902193,-72.8295491938766,59,150,667336.657941238,5122878.3223518,-2.587
46.2388256382558,-72.8269569744056,59,151,667536.657941238,5122878.32235182,-2.683
46.238776315585,-72.824364761713,59,152,667736.657941238,5122878.32235183,-2.782
46.2387269341811,-72.8217725558067,59,153,667936.657941241,5122878.32235184,-2.877
46.2386774940444,-72.8191803566948,59,154,668136.657941241,5122878.32235186,-2.961
46.2386279951754,-72.8165881643853,59,155,668336.657941243,5122878.32235187,-3.038
46.2385784375743,-72.8139959788864,59,156,668536.657941244,5122878.32235189,-3.238
46.2385288212417,-72.8114038002059,59,157,668736.657941241,5122878.3223519,-3.282
46.2384791461779,-72.8088116283521,59,158,668936.657941243,5122878.32235192,-3.307
46.2384294123833,-72.806219463333,59,159,669136.657941242,5122878.32235193,-3.317
46.2383796198583,-72.8036273051565,59,160,669336.657941245,5122878.32235194,-3.254
46.2383297686034,-72.8010351538308,59,161,669536.657941244,5122878.32235196,-3.306
46.2382798586189,-72.7984430093639,59,162,669736.657941244,5122878.32235197,-3.399
46.2382298899052,-72.7958508717639,59,163,669936.657941246,5122878.32235199,-3.419
46.2381798624628,-72.7932587410388,59,164,670136.657941247,5122878.322352,-3.424
46.238129776292,-72.7906666171967,59,165,670336.657941249,5122878.32235202,-3.557
46.2380796313933,-72.7880745002456,59,166,670536.657941246,5122878.32235203,-3.734
46.238029427767,-72.7854823901936,59,167,670736.65794125,5122878.32235205,-3.779
46.2379791654135,-72.7828902870488,59,168,670936.657941249,5122878.32235206,-3.931
46.2379288443333,-72.7802981908191,59,169,671136.657941251,5122878.32235208,-3.977
46.2378784645268,-72.7777061015126,59,170,671336.65794125,5122878.32235209,-4.077
46.2378280259943,-72.7751140191374,59,171,671536.65794125,5122878.32235211,-4.14
46.2377775287364,-72.7725219437016,59,172,671736.657941253,5122878.32235212,-4.202
46.2377269727533,-72.7699298752132,59,173,671936.657941255,5122878.32235213,-3.946
46.2376763580455,-72.7673378136802,59,174,672136.657941253,5122878.32235215,-3.844
46.2376256846134,-72.7647457591107,59,175,672336.657941256,5122878.32235216,-4.494
46.2375749524574,-72.7621537115127,59,176,672536.657941257,5122878.32235218,-4.941
46.237524161578,-72.7595616708943,59,177,672736.657941257,5122878.32235219,-8.948
46.2374733119754,-72.7569696372636,59,178,672936.657941256,5122878.32235221,-13.588
46.2374224036503,-72.7543776106286,59,179,673136.657941255,5122878.32235222,-14.528
46.2373714366028,-72.7517855909973,59,180,673336.657941255,5122878.32235224,-14.598
46.2373204108336,-72.7491935783778,59,181,673536.657941258,5122878.32235225,-13.828
46.2372693263429,-72.7466015727782,59,182,673736.657941258,5122878.32235226,-6.609
46.2372181831312,-72.7440095742065,59,183,673936.657941259,5122878.32235228,-6.073
46.2371669811989,-72.7414175826707,59,184,674136.657941259,5122878.3223523,-5.154
46.2371157205464,-72.7388255981789,59,185,674336.65794126,5122878.32235231,-4.432
46.2370644011741,-72.7362336207392,59,186,674536.657941259,5122878.32235232,-4.344
46.2370130230825,-72.7336416503596,59,187,674736.657941265,5122878.32235234,-4.24
46.2369615862719,-72.7310496870481,59,188,674936.657941261,5122878.32235235,-4.199
46.2369100907428,-72.7284577308128,59,189,675136.657941265,5122878.32235237,-4.03
46.2368585364956,-72.7258657816618,59,190,675336.657941265,5122878.32235238,-3.947
46.2368069235307,-72.723273839603,59,191,675536.657941267,5122878.3223524,-3.797
46.2367552518485,-72.7206819046446,59,192,675736.657941267,5122878.32235241,-3.699
46.2367035214495,-72.7180899767946,59,193,675936.657941269,5122878.32235242,-3.754
46.236651732334,-72.715498056061,59,194,676136.657941266,5122878.32235244,-3.865
46.2365998845025,-72.7129061424519,59,195,676336.657941267,5122878.32235245,-4.09
46.2365479779553,-72.7103142359754,59,196,676536.657941268,5122878.32235247,-4.15
46.236496012693,-72.7077223366394,59,197,676736.65794127,5122878.32235248,-4.185
46.2364439887159,-72.7051304444521,59,198,676936.65794127,5122878.3223525,-3.996
46.2363919060244,-72.7025385594215,59,199,677136.657941272,5122878.32235251,-3.72
46.2363397646191,-72.6999466815556,59,200,677336.657941273,5122878.32235253,-3.408
46.2362875645002,-72.6973548108625,59,201,677536.657941273,5122878.32235254,-3.159
46.2362353056682,-72.6947629473502,59,202,677736.657941272,5122878.32235255,-2.957
46.2361829881235,-72.6921710910267,59,203,677936.657941273,5122878.32235257,-2.593
46.2361306118666,-72.6895792419002,59,204,678136.657941274,5122878.32235259,-2.042
46.2360781768979,-72.6869873999787,59,205,678336.657941277,5122878.3223526,-1.414
46.2360256832178,-72.6843955652702,59,206,678536.657941278,5122878.32235261,-1.297
46.2359731308267,-72.6818037377827,59,207,678736.657941277,5122878.32235263,-1.225
46.235920519725,-72.6792119175243,59,208,678936.657941279,5122878.32235264,-1.014
46.2358678499133,-72.6766201045031,59,209,679136.657941277,5122878.32235266,-1.054
46.2358151213918,-72.6740282987271,59,210,679336.657941279,5122878.32235267,-1.105
46.235762334161,-72.6714365002044,59,211,679536.657941281,5122878.32235268,-1.125
46.2357094882214,-72.6688447089429,59,212,679736.65794128,5122878.3223527,-0.941
46.2356565835734,-72.6662529249508,59,213,679936.65794128,5122878.32235271,-0.469
46.2382886350407,-72.8944256970874,60,125,662336.657941236,5122678.32235144,-0.27
46.2382408425545,-72.8918333953741,60,126,662536.657941236,5122678.32235145,-0.39
46.2381929913285,-72.8892411002369,60,127,662736.657941239,5122678.32235147,-0.487
46.2381450813632,-72.8866488116838,60,128,662936.657941239,5122678.32235148,-0.494
46.238097112659,-72.884056529723,60,129,663136.65794124,5122678.3223515,-0.565
46.2380490852163,-72.8814642543625,60,130,663336.657941239,5122678.32235151,-0.785
46.2380009990354,-72.8788719856102,60,131,663536.657941243,5122678.32235153,-0.992
46.2379528541167,-72.8762797234744,60,132,663736.657941239,5122678.32235154,-1.168
46.2379046504606,-72.873687467963,60,133,663936.657941242,5122678.32235155,-1.314
46.2378563880675,-72.8710952190841,60,134,664136.657941241,5122678.32235157,-1.437
46.2378080669378,-72.8685029768457,60,135,664336.657941244,5122678.32235158,-1.535
46.2377596870719,-72.865910741256,60,136,664536.657941245,5122678.3223516,-1.472
46.2377112484702,-72.8633185123229,60,137,664736.657941242,5122678.32235161,-1.77
46.237662751133,-72.8607262900545,60,138,664936.657941246,5122678.32235163,-1.935
46.2376141950608,-72.8581340744589,60,139,665136.657941244,5122678.32235164,-2.046
46.237565580254,-72.8555418655441,60,140,665336.657941245,5122678.32235165,-2.105
46.2375169067128,-72.8529496633182,60,141,665536.657941245,5122678.32235167,-2.126
46.2374681744379,-72.8503574677893,60,142,665736.657941247,5122678.32235169,-2.247
46.2374193834294,-72.8477652789653,60,143,665936.65794125,5122678.3223517,-2.294
46.2373705336879,-72.8451730968544,60,144,666136.657941249,5122678.32235171,-2.311
46.2373216252136,-72.8425809214645,60,145,666336.657941247,5122678.32235173,-2.391
46.2372726580071,-72.8399887528039,60,146,666536.657941251,5122678.32235174,-2.465
46.2372236320687,-72.8373965908804,60,147,666736.657941249,5122678.32235176,-2.462
46.2371745473988,-72.8348044357022,60,148,666936.657941251,5122678.32235177,-2.564
46.2371254039978,-72.8322122872773,60,149,667136.657941253,5122678.32235179,-2.676
46.2370762018661,-72.8296201456138,60,150,667336.657941252,5122678.3223518,-2.754
46.237026941004,-72.8270280107197,60,151,667536.657941254,5122678.32235181,-2.871
46.2369776214121,-72.8244358826031,60,152,667736.657941252,5122678.32235183,-2.969
46.2369282430906,-72.821843761272,60,153,667936.657941254,5122678.32235184,-3.064
46.2368788060401,-72.8192516467345,60,154,668136.657941254,5122678.32235186,-3.127
46.2368293102608,-72.8166595389986,60,155,668336.657941256,5122678.32235187,-3.163
46.2367797557532,-72.8140674380725,60,156,668536.657941258,5122678.32235189,-3.256
46.2367301425177,-72.811475343964,60,157,668736.657941256,5122678.3223519,-3.289
46.2366804705546,-72.8088832566814,60,158,668936.657941256,5122678.32235192,-3.274
46.2366307398645,-72.8062911762326,60,159,669136.657941258,5122678.32235193,-3.211
46.2365809504476,-72.8036991026257,60,160,669336.65794126,5122678.32235194,-3.224
46.2365311023044,-72.8011070358687,60,161,669536.657941258,5122678.32235196,-3.286
46.2364811954353,-72.7985149759698,60,162,669736.657941261,5122678.32235198,-3.336
46.2364312298407,-72.7959229229369,60,163,669936.657941262,5122678.32235199,-3.406
46.236381205521,-72.7933308767781,60,164,670136.657941262,5122678.322352,-3.466
46.2363311224766,-72.7907388375015,60,165,670336.657941263,5122678.32235202,-3.604
46.2362809807079,-72.7881468051151,60,166,670536.657941264,5122678.32235203,-3.779
46.2362307802153,-72.7855547796269,60,167,670736.657941262,5122678.32235205,-3.988
46.2361805209992,-72.7829627610451,60,168,670936.657941263,5122678.32235206,-4.056
46.2361302030601,-72.7803707493776,60,169,671136.657941264,5122678.32235208,-4.166
46.2360798263982,-72.7777787446326,60,170,671336.657941264,5122678.32235209,-4.085
46.2360293910141,-72.775186746818,60,171,671536.657941265,5122678.3223521,-4.055
46.2359788969082,-72.7725947559419,60,172,671736.657941265,5122678.32235212,-3.645
46.2359283440807,-72.7700027720124,60,173,671936.657941267,5122678.32235213,-3.795
46.2358777325323,-72.7674107950375,60,174,672136.657941268,5122678.32235215,-4.638
46.2358270622632,-72.7648188250253,60,175,672336.657941269,5122678.32235216,-4.871
46.2357763332738,-72.7622268619838,60,176,672536.657941271,5122678.32235218,-13.408
46.2357255455647,-72.7596349059211,60,177,672736.657941271,5122678.32235219,-14.478
46.2356746991361,-72.7570429568452,60,178,672936.65794127,5122678.32235221,-14.688
46.2356237939886,-72.7544510147642,60,179,673136.657941271,5122678.32235222,-14.538
46.2355728301224,-72.751859079686,60,180,673336.657941273,5122678.32235224,-9.088
46.2355218075381,-72.7492671516189,60,181,673536.657941271,5122678.32235225,-5.839
46.235470726236,-72.7466752305707,60,182,673736.657941274,5122678.32235226,-4.981
46.2354195862166,-72.7440833165497,60,183,673936.657941275,5122678.32235228,-4.453
46.2353683874802,-72.7414914095637,60,184,674136.657941275,5122678.32235229,-3.915
46.2353171300273,-72.7388995096209,60,185,674336.657941275,5122678.32235231,-3.916
46.2352658138583,-72.7363076167294,60,186,674536.657941278,5122678.32235232,-3.944
46.2352144389735,-72.733715730897,60,187,674736.657941278,5122678.32235234,-3.674
46.2351630053735,-72.731123852132,60,188,674936.657941275,5122678.32235235,-3.284
46.2351115130587,-72.7285319804424,60,189,675136.657941278,5122678.32235237,-3.012
46.2350599620293,-72.7259401158362,60,190,675336.65794128,5122678.32235238,-3.034
46.235008352286,-72.7233482583214,60,191,675536.657941281,5122678.3223524,-3.203
46.234956683829,-72.7207564079061,60,192,675736.657941281,5122678.32235241,-3.3
46.2349049566588,-72.7181645645984,60,193,675936.657941282,5122678.32235243,-3.32
46.2348531707758,-72.7155727284062,60,194,676136.657941284,5122678.32235244,-3.374
46.2348013261804,-72.7129808993378,60,195,676336.657941283,5122678.32235245,-3.31
46.2347494228731,-72.710389077401,60,196,676536.657941284,5122678.32235247,-3.274
46.2346974608543,-72.7077972626039,60,197,676736.657941284,5122678.32235248,-3.342
46.2346454401243,-72.7052054549547,60,198,676936.657941287,5122678.3223525,-3.205
46.2345933606837,-72.7026136544612,60,199,677136.657941285,5122678.32235251,-2.712
46.2345412225328,-72.7000218611317,60,200,677336.657941287,5122678.32235253,-2.426
46.234489025672,-72.6974300749741,60,201,677536.657941287,5122678.32235254,-2.319
46.2344367701018,-72.6948382959964,60,202,677736.657941286,5122678.32235255,-2.017
46.2343844558226,-72.6922465242068,60,203,677936.657941288,5122678.32235257,-1.546
46.2343320828348,-72.6896547596133,60,204,678136.657941287,5122678.32235258,-1.312
46.2342796511388,-72.6870630022239,60,205,678336.657941289,5122678.3223526,-1.344
46.2342271607351,-72.6844712520466,60,206,678536.65794129,5122678.32235261,-1.287
46.2341746116241,-72.6818795090895,60,207,678736.65794129,5122678.32235263,-1.135
46.2341220038062,-72.6792877733607,60,208,678936.657941294,5122678.32235264,-1.032
46.2340693372818,-72.6766960448682,60,209,679136.657941294,5122678.32235266,-1.054
46.2340166120514,-72.67410432362,60,210,679336.657941294,5122678.32235267,-1.071
46.2339638281153,-72.6715126096243,60,211,679536.657941291,5122678.32235269,-0.882
46.2339109854741,-72.6689209028889,60,212,679736.657941294,5122678.3223527,-0.476
46.2338580841281,-72.666329203422,60,213,679936.657941294,5122678.32235271,-0.271
46.2365375891437,-72.8970867512701,61,124,662136.657941252,5122478.32235142,-0.218
46.2364898583773,-72.894494527578,61,125,662336.657941253,5122478.32235144,-0.39
46.2364420688745,-72.8919023104532,61,126,662536.65794125,5122478.32235145,-0.464
46.2363942206356,-72.8893100999038,61,127,662736.657941254,5122478.32235147,-0.486
46.2363463136611,-72.8867178959377,61,128,662936.657941252,5122478.32235148,-0.658
46.2362983479513,-72.8841256985631,61,129,663136.657941254,5122478.32235149,-0.882
46.2362503235066,-72.8815335077879,61,130,663336.657941253,5122478.32235151,-1.098
46.2362022403274,-72.8789413236203,61,131,663536.657941255,5122478.32235152,-1.243
46.236154098414,-72.8763491460683,61,132,663736.657941256,5122478.32235154,-1.37
46.236105897767,-72.87375697514,61,133,663936.657941258,5122478.32235155,-1.509
46.2360576383866,-72.8711648108433,61,134,664136.657941258,5122478.32235157,-1.628
46.2360093202733,-72.8685726531864,61,135,664336.657941257,5122478.32235158,-1.532
46.2359609434275,-72.8659805021774,61,136,664536.657941256,5122478.3223516,-1.45
46.2359125078494,-72.8633883578242,61,137,664736.65794126,5122478.32235161,-1.626
46.2358640135396,-72.8607962201349,61,138,664936.657941258,5122478.32235163,-1.88
46.2358154604984,-72.8582040891176,61,139,665136.657941259,5122478.32235164,-2.02
46.2357668487262,-72.8556119647804,61,140,665336.657941261,5122478.32235165,-2.199
46.2357181782234,-72.8530198471312,61,141,665536.657941261,5122478.32235167,-2.184
46.2356694489904,-72.8504277361782,61,142,665736.657941263,5122478.32235168,-2.319
46.2356206610276,-72.8478356319294,61,143,665936.65794126,5122478.3223517,-2.28
46.2355718143354,-72.8452435343928,61,144,666136.657941262,5122478.32235171,-2.415
46.2355229089142,-72.8426514435766,61,145,666336.657941262,5122478.32235173,-2.469
46.2354739447643,-72.8400593594886,61,146,666536.657941264,5122478.32235174,-2.562
46.2354249218862,-72.8374672821371,61,147,666736.657941267,5122478.32235176,-2.681
46.2353758402802,-72.8348752115301,61,148,666936.657941265,5122478.32235177,-2.74
46.2353266999468,-72.8322831476756,61,149,667136.657941265,5122478.32235178,-2.875
46.2352775008864,-72.8296910905816,61,150,667336.657941268,5122478.3223518,-2.959
46.2352282430993,-72.8270990402563,61,151,667536.657941266,5122478.32235181,-3.031
46.235178926586,-72.8245069967076,61,152,667736.657941269,5122478.32235183,-3.111
46.2351295513468,-72.8219149599437,61,153,667936.657941269,5122478.32235184,-3.17
46.2350801173821,-72.8193229299726,61,154,668136.657941268,5122478.32235186,-3.191
46.2350306246924,-72.8167309068022,61,155,668336.657941269,5122478.32235187,-3.161
46.2349810732781,-72.8141388904408,61,156,668536.657941271,5122478.32235189,-3.209
46.2349314631395,-72.8115468808963,61,157,668736.65794127,5122478.3223519,-3.21
46.234881794277,-72.8089548781768,61,158,668936.657941271,5122478.32235192,-3.256
46.2348320666911,-72.8063628822903,61,159,669136.657941271,5122478.32235193,-3.257
46.2347822803821,-72.8037708932449,61,160,669336.657941274,5122478.32235195,-3.238
46.2347324353504,-72.8011789110487,61,161,669536.657941274,5122478.32235196,-3.32
46.2346825315965,-72.7985869357096,61,162,669736.657941276,5122478.32235197,-3.331
46.2346325691208,-72.7959949672358,61,163,669936.657941275,5122478.32235199,-3.473
46.2345825479236,-72.7934030056353,61,164,670136.657941274,5122478.322352,-3.603
46.2345324680054,-72.7908110509161,61,165,670336.657941276,5122478.32235202,-3.689
46.2344823293666,-72.7882191030863,61,166,670536.657941275,5122478.32235203,-3.895
46.2344321320075,-72.785627162154,61,167,670736.657941275,5122478.32235205,-4.038
46.2343818759285,-72.7830352281271,61,168,670936.657941278,5122478.32235206,-4.107
46.2343315611302,-72.7804433010138,61,169,671136.65794128,5122478.32235207,-3.984
46.2342811876129,-72.7778513808221,61,170,671336.657941281,5122478.32235209,-3.643
46.2342307553769,-72.77525946756,61,171,671536.657941282,5122478.3223521,-3.412
46.2341802644227,-72.7726675612357,61,172,671736.657941282,5122478.32235212,-3.827
46.2341297147508,-72.7700756618571,61,173,671936.657941282,5122478.32235213,-4.368
46.2340791063614,-72.7674837694323,61,174,672136.657941282,5122478.32235215,-4.869
46.2340284392551,-72.7648918839693,61,175,672336.657941285,5122478.32235216,-13.808
46.2339777134322,-72.7623000054762,61,176,672536.657941284,5122478.32235218,-14.878
46.2339269288932,-72.7597081339611,61,177,672736.657941284,5122478.32235219,-15.038
46.2338760856384,-72.7571162694319,61,178,672936.657941285,5122478.3223522,-14.358
46.2338251836683,-72.7545244118968,61,179,673136.657941288,5122478.32235222,-6.594
46.2337742229832,-72.7519325613638,61,180,673336.657941286,5122478.32235223,-5.722
46.2337232035836,-72.7493407178409,61,181,673536.657941287,5122478.32235225,-4.455
46.2336721254699,-72.7467488813362,61,182,673736.657941288,5122478.32235226,-3.764
46.2336209886425,-72.7441570518577,61,183,673936.65794129,5122478.32235228,-3.442
46.2335697931019,-72.7415652294136,61,184,674136.657941289,5122478.32235229,-3.367
46.2335185388483,-72.7389734140117,61,185,674336.657941289,5122478.32235231,-3.62
46.2334672258823,-72.7363816056603,61,186,674536.657941292,5122478.32235232,-3.272
46.2334158542043,-72.7337898043672,61,187,674736.65794129,5122478.32235234,-2.799
46.2333644238146,-72.7311980101406,61,188,674936.657941292,5122478.32235235,-2.671
46.2333129347138,-72.7286062229886,61,189,675136.657941293,5122478.32235236,-2.695
46.2332613869021,-72.7260144429191,61,190,675336.657941292,5122478.32235238,-2.49
46.2332097803801,-72.7234226699402,61,191,675536.657941295,5122478.32235239,-2.679
46.2331581151481,-72.72083090406,61,192,675736.657941296,5122478.32235241,-2.555
46.2331063912065,-72.7182391452866,61,193,675936.657941295,5122478.32235242,-2.531
46.2330546085558,-72.7156473936278,61,194,676136.657941297,5122478.32235244,-2.57
46.2330027671964,-72.7130556490919,61,195,676336.657941298,5122478.32235245,-2.8
46.2329508671288,-72.7104639116868,61,196,676536.657941298,5122478.32235247,-2.833
46.2328989083532,-72.7078721814206,61,197,676736.657941299,5122478.32235248,-2.831
46.2328468908702,-72.7052804583014,61,198,676936.6579413,5122478.3223525,-2.614
46.2327948146801,-72.7026887423371,61,199,677136.657941298,5122478.32235251,-2.416
46.2327426797835,-72.7000970335359,61,200,677336.657941302,5122478.32235252,-2.141
46.2326904861806,-72.6975053319058,61,201,677536.657941303,5122478.32235254,-1.86
46.232638233872,-72.6949136374547,61,202,677736.657941303,5122478.32235255,-1.599
46.232585922858,-72.6923219501909,61,203,677936.657941305,5122478.32235257,-1.514
46.2325335531391,-72.6897302701223,61,204,678136.657941302,5122478.32235258,-1.552
46.2324811247157,-72.6871385972569,61,205,678336.657941303,5122478.3223526,-1.394
46.2324286375882,-72.6845469316028,61,206,678536.657941303,5122478.32235261,-1.307
46.232376091757,-72.6819552731681,61,207,678736.657941307,5122478.32235263,-1.14
46.2323234872226,-72.6793636219608,61,208,678936.657941308,5122478.32235264,-1.046
46.2322708239854,-72.6767719779889,61,209,679136.657941306,5122478.32235265,-1.006
46.2322181020458,-72.6741803412606,61,210,679336.657941309,5122478.32235267,-1.082
46.2321653214043,-72.6715887117837,61,211,679536.657941309,5122478.32235268,-0.879
46.2321124820612,-72.6689970895664,61,212,679736.657941307,5122478.3223527,-0.727
46.232059584017,-72.6664054746168,61,213,679936.65794131,5122478.32235271,-0.376
46.2348340882267,-72.902339788501,62,122,661736.657941264,5122278.32235139,-0.103
46.2347864779066,-72.8997476362814,62,123,661936.657941263,5122278.32235141,-0.222
46.2347388088529,-72.8971554906122,62,124,662136.657941263,5122278.32235142,-0.295
46.2346910810661,-72.8945633515014,62,125,662336.657941265,5122278.32235144,-0.413
46.2346432945465,-72.8919712189571,62,126,662536.657941267,5122278.32235145,-0.484
46.2345954492945,-72.8893790929873,62,127,662736.657941269,5122278.32235147,-0.678
46.2345475453105,-72.8867869736002,62,128,662936.657941268,5122278.32235148,-0.915
46.2344995825949,-72.8841948608037,62,129,663136.657941267,5122278.32235149,-1.151
46.234451561148,-72.8816027546059,62,130,663336.657941269,5122278.32235151,-1.323
46.2344034809704,-72.8790106550148,62,131,663536.657941272,5122278.32235152,-1.417
46.2343553420623,-72.8764185620386,62,132,663736.657941268,5122278.32235154,-1.581
46.2343071444241,-72.8738264756852,62,133,663936.657941272,5122278.32235155,-1.739
46.2342588880562,-72.8712343959628,62,134,664136.657941272,5122278.32235157,-1.759
46.2342105729591,-72.8686423228793,62,135,664336.657941273,5122278.32235158,-1.667
46.234162199133,-72.8660502564429,62,136,664536.657941273,5122278.3223516,-1.504
46.2341137665785,-72.8634581966615,62,137,664736.657941275,5122278.32235161,-1.589
46.2340652752958,-72.8608661435433,62,138,664936.657941274,5122278.32235162,-1.925
46.2340167252854,-72.8582740970963,62,139,665136.657941274,5122278.32235164,-2.155
46.2339681165477,-72.8556820573285,62,140,665336.657941276,5122278.32235165,-2.286
46.2339194490831,-72.8530900242481,62,141,665536.657941273,5122278.32235167,-2.41
46.2338707228919,-72.8504979978629,62,142,665736.657941275,5122278.32235168,-2.444
46.2338219379746,-72.8479059781812,62,143,665936.657941278,5122278.3223517,-2.463
46.2337730943315,-72.8453139652109,62,144,666136.657941278,5122278.32235171,-2.454
46.233724191963,-72.8427219589602,62,145,666336.657941278,5122278.32235173,-2.587
46.2336752308696,-72.840129959437,62,146,666536.657941278,5122278.32235174,-2.761
46.2336262110515,-72.8375379666494,62,147,666736.657941279,5122278.32235176,-2.872
46.2335771325094,-72.8349459806055,62,148,666936.657941278,5122278.32235177,-2.9
46.2335279952434,-72.8323540013133,62,149,667136.657941279,5122278.32235178,-2.997
46.233478799254,-72.8297620287808,62,150,667336.65794128,5122278.3223518,-3.111
46.2334295445417,-72.8271700630162,62,151,667536.657941282,5122278.32235181,-3.116
46.2333802311068,-72.8245781040275,62,152,667736.657941285,5122278.32235183,-3.133
46.2333308589496,-72.8219861518226,62,153,667936.657941282,5122278.32235184,-3.115
46.2332814280707,-72.8193942064098,62,154,668136.657941282,5122278.32235186,-3.154
46.2332319384704,-72.816802267797,62,155,668336.657941283,5122278.32235187,-3.181
46.2331823901491,-72.8142103359922,62,156,668536.657941284,5122278.32235189,-3.216
46.2331327831071,-72.8116184110036,62,157,668736.657941286,5122278.3223519,-3.223
46.233083117345,-72.8090264928391,62,158,668936.657941287,5122278.32235192,-3.309
46.2330333928631,-72.8064345815069,62,159,669136.657941288,5122278.32235193,-3.283
46.2329836096618,-72.803842677015,62,160,669336.657941288,5122278.32235195,-3.211
46.2329337677415,-72.8012507793714,62,161,669536.657941289,5122278.32235196,-3.349
46.2328838671027,-72.7986588885842,62,162,669736.657941288,5122278.32235197,-3.437
46.2328339077456,-72.7960670046614,62,163,669936.657941289,5122278.32235199,-3.568
46.2327838896707,-72.793475127611,62,164,670136.657941289,5122278.322352,-3.709
46.2327338128785,-72.7908832574413,62,165,670336.657941289,5122278.32235202,-3.83
46.2326836773693,-72.78829139416,62,166,670536.657941289,5122278.32235203,-3.822
46.2326334831435,-72.7856995377755,62,167,670736.657941294,5122278.32235205,-3.915
46.2325832302015,-72.7831076882956,62,168,670936.657941294,5122278.32235206,-3.72
46.2325329185438,-72.7805158457284,62,169,671136.657941292,5122278.32235208,-3.26
46.2324825481707,-72.777924010082,62,170,671336.657941293,5122278.32235209,-3.322
46.2324321190827,-72.7753321813644,62,171,671536.657941295,5122278.3223521,-3.829
46.2323816312802,-72.7727403595837,62,172,671736.657941297,5122278.32235212,-4.207
46.2323310847635,-72.7701485447479,62,173,671936.657941296,5122278.32235213,-13.258
46.232280479533,-72.7675567368651,62,174,672136.657941297,5122278.32235215,-14.118
46.2322298155893,-72.7649649359433,62,175,672336.657941297,5122278.32235216,-14.768
46.2321790929326,-72.7623731419906,62,176,672536.6579413,5122278.32235218,-14.808
46.2321283115635,-72.759781355015,62,177,672736.657941298,5122278.32235219,-9.258
46.2320774714822,-72.7571895750246,62,178,672936.657941301,5122278.32235221,-6.701
46.2320265726893,-72.7545978020273,62,179,673136.657941301,5122278.32235222,-5.405
46.2319756151851,-72.7520060360314,62,180,673336.657941299,5122278.32235224,-4.579
46.2319245989701,-72.7494142770447,62,181,673536.657941303,5122278.32235225,-4.006
46.2318735240446,-72.7468225250754,62,182,673736.657941301,5122278.32235226,-3.07
46.231822390409,-72.7442307801315,62,183,673936.657941303,5122278.32235228,-2.693
46.2317711980639,-72.7416390422211,62,184,674136.657941304,5122278.32235229,-3.073
46.2317199470095,-72.7390473113521,62,185,674336.657941306,5122278.32235231,-2.939
46.2316686372464,-72.7364555875327,62,186,674536.657941304,5122278.32235232,-2.699
46.2316172687748,-72.7338638707709,62,187,674736.657941307,5122278.32235234,-2.897
46.2315658415953,-72.7312721610747,62,188,674936.657941304,5122278.32235235,-2.845
46.2315143557082,-72.7286804584522,62,189,675136.657941308,5122278.32235237,-2.33
46.231462811114,-72.7260887629114,62,190,675336.657941306,5122278.32235238,-2.02
46.2314112078131,-72.7234970744605,62,191,675536.657941307,5122278.32235239,-2.345
46.2313595458059,-72.7209053931073,62,192,675736.657941308,5122278.32235241,-2.456
46.2313078250928,-72.71831371886,62,193,675936.657941309,5122278.32235242,-2.529
46.2312560456742,-72.7157220517266,62,194,676136.65794131,5122278.32235244,-2.699
46.2312042075505,-72.7131303917152,62,195,676336.657941309,5122278.32235245,-2.698
46.2311523107223,-72.7105387388337,62,196,676536.657941312,5122278.32235247,-2.294
46.2311003551898,-72.7079470930904,62,197,676736.657941313,5122278.32235248,-2.111
46.2310483409535,-72.7053554544931,62,198,676936.657941313,5122278.3223525,-2.26
46.2309962680138,-72.70276382305,62,199,677136.657941314,5122278.32235251,-2.312
46.2309441363712,-72.700172198769,62,200,677336.657941314,5122278.32235252,-1.98
46.230891946026,-72.6975805816583,62,201,677536.657941317,5122278.32235254,-1.789
46.2308396969788,-72.6949889717258,62,202,677736.657941316,5122278.32235255,-1.629
46.2307873892298,-72.6923973689797,62,203,677936.657941315,5122278.32235257,-1.64
46.2307350227796,-72.689805773428,62,204,678136.657941317,5122278.32235258,-1.247
46.2306825976285,-72.6872141850786,62,205,678336.65794132,5122278.3223526,-1.133
46.230630113777,-72.6846226039397,62,206,678536.65794132,5122278.32235261,-1.307
46.2305775712255,-72.6820310300193,62,207,678736.65794132,5122278.32235263,-1.229
46.2305249699744,-72.6794394633255,62,208,678936.657941322,5122278.32235264,-1.036
46.2304723100241,-72.6768479038662,62,209,679136.657941321,5122278.32235265,-0.952
46.2304195913752,-72.6742563516495,62,210,679336.657941322,5122278.32235267,-1.079
46.2303668140279,-72.6716648066836,62,211,679536.65794132,5122278.32235268,-1.064
46.2303139779827,-72.6690732689763,62,212,679736.657941325,5122278.3223527,-0.692
46.2302610832401,-72.6664817385358,62,213,679936.657941324,5122278.32235271,-0.189
46.2330353013405,-72.9024083521361,63,122,661736.657941279,5122078.32235139,-0.081
46.2329876939924,-72.8998162844912,63,123,661936.65794128,5122078.32235141,-0.176
46.2329400279145,-72.8972242233959,63,124,662136.657941281,5122078.32235142,-0.279
46.232892303107,-72.8946321688583,63,125,662336.657941279,5122078.32235144,-0.447
46.2328445195704,-72.8920401208864,63,126,662536.657941279,5122078.32235145,-0.689
46.2327966773051,-72.8894480794883,63,127,662736.657941283,5122078.32235147,-0.937
46.2327487763115,-72.886856044672,63,128,662936.657941282,5122078.32235148,-1.201
46.2327008165899,-72.8842640164455,63,129,663136.657941284,5122078.32235149,-1.375
46.2326527981407,-72.881671994817,63,130,663336.657941283,5122078.32235151,-1.481
46.2326047209644,-72.8790799797945,63,131,663536.657941286,5122078.32235152,-1.69
46.2325565850613,-72.876487971386,63,132,663736.657941285,5122078.32235154,-1.878
46.2325083904317,-72.8738959695995,63,133,663936.657941286,5122078.32235155,-1.995
46.2324601370762,-72.8713039744433,63,134,664136.657941285,5122078.32235157,-1.952
46.232411824995,-72.8687119859252,63,135,664336.657941287,5122078.32235158,-2.087
46.2323634541886,-72.8661200040533,63,136,664536.657941286,5122078.3223516,-1.89
46.2323150246574,-72.8635280288358,63,137,664736.657941286,5122078.32235161,-1.841
46.2322665364017,-72.8609360602806,63,138,664936.657941289,5122078.32235162,-2.052
46.2322179894219,-72.8583440983957,63,139,665136.65794129,5122078.32235164,-2.23
46.2321693837185,-72.8557521431894,63,140,665336.657941287,5122078.32235165,-2.409
46.2321207192918,-72.8531601946696,63,141,665536.65794129,5122078.32235167,-2.536
46.2320719961422,-72.8505682528443,63,142,665736.65794129,5122078.32235168,-2.522
46.2320232142701,-72.8479763177216,63,143,665936.657941293,5122078.3223517,-2.549
46.2319743736759,-72.8453843893096,63,144,666136.657941291,5122078.32235171,-2.651
46.23192547436,-72.8427924676163,63,145,666336.657941295,5122078.32235173,-2.769
46.2318765163228,-72.8402005526497,63,146,666536.657941291,5122078.32235174,-2.887
46.2318274995647,-72.837608644418,63,147,666736.657941294,5122078.32235176,-3.026
46.2317784240861,-72.8350167429291,63,148,666936.657941296,5122078.32235177,-3.084
46.2317292898874,-72.8324248481912,63,149,667136.657941294,5122078.32235178,-3.094
46.2316800969689,-72.8298329602122,63,150,667336.657941296,5122078.3223518,-3.141
46.2316308453311,-72.8272410790002,63,151,667536.657941296,5122078.32235181,-3.169
46.2315815349744,-72.8246492045634,63,152,667736.657941294,5122078.32235183,-3.142
46.2315321658991,-72.8220573369096,63,153,667936.657941296,5122078.32235184,-3.139
46.2314827381057,-72.819465476047,63,154,668136.657941297,5122078.32235186,-3.134
46.2314332515946,-72.8168736219836,63,155,668336.657941299,5122078.32235187,-3.189
46.2313837063661,-72.8142817747275,63,156,668536.657941299,5122078.32235189,-3.229
46.2313341024207,-72.8116899342867,63,157,668736.6579413,5122078.3223519,-3.238
46.2312844397587,-72.8090981006693,63,158,668936.657941301,5122078.32235191,-3.219
46.2312347183806,-72.8065062738833,63,159,669136.657941301,5122078.32235193,-3.363
46.2311849382868,-72.8039144539367,63,160,669336.657941301,5122078.32235194,-3.397
46.2311350994777,-72.8013226408377,63,161,669536.657941303,5122078.32235196,-3.439
46.2310852019536,-72.7987308345943,63,162,669736.657941302,5122078.32235197,-3.56
46.231035245715,-72.7961390352145,63,163,669936.657941304,5122078.32235199,-3.579
46.2309852307623,-72.7935472427063,63,164,670136.657941304,5122078.322352,-3.692
46.2309351570958,-72.7909554570779,63,165,670336.657941305,5122078.32235202,-3.819
46.230885024716,-72.7883636783372,63,166,670536.657941306,5122078.32235203,-3.665
46.2308348336233,-72.7857719064923,63,167,670736.657941308,5122078.32235204,-3.236
46.2307845838181,-72.7831801415513,63,168,670936.657941307,5122078.32235206,-3.042
46.2307342753008,-72.7805883835222,63,169,671136.657941309,5122078.32235208,-3.412
46.2306839080718,-72.777996632413,63,170,671336.65794131,5122078.32235209,-3.81
46.2306334821316,-72.7754048882319,63,171,671536.65794131,5122078.3223521,-4.29
46.2305829974804,-72.7728131509868,63,172,671736.65794131,5122078.32235212,-13.528
46.2305324541188,-72.7702214206858,63,173,671936.657941311,5122078.32235213,-14.728
46.230481852047,-72.767629697337,63,174,672136.657941313,5122078.32235215,-14.908
46.2304311912657,-72.7650379809483,63,175,672336.657941313,5122078.32235216,-14.488
46.230380471775,-72.7624462715279,63,176,672536.657941312,5122078.32235217,-6.737
46.2303296935756,-72.7598545690838,63,177,672736.657941313,5122078.32235219,-6.974
46.2302788566677,-72.757262873624,63,178,672936.657941313,5122078.32235221,-5.29
46.2302279610518,-72.7546711851566,63,179,673136.657941314,5122078.32235222,-4.639
46.2301770067282,-72.7520795036897,63,180,673336.657941314,5122078.32235223,-4.084
46.2301259936975,-72.7494878292312,63,181,673536.657941316,5122078.32235225,-2.806
46.23007492196,-72.7468961617892,63,182,673736.657941319,5122078.32235226,-2.322
46.2300237915161,-72.7443045013719,63,183,673936.657941316,5122078.32235228,-2.444
46.2299726023662,-72.7417128479871,63,184,674136.657941319,5122078.32235229,-2.683
46.2299213545108,-72.739121201643,63,185,674336.657941317,5122078.32235231,-2.734
46.2298700479503,-72.7365295623476,63,186,674536.657941322,5122078.32235232,-2.824
46.229818682685,-72.7339379301089,63,187,674736.657941318,5122078.32235234,-2.889
46.2297672587155,-72.7313463049351,63,188,674936.657941323,5122078.32235235,-2.569
46.229715776042,-72.7287546868341,63,189,675136.65794132,5122078.32235236,-1.979
46.229664234665,-72.726163075814,63,190,675336.657941321,5122078.32235238,-1.841
46.229612634585,-72.7235714718828,63,191,675536.657941324,5122078.32235239,-2.275
46.2295609758024,-72.7209798750487,63,192,675736.657941325,5122078.32235241,-2.445
46.2295092583175,-72.7183882853195,63,193,675936.657941327,5122078.32235242,-2.457
46.2294574821308,-72.7157967027034,63,194,676136.657941323,5122078.32235244,-2.319
46.2294056472427,-72.7132051272084,63,195,676336.657941326,5122078.32235245,-1.87
46.2293537536536,-72.7106135588426,63,196,676536.657941324,5122078.32235247,-1.606
46.229301801364,-72.708021997614,63,197,676736.65794133,5122078.32235248,-1.889
46.2292497903742,-72.7054304435307,63,198,676936.65794133,5122078.32235249,-2.313
46.2291977206847,-72.7028388966006,63,199,677136.657941327,5122078.32235251,-2.165
46.2291455922959,-72.7002473568319,63,200,677336.657941328,5122078.32235252,-1.815
46.2290934052083,-72.6976558242326,63,201,677536.657941333,5122078.32235254,-1.614
46.2290411594221,-72.6950642988106,63,202,677736.65794133,5122078.32235255,-1.489
46.228988854938,-72.6924727805742,63,203,677936.657941333,5122078.32235257,-1.321
46.2289364917562,-72.6898812695313,63,204,678136.657941332,5122078.32235258,-1.115
46.2288840698772,-72.6872897656899,63,205,678336.657941333,5122078.3223526,-1.282
46.2288315893015,-72.6846982690581,63,206,678536.657941336,5122078.32235261,-1.411
46.2287790500294,-72.682106779644,63,207,678736.657941336,5122078.32235263,-1.263
46.2287264520614,-72.6795152974555,63,208,678936.657941334,5122078.32235264,-0.9
46.2286737953979,-72.6769238225008,63,209,679136.657941334,5122078.32235265,-0.882
46.2286210800394,-72.6743323547879,63,210,679336.657941337,5122078.32235267,-0.981
46.2285683059862,-72.6717408943247,63,211,679536.657941338,5122078.32235268,-1.029
46.2285154732387,-72.6691494411194,63,212,679736.657941337,5122078.3223527,-0.889
46.2284625817975,-72.6665579951801,63,213,679936.65794134,5122078.32235271,-0.602
46.2284096316629,-72.6639665565146,63,214,680136.657941337,5122078.32235273,-0.259
46.2311889094308,-72.8998849261513,64,123,661936.657941292,5121878.32235141,-0.306
46.2311412463284,-72.897292949622,64,124,662136.657941293,5121878.32235142,-0.434
46.2310935245001,-72.8947009796495,64,125,662336.657941294,5121878.32235144,-0.66
46.2310457439464,-72.892109016242,64,126,662536.657941296,5121878.32235145,-0.927
46.2309979046676,-72.8895170594074,64,127,662736.657941296,5121878.32235146,-1.156
46.2309500066641,-72.8869251091539,64,128,662936.657941295,5121878.32235148,-1.372
46.2309020499363,-72.8843331654895,64,129,663136.657941298,5121878.32235149,-1.519
46.2308540344846,-72.8817412284222,64,130,663336.657941298,5121878.32235151,-1.599
46.2308059603094,-72.8791492979601,64,131,663536.6579413,5121878.32235152,-1.849
46.2307578274111,-72.8765573741113,64,132,663736.657941301,5121878.32235153,-2.046
46.23070963579,-72.8739654568837,64,133,663936.657941298,5121878.32235155,-2.17
46.2306613854466,-72.8713735462856,64,134,664136.657941299,5121878.32235157,-2.25
46.2306130763812,-72.8687816423248,64,135,664336.657941302,5121878.32235158,-2.289
46.2305647085942,-72.8661897450095,64,136,664536.657941303,5121878.32235159,-2.302
46.2305162820861,-72.8635978543476,64,137,664736.6579413,5121878.32235161,-2.251
46.2304677968572,-72.8610059703474,64,138,664936.657941304,5121878.32235162,-2.237
46.2304192529078,-72.8584140930167,64,139,665136.657941302,5121878.32235164,-2.361
46.2303706502385,-72.8558222223638,64,140,665336.657941302,5121878.32235165,-2.562
46.2303219888495,-72.8532303583965,64,141,665536.657941304,5121878.32235167,-2.607
46.2302732687413,-72.850638501123,64,142,665736.657941306,5121878.32235168,-2.587
46.2302244899143,-72.8480466505513,64,143,665936.657941305,5121878.3223517,-2.597
46.2301756523688,-72.8454548066895,64,144,666136.657941304,5121878.32235171,-2.808
46.2301267561054,-72.8428629695456,64,145,666336.657941306,5121878.32235172,-2.907
46.2300778011242,-72.8402711391276,64,146,666536.657941306,5121878.32235174,-3.014
46.2300287874258,-72.8376793154437,64,147,666736.65794131,5121878.32235175,-3.143
46.2299797150106,-72.8350874985019,64,148,666936.65794131,5121878.32235177,-3.212
46.2299305838788,-72.8324956883101,64,149,667136.657941311,5121878.32235178,-3.171
46.229881394031,-72.8299038848766,64,150,667336.65794131,5121878.3223518,-3.132
46.2298321454676,-72.8273120882092,64,151,667536.657941312,5121878.32235181,-3.165
46.2297828381888,-72.8247202983161,64,152,667736.657941309,5121878.32235183,-3.159
46.2297334721952,-72.8221285152054,64,153,667936.65794131,5121878.32235184,-3.101
46.2296840474872,-72.819536738885,64,154,668136.657941311,5121878.32235186,-3.104
46.229634564065,-72.816944969363,64,155,668336.657941314,5121878.32235187,-3.161
46.2295850219292,-72.8143532066475,64,156,668536.657941315,5121878.32235189,-3.187
46.2295354210801,-72.8117614507465,64,157,668736.657941315,5121878.3223519,-3.246
46.2294857615181,-72.809169701668,64,158,668936.657941314,5121878.32235191,-3.353
46.2294360432436,-72.8065779594202,64,159,669136.657941318,5121878.32235193,-3.459
46.2293862662571,-72.803986224011,64,160,669336.657941317,5121878.32235194,-3.425
46.2293364305589,-72.8013944954485,64,161,669536.657941318,5121878.32235196,-3.492
46.2292865361494,-72.7988027737408,64,162,669736.657941318,5121878.32235197,-3.51
46.229236583029,-72.7962110588959,64,163,669936.657941319,5121878.32235198,-3.461
46.2291865711982,-72.7936193509218,64,164,670136.65794132,5121878.322352,-3.601
46.2291365006574,-72.7910276498267,64,165,670336.657941321,5121878.32235201,-3.434
46.2290863714068,-72.7884359556185,64,166,670536.657941321,5121878.32235203,-2.691
46.229036183447,-72.7858442683053,64,167,670736.657941323,5121878.32235204,-2.997
46.2289859367784,-72.7832525878951,64,168,670936.657941322,5121878.32235206,-3.592
46.2289356314013,-72.780660914396,64,169,671136.657941323,5121878.32235207,-3.782
46.2288852673162,-72.7780692478161,64,170,671336.657941323,5121878.32235209,-12.708
46.2288348445234,-72.7754775881633,64,171,671536.657941325,5121878.3223521,-13.868
46.2287843630235,-72.7728859354458,64,172,671736.657941323,5121878.32235212,-14.878
46.2287338228167,-72.7702942896715,64,173,671936.657941326,5121878.32235213,-14.808
46.2286832239035,-72.7677026508486,64,174,672136.657941328,5121878.32235215,-10.798
46.2286325662843,-72.7651110189851,64,175,672336.657941328,5121878.32235216,-6.327
46.2285818499595,-72.7625193940889,64,176,672536.657941329,5121878.32235217,-6.406
46.2285310749295,-72.7599277761683,64,177,672736.657941328,5121878.32235219,-5.962
46.2284802411947,-72.7573361652311,64,178,672936.657941329,5121878.3223522,-4.873
46.2284293487556,-72.7547445612855,64,179,673136.65794133,5121878.32235222,-3.901
46.2283783976126,-72.7521529643395,64,180,673336.657941329,5121878.32235223,-2.579
46.2283273877659,-72.7495613744012,64,181,673536.657941332,5121878.32235225,-2.301
46.2282763192162,-72.7469697914785,64,182,673736.657941331,5121878.32235226,-2.236
46.2282251919637,-72.7443782155796,64,183,673936.657941331,5121878.32235228,-2.421
46.228174006009,-72.7417866467124,64,184,674136.657941331,5121878.32235229,-2.517
46.2281227613523,-72.7391950848851,64,185,674336.657941333,5121878.32235231,-2.6
46.2280714579942,-72.7366035301057,64,186,674536.657941332,5121878.32235232,-2.727
46.228020095935,-72.7340119823822,64,187,674736.657941333,5121878.32235233,-3.076
46.2279686751751,-72.7314204417226,64,188,674936.657941337,5121878.32235235,-2.462
46.2279171957151,-72.7288289081351,64,189,675136.657941335,5121878.32235236,-1.94
46.2278656575551,-72.7262373816276,64,190,675336.657941335,5121878.32235238,-1.808
46.2278140606958,-72.7236458622082,64,191,675536.657941335,5121878.32235239,-2.108
46.2277624051375,-72.721054349885,64,192,675736.657941339,5121878.32235241,-2.186
46.2277106908807,-72.7184628446659,64,193,675936.657941338,5121878.32235242,-1.849
46.2276589179256,-72.7158713465591,64,194,676136.657941342,5121878.32235244,-1.5
46.2276070862729,-72.7132798555726,64,195,676336.657941341,5121878.32235245,-1.511
46.2275551959228,-72.7106883717143,64,196,676536.657941341,5121878.32235247,-1.696
46.2275032468758,-72.7080968949924,64,197,676736.657941342,5121878.32235248,-2.231
46.2274512391323,-72.705505425415,64,198,676936.657941344,5121878.32235249,-2.234
46.2273991726928,-72.7029139629899,64,199,677136.657941344,5121878.32235251,-1.717
46.2273470475577,-72.7003225077254,64,200,677336.657941345,5121878.32235252,-1.503
46.2272948637273,-72.6977310596294,64,201,677536.657941343,5121878.32235254,-1.557
46.2272426212021,-72.69513961871,64,202,677736.657941343,5121878.32235255,-1.335
46.2271903199825,-72.6925481849752,64,203,677936.657941345,5121878.32235256,-1.2
46.227137960069,-72.689956758433,64,204,678136.657941346,5121878.32235258,-1.287
46.227085541462,-72.6873653390916,64,205,678336.657941349,5121878.32235259,-1.616
46.2270330641618,-72.6847739269589,64,206,678536.65794135,5121878.32235261,-1.647
46.2269805281689,-72.682182522043,64,207,678736.65794135,5121878.32235263,-1.265
46.2269279334838,-72.6795911243519,64,208,678936.657941352,5121878.32235264,-0.944
46.2268752801069,-72.6769997338937,64,209,679136.657941349,5121878.32235265,-0.913
46.2268225680385,-72.6744083506764,64,210,679336.65794135,5121878.32235267,-0.976
46.2267697972791,-72.671816974708,64,211,679536.657941353,5121878.32235268,-1.007
46.2267169678292,-72.6692256059967,64,212,679736.657941351,5121878.3223527,-1.06
46.2266640796891,-72.6666342445504,64,213,679936.657941352,5121878.32235271,-0.854
46.2266111328594,-72.6640428903771,64,214,680136.657941353,5121878.32235273,-0.366
46.229485268308,-72.9051373648418,65,121,661536.657941307,5121678.32235138,-0.008
46.2294377256264,-72.9025454597822,65,122,661736.657941308,5121678.32235139,-0.326
46.2293901242218,-72.8999535612627,65,123,661936.657941305,5121678.32235141,-0.421
46.2293424640947,-72.8973616692912,65,124,662136.657941309,5121678.32235142,-0.615
46.2292947452454,-72.8947697838758,65,125,662336.657941308,5121678.32235144,-0.915
46.2292469676743,-72.8921779050245,65,126,662536.657941311,5121678.32235145,-1.184
46.2291991313818,-72.8895860327455,65,127,662736.65794131,5121678.32235146,-1.31
46.2291512363683,-72.8869941670467,65,128,662936.657941312,5121678.32235148,-1.513
46.2291032826341,-72.8844023079363,65,129,663136.657941312,5121678.3223515,-1.649
46.2290552701797,-72.8818104554222,65,130,663336.657941312,5121678.32235151,-1.829
46.2290071990055,-72.8792186095125,65,131,663536.657941312,5121678.32235152,-2.008
46.2289590691117,-72.8766267702153,65,132,663736.657941313,5121678.32235154,-2.151
46.2289108804989,-72.8740349375386,65,133,663936.657941313,5121678.32235155,-2.305
46.2288626331674,-72.8714431114904,65,134,664136.657941315,5121678.32235157,-2.39
46.2288143271176,-72.8688512920789,65,135,664336.657941317,5121678.32235158,-2.386
46.2287659623499,-72.8662594793121,65,136,664536.657941316,5121678.3223516,-2.388
46.2287175388647,-72.863667673198,65,137,664736.657941316,5121678.32235161,-2.515
46.2286690566623,-72.8610758737446,65,138,664936.657941315,5121678.32235163,-2.554
46.2286205157432,-72.8584840809601,65,139,665136.657941316,5121678.32235164,-2.637
46.2285719161078,-72.8558922948524,65,140,665336.657941317,5121678.32235165,-2.557
46.2285232577563,-72.8533005154297,65,141,665536.657941319,5121678.32235167,-2.579
46.2284745406894,-72.8507087426999,65,142,665736.657941318,5121678.32235168,-2.635
46.2284257649072,-72.8481169766712,65,143,665936.657941319,5121678.3223517,-2.746
46.2283769304103,-72.8455252173515,65,144,666136.657941323,5121678.32235171,-2.879
46.228328037199,-72.8429334647489,65,145,666336.657941322,5121678.32235173,-3.059
46.2282790852737,-72.8403417188716,65,146,666536.657941321,5121678.32235174,-3.201
46.2282300746348,-72.8377499797274,65,147,666736.657941321,5121678.32235176,-3.188
46.2281810052827,-72.8351582473245,65,148,666936.657941323,5121678.32235177,-3.176
46.2281318772178,-72.8325665216709,65,149,667136.657941323,5121678.32235178,-3.149
46.2280826904405,-72.8299748027747,65,150,667336.657941326,5121678.3223518,-3.172
46.2280334449512,-72.8273830906439,65,151,667536.657941325,5121678.32235181,-3.13
46.2279841407502,-72.8247913852866,65,152,667736.657941327,5121678.32235183,-3.072
46.2279347778381,-72.8221996867108,65,153,667936.657941327,5121678.32235184,-3.111
46.2278853562152,-72.8196079949245,65,154,668136.657941328,5121678.32235186,-3.115
46.2278358758818,-72.8170163099359,65,155,668336.657941327,5121678.32235187,-3.179
46.2277863368384,-72.8144246317529,65,156,668536.657941329,5121678.32235189,-3.266
46.2277367390854,-72.8118329603836,65,157,668736.65794133,5121678.3223519,-3.367
46.2276870826232,-72.8092412958361,65,158,668936.657941332,5121678.32235192,-3.404
46.2276373674521,-72.8066496381184,65,159,669136.657941329,5121678.32235193,-3.425
46.2275875935727,-72.8040579872385,65,160,669336.657941332,5121678.32235194,-3.547
46.2275377609852,-72.8014663432046,65,161,669536.657941332,5121678.32235196,-3.584
46.2274878696901,-72.7988747060245,65,162,669736.657941331,5121678.32235197,-3.577
46.2274379196878,-72.7962830757065,65,163,669936.657941332,5121678.32235199,-3.53
46.2273879109787,-72.7936914522585,65,164,670136.657941336,5121678.322352,-2.981
46.2273378435632,-72.7910998356886,65,165,670336.657941336,5121678.32235201,-2.797
46.2272877174417,-72.7885082260048,65,166,670536.657941336,5121678.32235203,-2.801
46.2272375326146,-72.7859166232152,65,167,670736.657941333,5121678.32235204,-3.704
46.2271872890823,-72.7833250273278,65,168,670936.657941335,5121678.32235206,-3.839
46.2271369868452,-72.7807334383507,65,169,671136.657941335,5121678.32235207,-13.668
46.2270866259038,-72.7781418562919,65,170,671336.657941337,5121678.32235209,-14.898
46.2270362062584,-72.7755502811595,65,171,671536.657941337,5121678.3223521,-14.978
46.2269857279094,-72.7729587129615,65,172,671736.657941336,5121678.32235212,-14.858
46.2269351908572,-72.770367151706,65,173,671936.657941339,5121678.32235213,-5.636
46.2268845951023,-72.7677755974009,65,174,672136.657941342,5121678.32235215,-5.82
46.2268339406451,-72.7651840500544,65,175,672336.657941341,5121678.32235216,-5.876
46.2267832274859,-72.7625925096745,65,176,672536.65794134,5121678.32235217,-5.69
46.2267324556252,-72.7600009762692,65,177,672736.657941341,5121678.32235219,-5.212
46.2266816250634,-72.7574094498466,65,178,672936.657941343,5121678.3223522,-4.047
46.2266307358009,-72.7548179304148,65,179,673136.657941342,5121678.32235222,-2.714
46.2265797878381,-72.7522264179817,65,180,673336.657941344,5121678.32235223,-2.51
46.2265287811754,-72.7496349125554,65,181,673536.657941344,5121678.32235225,-2.457
46.2264777158132,-72.747043414144,65,182,673736.657941347,5121678.32235226,-2.121
46.226426591752,-72.7444519227555,65,183,673936.657941345,5121678.32235228,-2.337
46.2263754089921,-72.741860438398,65,184,674136.657941347,5121678.32235229,-2.371
46.226324167534,-72.7392689610794,65,185,674336.657941348,5121678.32235231,-2.538
46.2262728673781,-72.7366774908079,65,186,674536.657941349,5121678.32235232,-2.956
46.2262215085247,-72.7340860275915,65,187,674736.65794135,5121678.32235233,-2.964
46.2261700909744,-72.7314945714382,65,188,674936.657941352,5121678.32235235,-2.217
46.2261186147275,-72.7289031223561,65,189,675136.657941351,5121678.32235236,-1.659
46.2260670797844,-72.7263116803531,65,190,675336.65794135,5121678.32235238,-1.573
46.2260154861456,-72.7237202454375,65,191,675536.657941351,5121678.32235239,-1.872
46.2259638338115,-72.7211288176172,65,192,675736.657941353,5121678.32235241,-1.702
46.2259121227824,-72.7185373969001,65,193,675936.657941354,5121678.32235242,-1.452
46.2258603530588,-72.7159459832945,65,194,676136.657941355,5121678.32235244,-1.507
46.2258085246412,-72.7133545768083,65,195,676336.657941355,5121678.32235245,-1.73
46.2257566375299,-72.7107631774496,65,196,676536.657941358,5121678.32235247,-2.165
46.2257046917254,-72.7081717852264,65,197,676736.657941354,5121678.32235248,-2.258
46.225652687228,-72.7055804001468,65,198,676936.657941357,5121678.3223525,-1.865
46.2256006240382,-72.7029890222188,65,199,677136.657941359,5121678.32235251,-1.532
46.2255485021565,-72.7003976514504,65,200,677336.65794136,5121678.32235252,-1.332
46.2254963215831,-72.6978062878496,65,201,677536.657941359,5121678.32235254,-1.352
46.2254440823187,-72.6952149314247,65,202,677736.657941358,5121678.32235255,-1.302
46.2253917843635,-72.6926235821835,65,203,677936.65794136,5121678.32235257,-1.386
46.225339427718,-72.690032240134,65,204,678136.657941361,5121678.32235258,-1.512
46.2252870123827,-72.6874409052845,65,205,678336.657941361,5121678.3223526,-1.762
46.2252345383579,-72.6848495776428,65,206,678536.657941361,5121678.32235261,-1.637
46.225182005644,-72.6822582572171,65,207,678736.657941364,5121678.32235263,-1.404
46.2251294142416,-72.6796669440153,65,208,678936.657941363,5121678.32235264,-1.109
46.2250767641509,-72.6770756380456,65,209,679136.657941365,5121678.32235265,-0.983
46.2250240553725,-72.6744843393159,65,210,679336.657941363,5121678.32235267,-1.009
46.2249712879068,-72.6718930478343,65,211,679536.657941364,5121678.32235268,-1.029
46.2249184617542,-72.6693017636089,65,212,679736.657941365,5121678.3223527,-1.054
46.2248655769151,-72.6667104866476,65,213,679936.657941365,5121678.32235271,-0.738
46.2248126333899,-72.6641192169586,65,214,680136.657941369,5121678.32235273,-0.341
46.2276864765123,-72.9052058243031,66,121,661536.65794132,5121478.32235138,-0.293
46.2276389367985,-72.9026140037949,66,122,661736.65794132,5121478.32235139,-0.446
46.2275913383654,-72.9000221898259,66,123,661936.657941321,5121478.32235141,-0.569
46.2275436812134,-72.8974303824042,66,124,662136.657941322,5121478.32235142,-0.912
46.2274959653429,-72.8948385815379,66,125,662336.657941322,5121478.32235143,-1.216
46.2274481907542,-72.8922467872349,66,126,662536.657941325,5121478.32235145,-1.352
46.2274003574478,-72.8896549995033,66,127,662736.657941327,5121478.32235147,-1.467
46.2273524654241,-72.8870632183513,66,128,662936.657941326,5121478.32235148,-1.651
46.2273045146833,-72.8844714437867,66,129,663136.657941326,5121478.32235149,-1.937
46.227256505226,-72.8818796758177,66,130,663336.657941325,5121478.32235151,-2.123
46.2272084370525,-72.8792879144524,66,131,663536.657941326,5121478.32235152,-2.21
46.2271603101632,-72.8766961596988,66,132,663736.657941327,5121478.32235154,-2.254
46.2271121245585,-72.8741044115648,66,133,663936.657941329,5121478.32235155,-2.368
46.2270638802387,-72.8715126700587,66,134,664136.657941328,5121478.32235156,-2.407
46.2270155772043,-72.8689209351884,66,135,664336.657941328,5121478.32235158,-2.481
46.2269672154556,-72.866329206962,66,136,664536.657941328,5121478.32235159,-2.544
46.2269187949931,-72.8637374853875,66,137,664736.657941331,5121478.32235161,-2.649
46.2268703158171,-72.861145770473,66,138,664936.65794133,5121478.32235162,-2.705
46.226821777928,-72.8585540622265,66,139,665136.657941331,5121478.32235164,-2.673
46.2267731813263,-72.8559623606561,66,140,665336.657941333,5121478.32235165,-2.522
46.2267245260122,-72.8533706657699,66,141,665536.657941333,5121478.32235167,-2.684
46.2266758119862,-72.8507789775758,66,142,665736.657941336,5121478.32235168,-2.852
46.2266270392488,-72.8481872960819,66,143,665936.657941335,5121478.3223517,-2.945
46.2265782078002,-72.8455956212964,66,144,666136.657941334,5121478.32235171,-3.022
46.2265293176408,-72.8430039532271,66,145,666336.657941334,5121478.32235173,-3.082
46.2264803687712,-72.8404122918822,66,146,666536.657941335,5121478.32235174,-3.203
46.2264313611916,-72.8378206372698,66,147,666736.657941339,5121478.32235175,-3.129
46.2263822949025,-72.8352289893978,66,148,666936.657941338,5121478.32235177,-3.124
46.2263331699042,-72.8326373482743,66,149,667136.65794134,5121478.32235179,-3.141
46.2262839861972,-72.8300457139074,66,150,667336.657941338,5121478.3223518,-3.097
46.2262347437818,-72.8274540863052,66,151,667536.657941341,5121478.32235181,-3.068
46.2261854426585,-72.8248624654755,66,152,667736.657941341,5121478.32235183,-3.054
46.2261360828276,-72.8222708514267,66,153,667936.657941339,5121478.32235184,-3.157
46.2260866642896,-72.8196792441665,66,154,668136.657941343,5121478.32235186,-3.189
46.2260371870448,-72.8170876437031,66,155,668336.657941342,5121478.32235187,-3.265
46.2259876510937,-72.8144960500447,66,156,668536.657941344,5121478.32235188,-3.352
46.2259380564366,-72.8119044631991,66,157,668736.657941342,5121478.3223519,-3.383
46.2258884030739,-72.8093128831744,66,158,668936.657941345,5121478.32235191,-3.393
46.2258386910061,-72.8067213099788,66,159,669136.657941344,5121478.32235193,-3.444
46.2257889202335,-72.8041297436202,66,160,669336.657941345,5121478.32235194,-3.542
46.2257390907566,-72.8015381841066,66,161,669536.657941344,5121478.32235196,-3.53
46.2256892025757,-72.7989466314462,66,162,669736.657941345,5121478.32235197,-3.407
46.2256392556912,-72.796355085647,66,163,669936.657941349,5121478.32235199,-2.854
46.2255892501037,-72.793763546717,66,164,670136.657941348,5121478.322352,-2.34
46.2255391858133,-72.7911720146643,66,165,670336.657941347,5121478.32235201,-3.384
46.2254890628206,-72.7885804894969,66,166,670536.65794135,5121478.32235203,-3.705
46.2254388811261,-72.7859889712229,66,167,670736.65794135,5121478.32235205,-10.668
46.2253886407299,-72.7833974598503,66,168,670936.657941351,5121478.32235206,-13.848
46.2253383416326,-72.7808059553871,66,169,671136.657941352,5121478.32235207,-15.098
46.2252879838347,-72.7782144578414,66,170,671336.657941352,5121478.32235209,-15.298
46.2252375673364,-72.7756229672213,66,171,671536.657941354,5121478.3223521,-12.418
46.2251870921381,-72.7730314835348,66,172,671736.657941354,5121478.32235212,-5.317
46.2251365582404,-72.7704400067899,66,173,671936.657941353,5121478.32235213,-5.288
46.2250859656436,-72.7678485369946,66,174,672136.657941355,5121478.32235214,-5.256
46.2250353143482,-72.7652570741571,66,175,672336.657941353,5121478.32235216,-5.459
46.2249846043544,-72.7626656182854,66,176,672536.657941358,5121478.32235217,-5.487
46.2249338356628,-72.7600741693875,66,177,672736.657941356,5121478.32235219,-4.311
46.2248830082737,-72.7574827274714,66,178,672936.657941358,5121478.3223522,-2.898
46.2248321221876,-72.7548912925453,66,179,673136.657941357,5121478.32235222,-2.511
46.2247811774048,-72.752299864617,66,180,673336.65794136,5121478.32235223,-2.586
46.2247301739258,-72.7497084436948,66,181,673536.657941361,5121478.32235225,-2.434
46.224679111751,-72.7471170297866,66,182,673736.65794136,5121478.32235226,-1.997
46.2246279908808,-72.7445256229005,66,183,673936.65794136,5121478.32235228,-2.144
46.2245768113156,-72.7419342230445,66,184,674136.657941362,5121478.32235229,-2.362
46.2245255730558,-72.7393428302266,66,185,674336.657941362,5121478.32235231,-2.802
46.2244742761019,-72.736751444455,66,186,674536.657941361,5121478.32235232,-3.036
46.2244229204542,-72.7341600657376,66,187,674736.657941363,5121478.32235233,-2.689
46.2243715061132,-72.7315686940825,66,188,674936.657941367,5121478.32235235,-1.714
46.2243200330793,-72.7289773294978,66,189,675136.657941366,5121478.32235236,-1.371
46.2242685013528,-72.7263859719914,66,190,675336.657941368,5121478.32235238,-1.456
46.2242169109343,-72.7237946215715,66,191,675536.657941365,5121478.32235239,-1.494
46.2241652618241,-72.721203278246,66,192,675736.657941366,5121478.32235241,-1.449
46.2241135540226,-72.718611942023,66,193,675936.657941367,5121478.32235242,-1.596
46.2240617875303,-72.7160206129105,66,194,676136.657941367,5121478.32235244,-1.838
46.2240099623476,-72.7134292909167,66,195,676336.657941371,5121478.32235245,-2.085
46.2239580784749,-72.7108379760494,66,196,676536.657941367,5121478.32235247,-1.764
46.2239061359125,-72.7082466683169,66,197,676736.657941371,5121478.32235248,-1.536
46.2238541346611,-72.705655367727,66,198,676936.657941371,5121478.32235249,-1.619
46.2238020747208,-72.703064074288,66,199,677136.657941372,5121478.32235251,-1.352
46.2237499560923,-72.7004727880076,66,200,677336.657941372,5121478.32235252,-1.319
46.2236977787758,-72.6978815088942,66,201,677536.657941373,5121478.32235254,-1.519
46.2236455427719,-72.6952902369556,66,202,677736.657941374,5121478.32235255,-1.539
46.2235932480809,-72.6926989721999,66,203,677936.657941375,5121478.32235256,-1.606
46.2235408947032,-72.6901077146352,66,204,678136.657941377,5121478.32235258,-1.622
46.2234884826394,-72.6875164642695,66,205,678336.657941375,5121478.3223526,-1.618
46.2234360118897,-72.6849252211109,66,206,678536.657941377,5121478.32235261,-1.569
46.2233834824546,-72.6823339851673,66,207,678736.657941376,5121478.32235262,-1.436
46.2233308943346,-72.6797427564468,66,208,678936.657941379,5121478.32235264,-1.177
46.2232782475301,-72.6771515349575,66,209,679136.657941378,5121478.32235265,-1.014
46.2232255420415,-72.6745603207074,66,210,679336.657941381,5121478.32235267,-1.043
46.2231727778692,-72.6719691137045,66,211,679536.657941381,5121478.32235268,-0.996
46.2231199550137,-72.6693779139569,66,212,679736.65794138,5121478.3223527,-0.945
46.2230670734753,-72.6667867214726,66,213,679936.657941383,5121478.32235271,-0.568
46.2230141332545,-72.6641955362597,66,214,680136.657941383,5121478.32235273,-0.295
46.2259351620998,-72.9078660197286,67,120,661336.657941337,5121278.32235136,-0.356
46.2258876840696,-72.9052742772333,67,121,661536.657941337,5121278.32235138,-0.435
46.2258401473234,-72.9026825412684,67,122,661736.657941336,5121278.32235139,-0.527
46.2257925518615,-72.9000908118419,67,123,661936.657941335,5121278.32235141,-0.815
46.2257448976845,-72.897499088962,67,124,662136.657941337,5121278.32235142,-1.279
46.2256971847926,-72.8949073726366,67,125,662336.657941337,5121278.32235144,-1.611
46.2256494131862,-72.8923156628738,67,126,662536.657941339,5121278.32235145,-1.754
46.2256015828657,-72.8897239596817,67,127,662736.657941339,5121278.32235146,-1.873
46.2255536938315,-72.8871322630683,67,128,662936.657941339,5121278.32235148,-2.049
46.225505746084,-72.8845405730416,67,129,663136.657941338,5121278.32235149,-2.192
46.2254577396236,-72.8819488896097,67,130,663336.657941339,5121278.32235151,-2.286
46.2254096744507,-72.8793572127806,67,131,663536.65794134,5121278.32235152,-2.338
46.2253615505656,-72.8767655425625,67,132,663736.657941344,5121278.32235154,-2.369
46.2253133679687,-72.8741738789633,67,133,663936.657941343,5121278.32235155,-2.411
46.2252651266605,-72.8715822219911,67,134,664136.657941342,5121278.32235157,-2.497
46.2252168266413,-72.868990571654,67,135,664336.657941345,5121278.32235158,-2.592
46.2251684679114,-72.86639892796,67,136,664536.657941345,5121278.32235159,-2.7
46.2251200504714,-72.8638072909171,67,137,664736.657941346,5121278.32235161,-2.757
46.2250715743216,-72.8612156605333,67,138,664936.657941345,5121278.32235162,-2.676
46.2250230394624,-72.8586240368169,67,139,665136.657941348,5121278.32235164,-2.802
46.2249744458941,-72.8560324197757,67,140,665336.657941345,5121278.32235165,-2.837
46.2249257936172,-72.8534408094179,67,141,665536.657941347,5121278.32235167,-2.863
46.224877082632,-72.8508492057515,67,142,665736.65794135,5121278.32235168,-2.989
46.224828312939,-72.8482576087844,67,143,665936.65794135,5121278.3223517,-3.052
46.2247794845385,-72.8456660185249,67,144,666136.657941352,5121278.32235171,-3.043
46.224730597431,-72.8430744349809,67,145,666336.657941348,5121278.32235172,-3.001
46.2246816516168,-72.8404828581605,67,146,666536.657941351,5121278.32235174,-3.037
46.2246326470963,-72.8378912880717,67,147,666736.65794135,5121278.32235176,-3.092
46.22458358387,-72.8352997247226,67,148,666936.657941353,5121278.32235177,-3.062
46.2245344619381,-72.8327081681212,67,149,667136.657941353,5121278.32235178,-3.064
46.2244852813012,-72.8301166182756,67,150,667336.657941354,5121278.3223518,-3.128
46.2244360419596,-72.8275250751937,67,151,667536.657941352,5121278.32235181,-3.12
46.2243867439137,-72.8249335388838,67,152,667736.657941357,5121278.32235183,-3.175
46.2243373871639,-72.8223420093537,67,153,667936.657941356,5121278.32235184,-3.218
46.2242879717106,-72.8197504866116,67,154,668136.657941355,5121278.32235185,-3.302
46.2242384975542,-72.8171589706656,67,155,668336.657941357,5121278.32235187,-3.331
46.2241889646951,-72.8145674615235,67,156,668536.657941359,5121278.32235189,-3.332
46.2241393731336,-72.8119759591935,67,157,668736.657941357,5121278.3223519,-3.278
46.2240897228704,-72.8093844636837,67,158,668936.657941357,5121278.32235191,-3.341
46.2240400139056,-72.8067929750021,67,159,669136.657941362,5121278.32235193,-3.339
46.2239902462396,-72.8042014931567,67,160,669336.65794136,5121278.32235194,-3.304
46.2239404198731,-72.8016100181556,67,161,669536.657941361,5121278.32235196,-3.004
46.2238905348062,-72.7990185500068,67,162,669736.657941361,5121278.32235197,-2.58
46.2238405910394,-72.7964270887183,67,163,669936.657941363,5121278.32235199,-2.891
46.2237905885731,-72.7938356342983,67,164,670136.657941365,5121278.322352,-3.512
46.2237405274077,-72.7912441867548,67,165,670336.657941362,5121278.32235201,-3.94
46.2236904075437,-72.7886527460957,67,166,670536.657941364,5121278.32235203,-13.908
46.2236402289814,-72.7860613123292,67,167,670736.657941366,5121278.32235204,-14.778
46.2235899917212,-72.7834698854633,67,168,670936.657941365,5121278.32235206,-14.878
46.2235396957635,-72.780878465506,67,169,671136.657941364,5121278.32235207,-14.868
46.2234893411088,-72.7782870524654,67,170,671336.657941365,5121278.32235209,-5.095
46.2234389277574,-72.7756956463495,67,171,671536.657941368,5121278.3223521,-5.031
46.2233884557098,-72.7731042471664,67,172,671736.657941369,5121278.32235212,-4.674
46.2233379249663,-72.7705128549241,67,173,671936.657941368,5121278.32235213,-4.599
46.2232873355274,-72.7679214696306,67,174,672136.657941369,5121278.32235215,-5.178
46.2232366873935,-72.7653300912941,67,175,672336.65794137,5121278.32235216,-5.337
46.2231859805649,-72.7627387199225,67,176,672536.657941369,5121278.32235217,-4.807
46.2231352150422,-72.7601473555239,67,177,672736.657941371,5121278.32235219,-3.165
46.2230843908256,-72.7575559981063,67,178,672936.657941373,5121278.3223522,-2.609
46.2230335079157,-72.7549646476778,67,179,673136.657941374,5121278.32235222,-2.643
46.2229825663128,-72.7523733042464,67,180,673336.657941376,5121278.32235223,-2.525
46.2229315660173,-72.7497819678202,67,181,673536.657941373,5121278.32235225,-2.416
46.2228805070296,-72.7471906384071,67,182,673736.657941375,5121278.32235226,-2.087
46.2228293893502,-72.7445993160154,67,183,673936.657941373,5121278.32235228,-2.05
46.2227782129795,-72.7420080006528,67,184,674136.657941375,5121278.32235229,-2.539
46.2227269779179,-72.7394166923277,67,185,674336.657941379,5121278.32235231,-2.823
46.2226756841657,-72.7368253910479,67,186,674536.657941379,5121278.32235232,-2.703
46.2226243317235,-72.7342340968215,67,187,674736.65794138,5121278.32235233,-2.078
46.2225729205916,-72.7316428096566,67,188,674936.657941378,5121278.32235235,-1.331
46.2225214507704,-72.7290515295611,67,189,675136.657941377,5121278.32235236,-1.279
46.2224699222604,-72.7264602565433,67,190,675336.657941379,5121278.32235238,-1.36
46.2224183350619,-72.723868990611,67,191,675536.65794138,5121278.32235239,-1.497
46.2223666891754,-72.7212777317723,67,192,675736.657941384,5121278.32235241,-1.744
46.2223149846014,-72.7186864800353,67,193,675936.657941381,5121278.32235242,-1.917
46.2222632213401,-72.7160952354079,67,194,676136.657941383,5121278.32235244,-1.739
46.2222113993921,-72.7135039978984,67,195,676336.657941384,5121278.32235245,-1.494
46.2221595187577,-72.7109127675146,67,196,676536.657941385,5121278.32235247,-1.24
46.2221075794374,-72.7083215442646,67,197,676736.657941384,5121278.32235248,-1.448
46.2220555814316,-72.7057303281565,67,198,676936.657941386,5121278.32235249,-1.559
46.2220035247407,-72.7031391191983,67,199,677136.657941388,5121278.32235251,-1.399
46.2219514093652,-72.7005479173981,67,200,677336.657941388,5121278.32235252,-1.547
46.2218992353054,-72.6979567227638,67,201,677536.65794139,5121278.32235254,-1.519
46.2218470025617,-72.6953655353036,67,202,677736.657941389,5121278.32235255,-1.505
46.2217947111347,-72.6927743550255,67,203,677936.65794139,5121278.32235257,-1.6
46.2217423610246,-72.6901831819374,67,204,678136.657941389,5121278.32235258,-1.525
46.221689952232,-72.6875920160475,67,205,678336.657941392,5121278.32235259,-1.52
46.2216374847573,-72.6850008573638,67,206,678536.657941393,5121278.32235261,-1.509
46.2215849586008,-72.6824097058943,67,207,678736.657941391,5121278.32235262,-1.358
46.2215323737631,-72.6798185616471,67,208,678936.657941394,5121278.32235264,-1.081
46.2214797302445,-72.6772274246302,67,209,679136.657941394,5121278.32235266,-0.989
46.2214270280454,-72.6746362948516,67,210,679336.657941395,5121278.32235267,-1.03
46.2213742671663,-72.6720451723194,67,211,679536.657941393,5121278.32235268,-1.071
46.2213214476076,-72.6694540570416,67,212,679736.657941395,5121278.3223527,-1.164
46.2212685693698,-72.6668629490263,67,213,679936.657941398,5121278.32235271,-0.817
46.2212156324532,-72.6642718482815,67,214,680136.657941396,5121278.32235273,-0.39
46.2241837824,-72.9105260460732,68,119,661136.65794135,5121078.32235135,-0.288
46.2241363660463,-72.9079343815923,68,120,661336.657941348,5121078.32235136,-0.411
46.2240888909798,-72.905342723633,68,121,661536.657941351,5121078.32235138,-0.472
46.224041357201,-72.9027510722034,68,122,661736.657941349,5121078.32235139,-0.71
46.2239937647103,-72.9001594273114,68,123,661936.657941352,5121078.32235141,-1.177
46.223946113508,-72.8975677889652,68,124,662136.657941351,5121078.32235142,-1.514
46.2238984035944,-72.8949761571727,68,125,662336.657941351,5121078.32235143,-1.782
46.2238506349701,-72.8923845319421,68,126,662536.657941354,5121078.32235145,-2.079
46.2238028076353,-72.8897929132813,68,127,662736.657941352,5121078.32235146,-2.246
46.2237549215905,-72.8872013011985,68,128,662936.657941355,5121078.32235148,-2.264
46.2237069768361,-72.8846096957016,68,129,663136.657941354,5121078.32235149,-2.29
46.2236589733724,-72.8820180967988,68,130,663336.657941355,5121078.32235151,-2.353
46.2236109111998,-72.879426504498,68,131,663536.657941357,5121078.32235152,-2.457
46.2235627903187,-72.8768349188073,68,132,663736.657941359,5121078.32235154,-2.499
46.2235146107295,-72.8742433397348,68,133,663936.657941359,5121078.32235155,-2.559
46.2234663724327,-72.8716517672885,68,134,664136.657941356,5121078.32235156,-2.637
46.2234180754284,-72.8690602014765,68,135,664336.657941356,5121078.32235158,-2.742
46.2233697197173,-72.8664686423068,68,136,664536.657941359,5121078.32235159,-2.73
46.2233213052996,-72.8638770897874,68,137,664736.657941362,5121078.32235161,-2.744
46.2232728321758,-72.8612855439265,68,138,664936.657941361,5121078.32235162,-2.885
46.2232243003461,-72.858694004732,68,139,665136.657941361,5121078.32235164,-2.98
46.2231757098112,-72.856102472212,68,140,665336.657941362,5121078.32235165,-2.959
46.2231270605712,-72.8535109463745,68,141,665536.657941361,5121078.32235167,-3.002
46.2230783526267,-72.8509194272277,68,142,665736.657941363,5121078.32235168,-3.098
46.2230295859779,-72.8483279147795,68,143,665936.657941364,5121078.3223517,-3.132
46.2229807606254,-72.8457364090379,68,144,666136.657941364,5121078.32235171,-3.023
46.2229318765695,-72.8431449100111,68,145,666336.657941364,5121078.32235172,-3.008
46.2228829338105,-72.8405534177071,68,146,666536.657941364,5121078.32235174,-2.894
46.222833932349,-72.837961932134,68,147,666736.657941365,5121078.32235175,-3
46.2227848721852,-72.8353704532997,68,148,666936.657941364,5121078.32235177,-3.097
46.2227357533196,-72.8327789812123,68,149,667136.657941369,5121078.32235178,-3.181
46.2226865757525,-72.8301875158799,68,150,667336.657941368,5121078.3223518,-3.177
46.2226373394845,-72.8275960573105,68,151,667536.657941369,5121078.32235181,-3.21
46.2225880445158,-72.8250046055121,68,152,667736.65794137,5121078.32235182,-3.236
46.2225386908468,-72.8224131604929,68,153,667936.65794137,5121078.32235184,-3.22
46.222489278478,-72.8198217222608,68,154,668136.657941371,5121078.32235185,-3.347
46.2224398074098,-72.8172302908239,68,155,668336.657941371,5121078.32235187,-3.309
46.2223902776425,-72.8146388661903,68,156,668536.657941373,5121078.32235188,-3.144
46.2223406891766,-72.8120474483679,68,157,668736.657941371,5121078.3223519,-2.979
46.2222910420125,-72.8094560373649,68,158,668936.657941375,5121078.32235191,-2.972
46.2222413361505,-72.8068646331892,68,159,669136.657941373,5121078.32235193,-2.804
46.2221915715911,-72.804273235849,68,160,669336.657941373,5121078.32235194,-2.5
46.2221417483346,-72.8016818453522,68,161,669536.657941376,5121078.32235195,-2.354
46.2220918663815,-72.799090461707,68,162,669736.657941373,5121078.32235197,-2.917
46.2220419257322,-72.7964990849213,68,163,669936.657941374,5121078.32235198,-3.763
46.221991926387,-72.7939077150032,68,164,670136.657941378,5121078.322352,-9.228
46.2219418683464,-72.7913163519607,68,165,670336.657941377,5121078.32235201,-14.008
46.2218917516108,-72.7887249958019,68,166,670536.657941377,5121078.32235203,-15.008
46.2218415761806,-72.7861336465349,68,167,670736.657941381,5121078.32235204,-14.978
46.2217913420561,-72.7835423041676,68,168,670936.657941378,5121078.32235206,-12.918
46.2217410492379,-72.7809509687082,68,169,671136.657941379,5121078.32235207,-4.562
46.2216906977262,-72.7783596401646,68,170,671336.657941381,5121078.32235209,-4.627
46.2216402875215,-72.7757683185449,68,171,671536.657941381,5121078.3223521,-4.221
46.2215898186243,-72.7731770038572,68,172,671736.657941382,5121078.32235211,-4.701
46.2215392910348,-72.7705856961094,68,173,671936.657941384,5121078.32235213,-5.045
46.2214887047536,-72.7679943953097,68,174,672136.657941384,5121078.32235214,-4.95
46.2214380597811,-72.7654031014661,68,175,672336.657941383,5121078.32235216,-4.69
46.2213873561175,-72.7628118145866,68,176,672536.657941384,5121078.32235217,-4.052
46.2213365937634,-72.7602205346792,68,177,672736.657941387,5121078.32235219,-2.874
46.2212857727192,-72.7576292617521,68,178,672936.657941384,5121078.3223522,-2.742
46.2212348929852,-72.7550379958132,68,179,673136.657941388,5121078.32235222,-2.514
46.2211839545619,-72.7524467368706,68,180,673336.657941387,5121078.32235223,-2.611
46.2211329574497,-72.7498554849323,68,181,673536.657941389,5121078.32235225,-2.502
46.2210819016491,-72.7472642400064,68,182,673736.657941389,5121078.32235226,-2.021
46.2210307871603,-72.7446730021009,68,183,673936.657941389,5121078.32235228,-2.046
46.2209796139838,-72.7420817712239,68,184,674136.657941392,5121078.32235229,-2.442
46.2209283821201,-72.7394905473833,68,185,674336.65794139,5121078.32235231,-2.588
46.2208770915695,-72.7368993305873,68,186,674536.657941392,5121078.32235232,-2.379
46.2208257423325,-72.7343081208439,68,187,674736.657941392,5121078.32235233,-1.589
46.2207743344095,-72.7317169181611,68,188,674936.657941393,5121078.32235235,-1.266
46.2207228678009,-72.729125722547,68,189,675136.657941392,5121078.32235236,-1.182
46.2206713425071,-72.7265345340095,68,190,675336.657941395,5121078.32235238,-1.25
46.2206197585285,-72.7239433525568,68,191,675536.657941398,5121078.32235239,-1.512
46.2205681158655,-72.7213521781969,68,192,675736.657941396,5121078.32235241,-1.727
46.2205164145186,-72.7187610109378,68,193,675936.657941397,5121078.32235242,-1.64
46.2204646544882,-72.7161698507876,68,194,676136.657941398,5121078.32235244,-1.429
46.2204128357747,-72.7135786977543,68,195,676336.657941398,5121078.32235245,-1.119
46.2203609583785,-72.7109875518459,68,196,676536.657941401,5121078.32235246,-1.253
46.2203090223,-72.7083964130705,68,197,676736.6579414,5121078.32235248,-1.484
46.2202570275397,-72.7058052814361,68,198,676936.657941398,5121078.32235249,-1.574
46.2202049740979,-72.7032141569508,68,199,677136.657941403,5121078.32235251,-1.477
46.2201528619751,-72.7006230396226,68,200,677336.657941403,5121078.32235252,-1.395
46.2201006911717,-72.6980319294595,68,201,677536.657941402,5121078.32235254,-1.421
46.2200484616882,-72.6954408264696,68,202,677736.657941403,5121078.32235255,-1.494
46.2199961735249,-72.6928497306609,68,203,677936.657941404,5121078.32235257,-1.552
46.2199438266822,-72.6902586420415,68,204,678136.657941403,5121078.32235258,-1.409
46.2198914211607,-72.6876675606193,68,205,678336.657941404,5121078.32235259,-1.424
46.2198389569607,-72.6850764864025,68,206,678536.657941404,5121078.32235261,-1.401
46.2197864340826,-72.6824854193991,68,207,678736.657941405,5121078.32235262,-1.215
46.2197338525269,-72.6798943596171,68,208,678936.657941409,5121078.32235264,-1.034
46.219681212294,-72.6773033070645,68,209,679136.65794141,5121078.32235265,-1.043
46.2196285133842,-72.6747122617494,68,210,679336.657941409,5121078.32235267,-1.079
46.2195757557981,-72.6721212236799,68,211,679536.657941408,5121078.32235268,-1.081
46.2195229395361,-72.6695301928639,68,212,679736.657941409,5121078.3223527,-1.045
46.2194700645986,-72.6669391693095,68,213,679936.657941411,5121078.32235271,-0.805
46.219417130986,-72.6643481530247,68,214,680136.65794141,5121078.32235273,-0.408
46.2224323374241,-72.9131859033514,69,118,660936.65794136,5120878.32235133,-0.24
46.2223849827397,-72.9105943168866,69,119,661136.657941362,5120878.32235135,-0.363
46.2223375693459,-72.9080027369345,69,120,661336.657941362,5120878.32235136,-0.354
46.2222900972431,-72.9054111635032,69,121,661536.657941364,5120878.32235138,-0.605
46.2222425664315,-72.9028195966008,69,122,661736.657941366,5120878.32235139,-1.092
46.2221949769116,-72.9002280362352,69,123,661936.657941367,5120878.3223514,-1.529
46.2221473286839,-72.8976364824146,69,124,662136.657941365,5120878.32235142,-1.707
46.2220996217485,-72.895044935147,69,125,662336.657941367,5120878.32235143,-1.929
46.2220518561061,-72.8924533944405,69,126,662536.657941369,5120878.32235145,-2.23
46.2220040317569,-72.8898618603031,69,127,662736.657941371,5120878.32235146,-2.335
46.2219561487012,-72.8872703327427,69,128,662936.657941369,5120878.32235148,-2.366
46.2219082069396,-72.8846788117676,69,129,663136.657941369,5120878.32235149,-2.447
46.2218602064724,-72.8820872973858,69,130,663336.657941368,5120878.32235151,-2.489
46.2218121473,-72.8794957896052,69,131,663536.657941368,5120878.32235152,-2.568
46.2217640294228,-72.8769042884339,69,132,663736.657941372,5120878.32235153,-2.638
46.2217158528411,-72.8743127938801,69,133,663936.657941372,5120878.32235155,-2.714
46.2216676175553,-72.8717213059517,69,134,664136.657941372,5120878.32235156,-2.774
46.2216193235659,-72.8691298246567,69,135,664336.657941372,5120878.32235158,-2.832
46.2215709708732,-72.8665383500033,69,136,664536.657941374,5120878.32235159,-2.922
46.2215225594777,-72.8639468819994,69,137,664736.657941374,5120878.32235161,-3.027
46.2214740893796,-72.8613554206531,69,138,664936.657941376,5120878.32235162,-3.031
46.2214255605794,-72.8587639659726,69,139,665136.657941373,5120878.32235164,-3.059
46.2213769730776,-72.8561725179657,69,140,665336.657941377,5120878.32235165,-3.004
46.2213283268744,-72.8535810766406,69,141,665536.657941377,5120878.32235167,-2.967
46.2212796219703,-72.8509896420053,69,142,665736.657941377,5120878.32235168,-2.955
46.2212308583656,-72.8483982140678,69,143,665936.657941378,5120878.3223517,-2.932
46.2211820360608,-72.8458067928362,69,144,666136.657941379,5120878.32235171,-2.949
46.2211331550563,-72.8432153783186,69,145,666336.657941379,5120878.32235172,-2.905
46.2210842153524,-72.8406239705229,69,146,666536.65794138,5120878.32235174,-2.894
46.2210352169495,-72.8380325694573,69,147,666736.657941379,5120878.32235175,-2.984
46.2209861598481,-72.8354411751298,69,148,666936.657941381,5120878.32235177,-3.171
46.2209370440485,-72.8328497875484,69,149,667136.657941382,5120878.32235178,-3.234
46.2208878695512,-72.8302584067211,69,150,667336.657941383,5120878.3223518,-3.155
46.2208386363565,-72.8276670326561,69,151,667536.657941383,5120878.32235181,-3.204
46.2207893444647,-72.8250756653613,69,152,667736.657941384,5120878.32235182,-3.288
46.2207399938765,-72.8224843048449,69,153,667936.657941385,5120878.32235184,-3.169
46.220690584592,-72.8198929511148,69,154,668136.657941386,5120878.32235186,-3.13
46.2206411166118,-72.817301604179,69,155,668336.657941385,5120878.32235187,-2.991
46.2205915899362,-72.8147102640457,69,156,668536.657941386,5120878.32235188,-2.748
46.2205420045656,-72.8121189307229,69,157,668736.657941388,5120878.3223519,-2.132
46.2204923605004,-72.8095276042186,69,158,668936.657941388,5120878.32235191,-1.844
46.220442657741,-72.8069362845409,69,159,669136.657941387,5120878.32235193,-1.987
46.2203928962879,-72.8043449716978,69,160,669336.657941388,5120878.32235194,-2.391
46.2203430761413,-72.8017536656973,69,161,669536.657941388,5120878.32235195,-3.007
46.2202931973018,-72.7991623665476,69,162,669736.657941391,5120878.32235197,-3.955
46.2202432597697,-72.7965710742566,69,163,669936.657941389,5120878.32235198,-13.128
46.2201932635455,-72.7939797888324,69,164,670136.657941391,5120878.322352,-14.688
46.2201432086294,-72.7913885102829,69,165,670336.657941393,5120878.32235201,-14.918
46.220093095022,-72.7887972386164,69,166,670536.657941394,5120878.32235203,-14.928
46.2200429227237,-72.7862059738408,69,167,670736.657941396,5120878.32235204,-4.545
46.2199926917348,-72.7836147159642,69,168,670936.657941394,5120878.32235206,-4.536
46.2199424020557,-72.7810234649945,69,169,671136.657941396,5120878.32235207,-4.225
46.2198920536869,-72.7784322209399,69,170,671336.657941396,5120878.32235209,-4.022
46.2198416466288,-72.7758409838084,69,171,671536.657941395,5120878.3223521,-4.67
46.2197911808817,-72.773249753608,69,172,671736.657941396,5120878.32235211,-4.672
46.2197406564461,-72.7706585303468,69,173,671936.657941398,5120878.32235213,-4.488
46.2196900733223,-72.7680673140328,69,174,672136.657941398,5120878.32235214,-4.489
46.2196394315109,-72.765476104674,69,175,672336.657941398,5120878.32235216,-4.034
46.2195887310122,-72.7628849022786,69,176,672536.6579414,5120878.32235217,-3.465
46.2195379718265,-72.7602937068544,69,177,672736.657941399,5120878.32235219,-2.794
46.2194871539544,-72.7577025184097,69,178,672936.6579414,5120878.3223522,-2.682
46.2194362773962,-72.7551113369523,69,179,673136.657941403,5120878.32235222,-2.67
46.2193853421524,-72.7525201624905,69,180,673336.657941403,5120878.32235223,-2.923
46.2193343482232,-72.7499289950321,69,181,673536.657941401,5120878.32235224,-2.081
46.2192832956093,-72.7473378345853,69,182,673736.657941405,5120878.32235226,-1.624
46.2192321843109,-72.744746681158,69,183,673936.657941406,5120878.32235227,-1.739
46.2191810143285,-72.7421555347584,69,184,674136.657941405,5120878.32235229,-2.057
46.2191297856625,-72.7395643953945,69,185,674336.657941406,5120878.3223523,-2.23
46.2190784983133,-72.7369732630742,69,186,674536.657941405,5120878.32235232,-1.998
46.2190271522814,-72.7343821378057,69,187,674736.657941406,5120878.32235233,-1.383
46.218975747567,-72.731791019597,69,188,674936.657941408,5120878.32235235,-1.289
46.2189242841708,-72.7291999084561,69,189,675136.657941408,5120878.32235236,-1.265
46.218872762093,-72.7266088043911,69,190,675336.657941409,5120878.32235238,-1.339
46.218821181334,-72.7240177074099,69,191,675536.657941408,5120878.32235239,-1.52
46.2187695418944,-72.7214266175207,69,192,675736.657941408,5120878.32235241,-1.674
46.2187178437745,-72.7188355347315,69,193,675936.65794141,5120878.32235242,-1.665
46.2186660869747,-72.7162444590503,69,194,676136.657941413,5120878.32235243,-1.402
46.2186142714954,-72.7136533904852,69,195,676336.657941413,5120878.32235245,-1.13
46.2185623973372,-72.7110623290442,69,196,676536.657941414,5120878.32235246,-1.339
46.2185104645003,-72.7084712747353,69,197,676736.657941416,5120878.32235248,-1.529
46.2184584729852,-72.7058802275666,69,198,676936.657941415,5120878.32235249,-1.637
46.2184064227923,-72.7032891875461,69,199,677136.657941415,5120878.32235251,-1.374
46.2183543139221,-72.7006981546819,69,200,677336.657941418,5120878.32235252,-1.317
46.218302146375,-72.6981071289819,69,201,677536.657941415,5120878.32235254,-1.474
46.2182499201513,-72.6955161104543,69,202,677736.657941419,5120878.32235255,-1.437
46.2181976352515,-72.6929250991071,69,203,677936.657941419,5120878.32235257,-1.407
46.2181452916761,-72.6903340949482,69,204,678136.657941419,5120878.32235258,-1.416
46.2180928894254,-72.6877430979858,69,205,678336.657941422,5120878.32235259,-1.389
46.2180404284999,-72.6851521082279,69,206,678536.65794142,5120878.32235261,-1.382
46.2179879089,-72.6825611256825,69,207,678736.657941421,5120878.32235262,-1.152
46.2179353306261,-72.6799701503576,69,208,678936.657941421,5120878.32235264,-1.076
46.2178826936786,-72.6773791822614,69,209,679136.657941424,5120878.32235265,-1.103
46.217829998058,-72.6747882214017,69,210,679336.657941425,5120878.32235267,-1.077
46.2177772437647,-72.6721972677868,69,211,679536.657941423,5120878.32235268,-1.046
46.2177244307992,-72.6696063214245,69,212,679736.657941423,5120878.32235269,-1.068
46.2176715591617,-72.667015382323,69,213,679936.657941424,5120878.32235271,-1.024
46.2176186288528,-72.6644244504902,69,214,680136.657941427,5120878.32235272,-0.737
46.217565639873,-72.6618335259343,69,215,680336.657941426,5120878.32235274,-0.25
46.2175125922225,-72.6592426086632,69,216,680536.657941429,5120878.32235275,-0.078
46.2207752371075,-72.9210286279522,70,115,660336.657941375,5120678.32235129,-1.068
46.2206808271833,-72.9158455915779,70,117,660736.657941376,5120678.32235132,-0.158
46.2206335341612,-72.9132540831306,70,118,660936.657941377,5120678.32235133,-0.409
46.2205861824329,-72.9106625811872,70,119,661136.657941377,5120678.32235135,-0.373
46.2205387719988,-72.9080710857559,70,120,661336.65794138,5120678.32235136,-0.437
46.2204913028593,-72.9054795968445,70,121,661536.657941379,5120678.32235138,-0.959
46.2204437750148,-72.9028881144612,70,122,661736.657941378,5120678.32235139,-1.512
46.2203961884656,-72.900296638614,70,123,661936.657941379,5120678.32235141,-1.827
46.2203485432122,-72.8977051693111,70,124,662136.65794138,5120678.32235142,-2.026
46.2203008392549,-72.8951137065603,70,125,662336.65794138,5120678.32235144,-2.222
46.2202530765941,-72.8925222503698,70,126,662536.657941383,5120678.32235145,-2.412
46.2202052552302,-72.8899308007476,70,127,662736.657941384,5120678.32235146,-2.362
46.2201573751636,-72.8873393577018,70,128,662936.657941382,5120678.32235148,-2.467
46.2201094363947,-72.8847479212404,70,129,663136.657941383,5120678.32235149,-2.557
46.2200614389238,-72.8821564913715,70,130,663336.657941385,5120678.32235151,-2.604
46.2200133827513,-72.8795650681031,70,131,663536.657941385,5120678.32235152,-2.687
46.2199652678777,-72.8769736514432,70,132,663736.657941386,5120678.32235153,-2.823
46.2199170943033,-72.8743822413999,70,133,663936.657941385,5120678.32235155,-2.82
46.2198688620285,-72.8717908379813,70,134,664136.657941386,5120678.32235156,-2.928
46.2198205710537,-72.8691994411954,70,135,664336.657941387,5120678.32235158,-3.08
46.2197722213793,-72.8666080510502,70,136,664536.657941388,5120678.32235159,-3.125
46.2197238130056,-72.8640166675537,70,137,664736.657941388,5120678.32235161,-3.113
46.2196753459332,-72.8614252907141,70,138,664936.657941388,5120678.32235162,-3.114
46.2196268201622,-72.8588339205394,70,139,665136.65794139,5120678.32235164,-3.033
46.2195782356933,-72.8562425570376,70,140,665336.657941388,5120678.32235165,-2.946
46.2195295925266,-72.8536512002168,70,141,665536.657941392,5120678.32235167,-2.82
46.2194808906627,-72.851059850085,70,142,665736.65794139,5120678.32235168,-2.736
46.219432130102,-72.8484685066502,70,143,665936.657941395,5120678.3223517,-2.77
46.2193833108447,-72.8458771699206,70,144,666136.657941394,5120678.32235171,-2.845
46.2193344328914,-72.843285839904,70,145,666336.657941392,5120678.32235172,-2.902
46.2192854962423,-72.8406945166087,70,146,666536.657941393,5120678.32235174,-2.943
46.219236500898,-72.8381032000426,70,147,666736.657941394,5120678.32235175,-2.974
46.2191874468588,-72.8355118902138,70,148,666936.657941395,5120678.32235177,-3.047
46.219138334125,-72.8329205871303,70,149,667136.657941396,5120678.32235178,-3.074
46.2190891626972,-72.8303292908002,70,150,667336.657941398,5120678.3223518,-3.095
46.2190399325756,-72.8277380012315,70,151,667536.657941397,5120678.32235181,-3.065
46.2189906437607,-72.8251467184323,70,152,667736.657941397,5120678.32235182,-3.095
46.2189412962529,-72.8225554424105,70,153,667936.657941398,5120678.32235184,-2.961
46.2188918900525,-72.8199641731743,70,154,668136.657941397,5120678.32235186,-2.711
46.2188424251601,-72.8173729107317,70,155,668336.657941402,5120678.32235187,-2.108
46.2187929015759,-72.8147816550907,70,156,668536.657941401,5120678.32235188,-1.479
46.2187433193004,-72.8121904062594,70,157,668736.657941403,5120678.3223519,-1.767
46.218693678334,-72.8095991642458,70,158,668936.657941403,5120678.32235191,-1.823
46.218643978677,-72.807007929058,70,159,669136.657941402,5120678.32235193,-2.306
46.2185942203299,-72.8044167007039,70,160,669336.657941403,5120678.32235194,-3.232
46.2185444032931,-72.8018254791918,70,161,669536.657941405,5120678.32235195,-4.519
46.218494527567,-72.7992342645295,70,162,669736.657941405,5120678.32235197,-13.218
46.218444593152,-72.7966430567251,70,163,669936.657941405,5120678.32235198,-14.688
46.2183946000484,-72.7940518557867,70,164,670136.657941408,5120678.322352,-14.848
46.2183445482568,-72.7914606617223,70,165,670336.657941408,5120678.32235201,-14.178
46.2182944377774,-72.78886947454,70,166,670536.657941407,5120678.32235203,-4.413
46.2182442686107,-72.7862782942478,70,167,670736.657941406,5120678.32235204,-4.247
46.2181940407571,-72.7836871208537,70,168,670936.657941409,5120678.32235206,-3.881
46.2181437542171,-72.7810959543658,70,169,671136.657941409,5120678.32235207,-4.006
46.2180934089909,-72.7785047947921,70,170,671336.657941409,5120678.32235209,-4.502
46.2180430050791,-72.7759136421408,70,171,671536.657941409,5120678.3223521,-4.455
46.217992542482,-72.7733224964197,70,172,671736.65794141,5120678.32235211,-4.198
46.2179420212,-72.7707313576369,70,173,671936.657941412,5120678.32235213,-4.166
46.2178914412335,-72.7681402258005,70,174,672136.657941414,5120678.32235214,-4.077
46.217840802583,-72.7655491009186,70,175,672336.657941412,5120678.32235216,-3.879
46.2177901052489,-72.7629579829992,70,176,672536.657941415,5120678.32235217,-3.305
46.2177393492315,-72.7603668720502,70,177,672736.657941415,5120678.32235219,-2.699
46.2176885345313,-72.7577757680798,70,178,672936.657941415,5120678.3223522,-2.718
46.2176376611487,-72.755184671096,70,179,673136.657941416,5120678.32235222,-2.954
46.217586729084,-72.7525935811069,70,180,673336.657941418,5120678.32235223,-2.772
46.2175357383378,-72.7500024981203,70,181,673536.65794142,5120678.32235225,-1.826
46.2174846889104,-72.7474114221446,70,182,673736.657941418,5120678.32235226,-1.603
46.2174335808022,-72.7448203531875,70,183,673936.657941417,5120678.32235228,-1.678
46.2173824140137,-72.7422292912573,70,184,674136.657941421,5120678.32235229,-1.685
46.2173311885452,-72.7396382363619,70,185,674336.657941421,5120678.3223523,-2.006
46.2172799043972,-72.7370471885094,70,186,674536.657941421,5120678.32235232,-2.161
46.21722856157,-72.7344561477077,70,187,674736.657941421,5120678.32235233,-1.319
46.2171771600642,-72.731865113965,70,188,674936.657941421,5120678.32235235,-1.212
46.21712569988,-72.7292740872893,70,189,675136.657941425,5120678.32235236,-1.353
46.217074181018,-72.7266830676887,70,190,675336.657941425,5120678.32235238,-1.499
46.2170226034785,-72.7240920551711,70,191,675536.657941424,5120678.32235239,-1.696
46.216970967262,-72.7215010497446,70,192,675736.657941427,5120678.32235241,-1.619
46.2169192723689,-72.7189100514172,70,193,675936.657941425,5120678.32235242,-1.544
46.2168675187995,-72.716319060197,70,194,676136.657941427,5120678.32235243,-1.412
46.2168157065543,-72.7137280760921,70,195,676336.657941427,5120678.32235245,-1.359
46.2167638356338,-72.7111370991104,70,196,676536.65794143,5120678.32235246,-1.482
46.2167119060383,-72.70854612926,70,197,676736.657941428,5120678.32235248,-1.556
46.2166599177682,-72.7059551665489,70,198,676936.657941428,5120678.32235249,-1.459
46.2166078708241,-72.7033642109852,70,199,677136.65794143,5120678.32235251,-1.205
46.2165557652062,-72.7007732625769,70,200,677336.65794143,5120678.32235252,-1.262
46.2165036009151,-72.698182321332,70,201,677536.657941431,5120678.32235254,-1.433
46.2164513779511,-72.6955913872587,70,202,677736.65794143,5120678.32235255,-1.35
46.2163990963146,-72.6930004603648,70,203,677936.65794143,5120678.32235256,-1.329
46.2163467560062,-72.6904095406585,70,204,678136.657941431,5120678.32235258,-1.366
46.2162943570261,-72.6878186281478,70,205,678336.657941432,5120678.3223526,-1.365
46.2162418993749,-72.6852277228407,70,206,678536.657941434,5120678.32235261,-1.375
46.216189383053,-72.6826368247453,70,207,678736.657941435,5120678.32235262,-1.164
46.2161368080607,-72.6800459338696,70,208,678936.657941436,5120678.32235264,-1.117
46.2160841743985,-72.6774550502216,70,209,679136.657941436,5120678.32235265,-1.081
46.2160314820668,-72.6748641738094,70,210,679336.657941439,5120678.32235267,-1.034
46.2159787310661,-72.672273304641,70,211,679536.65794144,5120678.32235268,-1.026
46.2159259213967,-72.6696824427244,70,212,679736.65794144,5120678.3223527,-1.05
46.2158730530592,-72.6670915880678,70,213,679936.657941441,5120678.32235271,-1.057
46.2158201260538,-72.664500740679,70,214,680136.657941439,5120678.32235273,-0.984
46.2157671403812,-72.6619099005662,70,215,680336.657941443,5120678.32235274,-0.744
46.2157140960416,-72.6593190677374,70,216,680536.657941443,5120678.32235275,-0.253
46.2156609930355,-72.6567282422006,70,217,680736.657941443,5120678.32235277,-0.038
46.2192114071087,-72.9340538292836,71,110,659336.657941388,5120478.32235122,-0.161
46.2191645279671,-72.9314623600536,71,111,659536.657941389,5120478.32235123,-0.331
46.2191175901202,-72.9288708972705,71,112,659736.657941388,5120478.32235125,-0.391
46.2190705935686,-72.9262794409423,71,113,659936.65794139,5120478.32235126,-0.291
46.2190235383126,-72.9236879910769,71,114,660136.657941391,5120478.32235128,-0.209
46.2189764243525,-72.9210965476826,71,115,660336.657941392,5120478.32235129,-0.749
46.2189292516888,-72.9185051107673,71,116,660536.657941389,5120478.32235131,-0.456
46.2188820203217,-72.915913680339,71,117,660736.657941392,5120478.32235132,-0.363
46.2188347302518,-72.9133222564059,71,118,660936.657941392,5120478.32235133,-0.46
46.2187873814794,-72.9107308389759,71,119,661136.657941394,5120478.32235135,-0.44
46.2187399740048,-72.9081394280572,71,120,661336.657941394,5120478.32235136,-0.839
46.2186925078285,-72.9055480236577,71,121,661536.657941394,5120478.32235138,-1.47
46.2186449829508,-72.9029566257855,71,122,661736.657941394,5120478.32235139,-1.959
46.2185973993722,-72.9003652344487,71,123,661936.657941397,5120478.3223514,-2.329
46.2185497570929,-72.8977738496553,71,124,662136.657941393,5120478.32235142,-2.392
46.2185020561135,-72.8951824714133,71,125,662336.657941394,5120478.32235143,-2.47
46.2184542964341,-72.8925910997308,71,126,662536.657941397,5120478.32235145,-2.586
46.2184064780554,-72.8899997346158,71,127,662736.657941398,5120478.32235146,-2.532
46.2183586009776,-72.8874083760765,71,128,662936.657941398,5120478.32235148,-2.584
46.2183106652011,-72.8848170241208,71,129,663136.6579414,5120478.32235149,-2.664
46.2182626707263,-72.8822256787567,71,130,663336.657941398,5120478.32235151,-2.775
46.2182146175536,-72.8796343399924,71,131,663536.657941399,5120478.32235152,-2.85
46.2181665056835,-72.8770430078359,71,132,663736.657941401,5120478.32235153,-2.909
46.2181183351162,-72.8744516822951,71,133,663936.657941399,5120478.32235155,-3.039
46.2180701058521,-72.8718603633783,71,134,664136.657941402,5120478.32235156,-3.119
46.2180218178917,-72.8692690510933,71,135,664336.657941403,5120478.32235158,-3.154
46.2179734712354,-72.8666777454483,71,136,664536.657941401,5120478.32235159,-3.135
46.2179250658835,-72.8640864464513,71,137,664736.657941405,5120478.32235161,-3.153
46.2178766018364,-72.8614951541103,71,138,664936.657941404,5120478.32235162,-3.044
46.2178280790945,-72.8589038684334,71,139,665136.657941405,5120478.32235164,-2.961
46.2177794976583,-72.8563125894286,71,140,665336.657941406,5120478.32235165,-2.912
46.217730857528,-72.853721317104,71,141,665536.657941406,5120478.32235167,-2.855
46.2176821587041,-72.8511300514677,71,142,665736.657941405,5120478.32235168,-2.721
46.217633401187,-72.8485387925275,71,143,665936.657941409,5120478.3223517,-2.711
46.2175845849771,-72.8459475402918,71,144,666136.657941409,5120478.32235171,-2.885
46.2175357100748,-72.8433562947683,71,145,666336.657941409,5120478.32235172,-2.982
46.2174867764804,-72.8407650559653,71,146,666536.657941411,5120478.32235174,-3.05
46.2174377841944,-72.8381738238907,71,147,666736.657941409,5120478.32235175,-2.959
46.2173887332171,-72.8355825985525,71,148,666936.657941409,5120478.32235177,-2.895
46.217339623549,-72.8329913799589,71,149,667136.65794141,5120478.32235178,-2.951
46.2172904551905,-72.8304001681179,71,150,667336.657941412,5120478.3223518,-2.918
46.2172412281418,-72.8278089630375,71,151,667536.657941413,5120478.32235181,-2.76
46.2171919424036,-72.8252177647257,71,152,667736.657941412,5120478.32235182,-2.667
46.217142597976,-72.8226265731906,71,153,667936.657941414,5120478.32235184,-2.214
46.2170931948596,-72.8200353884403,71,154,668136.657941414,5120478.32235185,-1.884
46.2170437330547,-72.8174442104827,71,155,668336.657941417,5120478.32235187,-1.766
46.2169942125618,-72.814853039326,71,156,668536.657941414,5120478.32235188,-2.071
46.2169446333812,-72.8122618749782,71,157,668736.657941415,5120478.3223519,-2.172
46.2168949955133,-72.8096707174472,71,158,668936.657941418,5120478.32235191,-2.458
46.2168452989586,-72.8070795667413,71,159,669136.657941418,5120478.32235193,-3.487
46.2167955437174,-72.8044884228682,71,160,669336.65794142,5120478.32235194,-13.258
46.2167457297901,-72.8018972858363,71,161,669536.657941418,5120478.32235196,-13.618
46.2166958571772,-72.7993061556534,71,162,669736.65794142,5120478.32235197,-14.578
46.216645925879,-72.7967150323276,71,163,669936.657941421,5120478.32235198,-14.888
46.2165959358959,-72.794123915867,71,164,670136.657941418,5120478.322352,-11.468
46.2165458872284,-72.7915328062796,71,165,670336.657941423,5120478.32235201,-4.504
46.2164957798769,-72.7889417035735,71,166,670536.657941423,5120478.32235203,-3.94
46.2164456138417,-72.7863506077566,71,167,670736.65794142,5120478.32235204,-3.617
46.2163953891232,-72.7837595188371,71,168,670936.657941421,5120478.32235206,-3.977
46.2163451057219,-72.7811684368229,71,169,671136.657941426,5120478.32235207,-4.505
46.2162947636382,-72.7785773617221,71,170,671336.657941426,5120478.32235209,-4.488
46.2162443628725,-72.7759862935428,71,171,671536.657941423,5120478.3223521,-4.283
46.2161939034252,-72.7733952322929,71,172,671736.657941424,5120478.32235211,-4.119
46.2161433852966,-72.7708041779806,71,173,671936.657941428,5120478.32235213,-4.067
46.2160928084872,-72.7682131306139,71,174,672136.657941429,5120478.32235214,-4.026
46.2160421729974,-72.7656220902008,71,175,672336.657941425,5120478.32235216,-3.857
46.2159914788277,-72.7630310567493,71,176,672536.65794143,5120478.32235217,-3.022
46.2159407259784,-72.7604400302675,71,177,672736.65794143,5120478.32235219,-2.726
46.2158899144499,-72.7578490107634,71,178,672936.65794143,5120478.3223522,-2.936
46.2158390442426,-72.7552579982451,71,179,673136.657941433,5120478.32235222,-2.966
46.215788115357,-72.7526669927205,71,180,673336.657941432,5120478.32235223,-2.616
46.2157371277934,-72.7500759941979,71,181,673536.657941434,5120478.32235225,-1.859
46.2156860815524,-72.7474850026851,71,182,673736.657941432,5120478.32235226,-1.607
46.2156349766342,-72.7448940181902,71,183,673936.657941432,5120478.32235227,-1.517
46.2155838130393,-72.7423030407213,71,184,674136.657941436,5120478.32235229,-1.794
46.2155325907681,-72.7397120702864,71,185,674336.657941435,5120478.3223523,-2.29
46.215481309821,-72.7371211068936,71,186,674536.657941436,5120478.32235232,-2.031
46.2154299701985,-72.7345301505508,71,187,674736.657941436,5120478.32235233,-1.159
46.2153785719009,-72.7319392012661,71,188,674936.657941438,5120478.32235235,-1.161
46.2153271149287,-72.7293482590476,71,189,675136.657941439,5120478.32235236,-1.348
46.2152755992823,-72.7267573239032,71,190,675336.657941437,5120478.32235237,-1.605
46.215224024962,-72.7241663958411,71,191,675536.657941437,5120478.32235239,-1.71
46.2151723919684,-72.7215754748693,71,192,675736.657941439,5120478.32235241,-1.48
46.2151207003018,-72.7189845609957,71,193,675936.657941442,5120478.32235242,-1.524
46.2150689499626,-72.7163936542285,71,194,676136.657941442,5120478.32235243,-1.561
46.2150171409513,-72.7138027545757,71,195,676336.657941443,5120478.32235245,-1.409
46.2149652732683,-72.7112118620453,71,196,676536.657941444,5120478.32235246,-1.297
46.214913346914,-72.7086209766453,71,197,676736.657941445,5120478.32235248,-1.245
46.2148613618888,-72.7060300983838,71,198,676936.657941442,5120478.32235249,-1.208
46.2148093181931,-72.7034392272689,71,199,677136.657941443,5120478.32235251,-1.055
46.2147572158274,-72.7008483633085,71,200,677336.657941444,5120478.32235252,-1.217
46.2147050547921,-72.6982575065107,71,201,677536.657941447,5120478.32235254,-1.411
46.2146528350875,-72.6956666568835,71,202,677736.657941445,5120478.32235255,-1.391
46.2146005567142,-72.693075814435,71,203,677936.657941449,5120478.32235256,-1.393
46.2145482196725,-72.6904849791732,71,204,678136.657941447,5120478.32235258,-1.278
46.2144958239629,-72.6878941511062,71,205,678336.657941451,5120478.32235259,-1.319
46.2144433695858,-72.6853033302419,71,206,678536.657941447,5120478.32235261,-1.262
46.2143908565415,-72.6827125165884,71,207,678736.657941449,5120478.32235262,-1.136
46.2143382848306,-72.6801217101538,71,208,678936.657941451,5120478.32235264,-1.092
46.2142856544535,-72.677530910946,71,209,679136.657941453,5120478.32235265,-1.1
46.2142329654105,-72.6749401189732,71,210,679336.657941455,5120478.32235267,-1.073
46.2141802177022,-72.6723493342433,71,211,679536.657941455,5120478.32235268,-1.021
46.2141274113288,-72.6697585567645,71,212,679736.657941454,5120478.3223527,-1.049
46.2140745462909,-72.6671677865446,71,213,679936.657941456,5120478.32235271,-1.062
46.2140216225889,-72.6645770235918,71,214,680136.657941455,5120478.32235272,-1.022
46.2139686402232,-72.6619862679141,71,215,680336.657941455,5120478.32235274,-0.837
46.2139155991943,-72.6593955195195,71,216,680536.657941456,5120478.32235275,-0.54
46.2138624995025,-72.656804778416,71,217,680736.657941458,5120478.32235277,-0.264
46.2175528554722,-72.9418955127364,72,107,658736.6579414,5120278.32235117,-0.048
46.2175061553638,-72.939304108728,72,108,658936.657941401,5120278.32235119,-0.281
46.2174593965527,-72.9367127111416,72,109,659136.6579414,5120278.3223512,-0.323
46.2174125790393,-72.9341213199851,72,110,659336.657941403,5120278.32235122,-0.463
46.2173657028241,-72.9315299352666,72,111,659536.657941403,5120278.32235123,-0.491
46.2173187679073,-72.9289385569942,72,112,659736.657941402,5120278.32235124,-0.542
46.2172717742894,-72.9263471851759,72,113,659936.657941404,5120278.32235126,-0.517
46.2172247219707,-72.9237558198198,72,114,660136.657941404,5120278.32235127,-0.451
46.2171776109517,-72.9211644609339,72,115,660336.657941404,5120278.32235129,-0.569
46.2171304412326,-72.9185731085263,72,116,660536.657941405,5120278.3223513,-0.836
46.2170832128139,-72.915981762605,72,117,660736.657941406,5120278.32235131,-0.542
46.2170359256961,-72.913390423178,72,118,660936.657941408,5120278.32235133,-0.562
46.2169885798793,-72.9107990902534,72,119,661136.657941408,5120278.32235135,-0.994
46.2169411753641,-72.9082077638392,72,120,661336.657941409,5120278.32235136,-1.641
46.2168937121508,-72.9056164439436,72,121,661536.657941405,5120278.32235138,-2.087
46.2168461902397,-72.9030251305745,72,122,661736.657941408,5120278.32235139,-2.449
46.2167986096314,-72.9004338237399,72,123,661936.657941407,5120278.3223514,-2.601
46.2167509703261,-72.897842523448,72,124,662136.657941409,5120278.32235142,-2.627
46.2167032723243,-72.8952512297068,72,125,662336.657941411,5120278.32235143,-2.569
46.2166555156262,-72.8926599425242,72,126,662536.65794141,5120278.32235145,-2.656
46.2166077002324,-72.8900686619085,72,127,662736.65794141,5120278.32235146,-2.675
46.2165598261432,-72.8874773878675,72,128,662936.657941411,5120278.32235147,-2.679
46.216511893359,-72.8848861204094,72,129,663136.657941414,5120278.32235149,-2.802
46.2164639018802,-72.8822948595422,72,130,663336.657941414,5120278.32235151,-2.947
46.2164158517071,-72.879703605274,72,131,663536.657941414,5120278.32235152,-3.012
46.2163677428401,-72.8771123576127,72,132,663736.657941416,5120278.32235153,-3.109
46.2163195752797,-72.8745211165665,72,133,663936.657941416,5120278.32235155,-3.148
46.2162713490263,-72.8719298821433,72,134,664136.657941417,5120278.32235156,-3.189
46.2162230640801,-72.8693386543513,72,135,664336.657941416,5120278.32235158,-3.162
46.2161747204416,-72.8667474331984,72,136,664536.657941416,5120278.32235159,-3.083
46.2161263181113,-72.8641562186927,72,137,664736.657941416,5120278.32235161,-3.054
46.2160778570894,-72.8615650108423,72,138,664936.657941417,5120278.32235162,-2.976
46.2160293373763,-72.8589738096552,72,139,665136.657941418,5120278.32235163,-2.92
46.2159807589726,-72.8563826151394,72,140,665336.65794142,5120278.32235165,-2.892
46.2159321218785,-72.853791427303,72,141,665536.657941419,5120278.32235167,-2.902
46.2158834260944,-72.8512002461541,72,142,665736.65794142,5120278.32235168,-2.911
46.2158346716208,-72.8486090717006,72,143,665936.657941423,5120278.32235169,-2.802
46.2157858584581,-72.8460179039506,72,144,666136.657941424,5120278.32235171,-2.882
46.2157369866065,-72.8434267429122,72,145,666336.657941422,5120278.32235172,-3.02
46.2156880560666,-72.8408355885934,72,146,666536.657941423,5120278.32235174,-3.037
46.2156390668387,-72.8382444410022,72,147,666736.657941422,5120278.32235175,-2.98
46.2155900189232,-72.8356533001467,72,148,666936.657941424,5120278.32235177,-2.905
46.2155409123206,-72.8330621660349,72,149,667136.657941425,5120278.32235178,-2.809
46.2154917470311,-72.8304710386749,72,150,667336.657941425,5120278.3223518,-2.717
46.2154425230552,-72.8278799180747,72,151,667536.657941428,5120278.32235181,-2.341
46.2153932403933,-72.8252888042424,72,152,667736.657941426,5120278.32235182,-2.006
46.2153438990459,-72.822697697186,72,153,667936.657941427,5120278.32235184,-1.659
46.2152944990132,-72.8201065969135,72,154,668136.657941428,5120278.32235185,-2.034
46.2152450402957,-72.817515503433,72,155,668336.657941428,5120278.32235187,-2.267
46.2151955228938,-72.8149244167525,72,156,668536.657941432,5120278.32235188,-2.324
46.2151459468079,-72.81233333688,72,157,668736.657941432,5120278.3223519,-2.598
46.2150963120384,-72.8097422638237,72,158,668936.657941431,5120278.32235191,-12.818
46.2150466185857,-72.8071511975915,72,159,669136.65794143,5120278.32235193,-13.128
46.2149968664501,-72.8045601381915,72,160,669336.657941433,5120278.32235194,-13.688
46.2149470556322,-72.8019690856317,72,161,669536.657941432,5120278.32235195,-14.028
46.2148971861322,-72.7993780399202,72,162,669736.657941435,5120278.32235197,-13.908
46.2148472579507,-72.796787001065,72,163,669936.657941433,5120278.32235198,-5.337
46.2147972710879,-72.7941959690742,72,164,670136.657941436,5120278.322352,-4.28
46.2147472255444,-72.7916049439557,72,165,670336.657941434,5120278.32235201,-3.604
46.2146971213205,-72.7890139257177,72,166,670536.657941436,5120278.32235203,-3.389
46.2146469584165,-72.7864229143681,72,167,670736.657941439,5120278.32235204,-3.78
46.214596736833,-72.7838319099151,72,168,670936.657941437,5120278.32235205,-4.092
46.2145464565703,-72.7812409123666,72,169,671136.657941438,5120278.32235207,-4.335
46.2144961176289,-72.7786499217306,72,170,671336.65794144,5120278.32235208,-4.376
46.214445720009,-72.7760589380153,72,171,671536.657941441,5120278.3223521,-4.271
46.2143952637112,-72.7734679612287,72,172,671736.657941441,5120278.32235211,-4.084
46.2143447487359,-72.7708769913788,72,173,671936.657941441,5120278.32235213,-4.003
46.2142941750834,-72.7682860284736,72,174,672136.65794144,5120278.32235214,-3.885
46.2142435427541,-72.7656950725212,72,175,672336.657941443,5120278.32235216,-3.347
46.2141928517486,-72.7631041235297,72,176,672536.65794144,5120278.32235217,-2.94
46.2141421020671,-72.760513181507,72,177,672736.657941445,5120278.32235219,-2.802
46.2140912937101,-72.7579222464612,72,178,672936.657941444,5120278.3223522,-2.881
46.214040426678,-72.7553313184003,72,179,673136.657941446,5120278.32235222,-2.824
46.2139895009712,-72.7527403973324,72,180,673336.657941446,5120278.32235223,-2.576
46.2139385165901,-72.7501494832655,72,181,673536.657941445,5120278.32235225,-1.842
46.2138874735352,-72.7475585762077,72,182,673736.657941446,5120278.32235226,-1.55
46.2138363718067,-72.744967676167,72,183,673936.657941448,5120278.32235227,-1.6
46.2137852114053,-72.7423767831514,72,184,674136.657941449,5120278.32235229,-2.068
46.2137339923312,-72.7397858971689,72,185,674336.65794145,5120278.3223523,-2.244
46.2136827145849,-72.7371950182277,72,186,674536.657941449,5120278.32235232,-1.559
46.2136313781668,-72.7346041463357,72,187,674736.657941449,5120278.32235233,-1.154
46.2135799830773,-72.732013281501,72,188,674936.65794145,5120278.32235234,-1.259
46.2135285293168,-72.7294224237316,72,189,675136.657941451,5120278.32235236,-1.522
46.2134770168857,-72.7268315730356,72,190,675336.657941452,5120278.32235237,-1.642
46.2134254457845,-72.7242407294209,72,191,675536.657941453,5120278.32235239,-1.747
46.2133738160136,-72.7216498928957,72,192,675736.657941454,5120278.3223524,-1.552
46.2133221275733,-72.7190590634679,72,193,675936.657941453,5120278.32235242,-1.607
46.2132703804641,-72.7164682411456,72,194,676136.657941456,5120278.32235243,-1.331
46.2132185746865,-72.7138774259369,72,195,676336.657941457,5120278.32235245,-1.04
46.2131667102408,-72.7112866178497,72,196,676536.657941457,5120278.32235246,-1.171
46.2131147871275,-72.7086958168922,72,197,676736.657941458,5120278.32235248,-1.055
46.2130628053469,-72.7061050230722,72,198,676936.657941457,5120278.32235249,-0.972
46.2130107648995,-72.703514236398,72,199,677136.657941458,5120278.32235251,-1.022
46.2129586657857,-72.7009234568775,72,200,677336.657941459,5120278.32235252,-1.25
46.212906508006,-72.6983326845187,72,201,677536.65794146,5120278.32235253,-1.36
46.2128542915607,-72.6957419193297,72,202,677736.657941461,5120278.32235255,-1.387
46.2128020164503,-72.6931511613185,72,203,677936.657941462,5120278.32235256,-1.379
46.2127496826751,-72.6905604104932,72,204,678136.657941461,5120278.32235258,-1.252
46.2126972902357,-72.6879696668618,72,205,678336.657941464,5120278.32235259,-1.199
46.2126448391325,-72.6853789304323,72,206,678536.657941464,5120278.32235261,-1.074
46.2125923293658,-72.6827882012127,72,207,678736.657941467,5120278.32235262,-1.064
46.212539760936,-72.6801974792111,72,208,678936.657941466,5120278.32235264,-1.095
46.2124871338437,-72.6776067644356,72,209,679136.657941467,5120278.32235265,-1.102
46.2124344480892,-72.6750160568941,72,210,679336.657941467,5120278.32235266,-1.052
46.212381703673,-72.6724253565947,72,211,679536.657941467,5120278.32235268,-1.049
46.2123289005955,-72.6698346635455,72,212,679736.657941467,5120278.32235269,-1.043
46.2122760388571,-72.6672439777544,72,213,679936.657941469,5120278.32235271,-1.038
46.2122231184582,-72.6646532992295,72,214,680136.657941469,5120278.32235272,-1.003
46.2121701393992,-72.6620626279788,72,215,680336.657941471,5120278.32235274,-0.918
46.2121171016807,-72.6594719640104,72,216,680536.65794147,5120278.32235275,-0.746
46.212064005303,-72.6568813073323,72,217,680736.657941473,5120278.32235277,-0.471
46.2120108502665,-72.6542906579525,72,218,680936.657941473,5120278.32235278,-0.253
46.2158006564951,-72.9445540694007,73,106,658536.657941413,5120078.32235116,-0.155
46.2157540180012,-72.9419627434849,73,107,658736.657941413,5120078.32235117,-0.302
46.215707320808,-72.9393714239823,73,108,658936.657941413,5120078.32235119,-0.476
46.2156605649158,-72.9367801109008,73,109,659136.657941414,5120078.3223512,-0.495
46.215613750325,-72.9341888042485,73,110,659336.657941416,5120078.32235122,-0.47
46.215566877036,-72.9315975040335,73,111,659536.657941416,5120078.32235123,-0.557
46.2155199450491,-72.9290062102638,73,112,659736.657941418,5120078.32235124,-0.641
46.2154729543647,-72.9264149229475,73,113,659936.657941418,5120078.32235126,-0.775
46.2154259049832,-72.9238236420925,73,114,660136.657941418,5120078.32235127,-0.831
46.215378796905,-72.921232367707,73,115,660336.657941417,5120078.32235129,-1.081
46.2153316301305,-72.918641099799,73,116,660536.65794142,5120078.3223513,-1.512
46.21528440466,-72.9160498383766,73,117,660736.657941419,5120078.32235132,-1.354
46.2152371204939,-72.9134585834477,73,118,660936.657941422,5120078.32235133,-1.251
46.2151897776326,-72.9108673350204,73,119,661136.657941423,5120078.32235135,-1.647
46.2151423760765,-72.9082760931028,73,120,661336.657941422,5120078.32235136,-2.187
46.215094915826,-72.9056848577029,73,121,661536.657941422,5120078.32235138,-2.367
46.2150473968815,-72.9030936288288,73,122,661736.657941424,5120078.32235139,-2.531
46.2149998192432,-72.9005024064885,73,123,661936.657941425,5120078.3223514,-2.66
46.2149521829117,-72.8979111906901,73,124,662136.657941425,5120078.32235142,-2.746
46.2149044878873,-72.8953199814415,73,125,662336.657941423,5120078.32235143,-2.649
46.2148567341704,-72.8927287787509,73,126,662536.657941426,5120078.32235145,-2.629
46.2148089217614,-72.8901375826263,73,127,662736.657941424,5120078.32235146,-2.726
46.2147610506606,-72.8875463930757,73,128,662936.657941427,5120078.32235148,-2.737
46.2147131208684,-72.8849552101072,73,129,663136.657941429,5120078.32235149,-2.9
46.2146651323853,-72.8823640337288,73,130,663336.657941429,5120078.32235151,-3.097
46.2146170852116,-72.8797728639485,73,131,663536.65794143,5120078.32235152,-3.187
46.2145689793477,-72.8771817007745,73,132,663736.657941431,5120078.32235154,-3.129
46.214520814794,-72.8745905442147,73,133,663936.65794143,5120078.32235155,-3.159
46.2144725915509,-72.8719993942772,73,134,664136.657941431,5120078.32235156,-3.161
46.2144243096188,-72.8694082509701,73,135,664336.65794143,5120078.32235158,-3.116
46.214375968998,-72.8668171143013,73,136,664536.657941431,5120078.32235159,-2.953
46.2143275696889,-72.864225984279,73,137,664736.657941431,5120078.32235161,-2.949
46.2142791116921,-72.8616348609111,73,138,664936.657941433,5120078.32235162,-2.935
46.2142305950077,-72.8590437442057,73,139,665136.657941433,5120078.32235164,-2.941
46.2141820196363,-72.8564526341709,73,140,665336.657941433,5120078.32235165,-2.907
46.2141333855781,-72.8538615308146,73,141,665536.657941436,5120078.32235167,-2.934
46.2140846928337,-72.851270434145,73,142,665736.657941434,5120078.32235168,-2.921
46.2140359414034,-72.8486793441701,73,143,665936.657941435,5120078.32235169,-3.057
46.2139871312876,-72.8460882608979,73,144,666136.657941436,5120078.32235171,-2.961
46.2139382624866,-72.8434971843365,73,145,666336.657941437,5120078.32235172,-2.996
46.213889335001,-72.8409061144938,73,146,666536.657941437,5120078.32235174,-2.9
46.213840348831,-72.838315051378,73,147,666736.657941437,5120078.32235175,-2.757
46.2137913039771,-72.8357239949971,73,148,666936.657941438,5120078.32235177,-2.602
46.2137422004397,-72.8331329453592,73,149,667136.657941442,5120078.32235178,-2.421
46.2136930382191,-72.8305419024722,73,150,667336.657941442,5120078.3223518,-2.206
46.2136438173158,-72.8279508663442,73,151,667536.657941439,5120078.32235181,-2.034
46.2135945377301,-72.8253598369832,73,152,667736.65794144,5120078.32235182,-2.002
46.2135451994625,-72.8227688143974,73,153,667936.657941441,5120078.32235184,-2.172
46.2134958025133,-72.8201777985947,73,154,668136.657941442,5120078.32235185,-2.318
46.2134463468831,-72.8175867895832,73,155,668336.657941444,5120078.32235187,-2.223
46.213396832572,-72.8149957873708,73,156,668536.657941446,5120078.32235188,-12.778
46.2133472595806,-72.8124047919658,73,157,668736.657941445,5120078.3223519,-13.018
46.2132976279092,-72.809813803376,73,158,668936.657941448,5120078.32235191,-13.378
46.2132479375583,-72.8072228216096,73,159,669136.657941447,5120078.32235192,-13.428
46.2131981885283,-72.8046318466746,73,160,669336.657941446,5120078.32235194,-13.688
46.2131483808194,-72.8020408785789,73,161,669536.657941446,5120078.32235195,-13.848
46.2130985144323,-72.7994499173308,73,162,669736.657941446,5120078.32235197,-5.024
46.2130485893672,-72.7968589629381,73,163,669936.657941449,5120078.32235198,-4.146
46.2129986056245,-72.7942680154089,73,164,670136.65794145,5120078.322352,-3.151
46.2129485632047,-72.7916770747514,73,165,670336.65794145,5120078.32235201,-3.261
46.2128984621082,-72.7890861409734,73,166,670536.65794145,5120078.32235203,-3.686
46.2128483023354,-72.7864952140831,73,167,670736.657941453,5120078.32235204,-3.802
46.2127980838866,-72.7839042940885,73,168,670936.657941452,5120078.32235206,-4.036
46.2127478067623,-72.7813133809976,73,169,671136.657941451,5120078.32235207,-4.199
46.2126974709628,-72.7787224748185,73,170,671336.657941453,5120078.32235209,-4.207
46.2126470764887,-72.7761315755592,73,171,671536.657941455,5120078.3223521,-4.098
46.2125966233403,-72.7735406832278,73,172,671736.657941455,5120078.32235211,-3.997
46.2125461115179,-72.7709497978322,73,173,671936.657941454,5120078.32235213,-3.988
46.2124955410221,-72.7683589193806,73,174,672136.657941457,5120078.32235214,-3.734
46.2124449118532,-72.7657680478809,73,175,672336.657941457,5120078.32235216,-3.055
46.2123942240116,-72.7631771833412,73,176,672536.657941456,5120078.32235217,-2.945
46.2123434774977,-72.7605863257696,73,177,672736.657941457,5120078.32235219,-2.892
46.212292672312,-72.757995475174,73,178,672936.65794146,5120078.3223522,-2.742
46.2122418084549,-72.7554046315626,73,179,673136.657941461,5120078.32235221,-2.711
46.2121908859267,-72.7528137949433,73,180,673336.657941459,5120078.32235223,-2.413
46.2121399047279,-72.7502229653241,73,181,673536.657941462,5120078.32235224,-1.609
46.2120888648588,-72.7476321427132,73,182,673736.657941462,5120078.32235226,-1.472
46.21203776632,-72.7450413271186,73,183,673936.657941463,5120078.32235227,-1.77
46.2119866091118,-72.7424505185483,73,184,674136.657941464,5120078.32235229,-2.076
46.2119353932346,-72.7398597170102,73,185,674336.657941465,5120078.3223523,-1.696
46.2118841186888,-72.7372689225126,73,186,674536.657941465,5120078.32235232,-1.351
46.2118327854749,-72.7346781350634,73,187,674736.657941465,5120078.32235233,-1.291
46.2117813935932,-72.7320873546706,73,188,674936.657941465,5120078.32235235,-1.556
46.2117299430443,-72.7294965813423,73,189,675136.657941467,5120078.32235236,-1.668
46.2116784338284,-72.7269058150865,73,190,675336.657941467,5120078.32235237,-1.818
46.211626865946,-72.7243150559113,73,191,675536.657941469,5120078.32235239,-1.904
46.2115752393975,-72.7217243038246,73,192,675736.657941469,5120078.3223524,-1.657
46.2115235541834,-72.7191335588346,73,193,675936.65794147,5120078.32235242,-1.307
46.211471810304,-72.7165428209492,73,194,676136.657941472,5120078.32235243,-0.979
46.2114200077599,-72.7139520901765,73,195,676336.65794147,5120078.32235245,-1.079
46.2113681465513,-72.7113613665246,73,196,676536.657941472,5120078.32235246,-1.249
46.2113162266787,-72.7087706500014,73,197,676736.657941474,5120078.32235248,-1.05
46.2112642481425,-72.706179940615,73,198,676936.657941471,5120078.32235249,-1.108
46.2112122109432,-72.7035892383734,73,199,677136.657941471,5120078.32235251,-1.172
46.2111601150811,-72.7009985432847,73,200,677336.657941473,5120078.32235252,-1.095
46.2111079605568,-72.6984078553569,73,201,677536.657941477,5120078.32235254,-1.266
46.2110557473705,-72.6958171745981,73,202,677736.657941474,5120078.32235255,-1.363
46.2110034755228,-72.6932265010162,73,203,677936.657941475,5120078.32235256,-1.315
46.210951145014,-72.6906358346193,73,204,678136.657941477,5120078.32235258,-1.179
46.2108987558446,-72.6880451754154,73,205,678336.657941479,5120078.32235259,-1.108
46.210846308015,-72.6854545234126,73,206,678536.65794148,5120078.32235261,-0.941
46.2107938015256,-72.682863878619,73,207,678736.657941479,5120078.32235262,-0.988
46.2107412363769,-72.6802732410424,73,208,678936.657941481,5120078.32235264,-1.013
46.2106886125692,-72.6776826106911,73,209,679136.65794148,5120078.32235265,-1.039
46.210635930103,-72.6750919875729,73,210,679336.65794148,5120078.32235266,-1.031
46.2105831889787,-72.672501371696,73,211,679536.657941481,5120078.32235268,-1.015
46.2105303891967,-72.6699107630683,73,212,679736.657941485,5120078.32235269,-1.035
46.2104775307576,-72.667320161698,73,213,679936.657941484,5120078.32235271,-1.037
46.2104246136616,-72.664729567593,73,214,680136.657941486,5120078.32235272,-0.974
46.2103716379092,-72.6621389807613,73,215,680336.657941486,5120078.32235274,-0.939
46.2103186035009,-72.6595484012111,73,216,680536.657941487,5120078.32235275,-0.84
46.210265510437,-72.6569578289503,73,217,680736.657941485,5120078.32235277,-0.642
46.210212358718,-72.6543672639869,73,218,680936.657941487,5120078.32235278,-0.296
46.2101591483444,-72.651776706329,73,219,681136.657941488,5120078.32235279,-0.048
46.2140483923548,-72.9472124570592,74,105,658336.657941427,5119878.32235114,-0.366
46.2140018154684,-72.9446212092376,74,106,658536.657941428,5119878.32235116,-0.448
46.213955179886,-72.9420299678203,74,107,658736.65794143,5119878.32235117,-0.456
46.2139084856078,-72.9394387328153,74,108,658936.657941428,5119878.32235119,-0.377
46.2138617326343,-72.9368475042308,74,109,659136.657941427,5119878.3223512,-0.355
46.2138149209658,-72.9342562820747,74,110,659336.657941428,5119878.32235122,-0.482
46.2137680506028,-72.9316650663551,74,111,659536.65794143,5119878.32235123,-0.676
46.2137211215456,-72.9290738570801,74,112,659736.657941431,5119878.32235124,-0.854
46.2136741337945,-72.9264826542576,74,113,659936.657941434,5119878.32235126,-1.165
46.2136270873501,-72.9238914578958,74,114,660136.657941432,5119878.32235127,-1.233
46.2135799822125,-72.9213002680026,74,115,660336.657941433,5119878.32235129,-1.394
46.2135328183823,-72.9187090845862,74,116,660536.657941434,5119878.3223513,-1.679
46.2134855958598,-72.9161179076546,74,117,660736.657941435,5119878.32235132,-2.003
46.2134383146453,-72.9135267372157,74,118,660936.657941436,5119878.32235133,-1.827
46.2133909747394,-72.9109355732778,74,119,661136.657941434,5119878.32235134,-2.016
46.2133435761422,-72.9083444158487,74,120,661336.657941436,5119878.32235136,-2.151
46.2132961188543,-72.9057532649365,74,121,661536.657941436,5119878.32235137,-2.325
46.213248602876,-72.9031621205494,74,122,661736.657941437,5119878.32235139,-2.489
46.2132010282077,-72.9005709826953,74,123,661936.657941436,5119878.3223514,-2.674
46.2131533948498,-72.8979798513823,74,124,662136.657941437,5119878.32235142,-2.741
46.2131057028026,-72.8953887266184,74,125,662336.65794144,5119878.32235143,-2.762
46.2130579520666,-72.8927976084116,74,126,662536.657941438,5119878.32235145,-2.748
46.2130101426421,-72.8902064967701,74,127,662736.657941438,5119878.32235146,-2.701
46.2129622745296,-72.8876153917018,74,128,662936.657941442,5119878.32235148,-2.797
46.2129143477293,-72.8850242932148,74,129,663136.65794144,5119878.32235149,-2.994
46.2128663622417,-72.8824332013172,74,130,663336.657941442,5119878.32235151,-3.136
46.2128183180672,-72.8798421160169,74,131,663536.657941444,5119878.32235152,-3.213
46.2127702152062,-72.8772510373221,74,132,663736.657941442,5119878.32235153,-3.191
46.212722053659,-72.8746599652407,74,133,663936.657941443,5119878.32235155,-3.131
46.2126738334261,-72.8720688997808,74,134,664136.657941444,5119878.32235156,-3.09
46.2126255545077,-72.8694778409505,74,135,664336.657941446,5119878.32235158,-3.039
46.2125772169044,-72.8668867887578,74,136,664536.657941448,5119878.32235159,-2.894
46.2125288206166,-72.8642957432107,74,137,664736.657941447,5119878.3223516,-2.859
46.2124803656445,-72.8617047043173,74,138,664936.657941446,5119878.32235162,-2.844
46.2124318519886,-72.8591136720856,74,139,665136.65794145,5119878.32235164,-2.847
46.2123832796493,-72.8565226465237,74,140,665336.657941447,5119878.32235165,-2.865
46.2123346486269,-72.8539316276396,74,141,665536.657941449,5119878.32235166,-2.97
46.2122859589219,-72.8513406154413,74,142,665736.657941448,5119878.32235168,-2.99
46.2122372105347,-72.8487496099369,74,143,665936.657941452,5119878.32235169,-2.959
46.2121884034656,-72.8461586111344,74,144,666136.657941453,5119878.32235171,-2.825
46.2121395377151,-72.8435676190419,74,145,666336.657941452,5119878.32235172,-2.587
46.2120906132835,-72.8409766336674,74,146,666536.657941451,5119878.32235174,-2.454
46.2120416301713,-72.838385655019,74,147,666736.657941452,5119878.32235175,-2.299
46.2119925883787,-72.8357946831047,74,148,666936.657941455,5119878.32235177,-2.151
46.2119434879063,-72.8332037179324,74,149,667136.657941455,5119878.32235178,-1.963
46.2118943287545,-72.8306127595104,74,150,667336.657941456,5119878.32235179,-1.924
46.2118451109235,-72.8280218078466,74,151,667536.657941454,5119878.32235181,-2.216
46.2117958344138,-72.825430862949,74,152,667736.657941454,5119878.32235182,-2.248
46.2117464992259,-72.8228399248257,74,153,667936.657941455,5119878.32235184,-2.595
46.2116971053601,-72.8202489934847,74,154,668136.657941457,5119878.32235185,-13.018
46.2116476528168,-72.8176580689342,74,155,668336.657941456,5119878.32235187,-13.168
46.2115981415963,-72.815067151182,74,156,668536.657941456,5119878.32235188,-13.128
46.2115485716992,-72.8124762402363,74,157,668736.657941462,5119878.3223519,-13.518
46.2114989431258,-72.809885336105,74,158,668936.65794146,5119878.32235191,-13.678
46.2114492558765,-72.8072944387963,74,159,669136.657941459,5119878.32235192,-13.448
46.2113995099517,-72.8047035483182,74,160,669336.657941459,5119878.32235194,-13.348
46.2113497053518,-72.8021126646787,74,161,669536.65794146,5119878.32235195,-4.683
46.2112998420773,-72.7995217878858,74,162,669736.657941465,5119878.32235197,-3.667
46.2112499201284,-72.7969309179476,74,163,669936.657941462,5119878.32235198,-3.127
46.2111999395056,-72.7943400548721,74,164,670136.657941464,5119878.322352,-3.22
46.2111499002094,-72.7917491986674,74,165,670336.657941465,5119878.32235201,-3.466
46.2110998022401,-72.7891583493415,74,166,670536.657941463,5119878.32235203,-3.661
46.2110496455981,-72.7865675069024,74,167,670736.657941464,5119878.32235204,-4.025
46.2109994302838,-72.7839766713582,74,168,670936.657941468,5119878.32235206,-4.011
46.2109491562977,-72.781385842717,74,169,671136.657941469,5119878.32235207,-3.995
46.2108988236401,-72.7787950209866,74,170,671336.657941468,5119878.32235208,-3.96
46.2108484323115,-72.7762042061753,74,171,671536.65794147,5119878.3223521,-3.929
46.2107979823122,-72.773613398291,74,172,671736.65794147,5119878.32235211,-3.972
46.2107474736427,-72.7710225973417,74,173,671936.657941469,5119878.32235213,-3.916
46.2106969063033,-72.7684318033356,74,174,672136.65794147,5119878.32235214,-3.385
46.2106462802945,-72.7658410162806,74,175,672336.657941469,5119878.32235216,-2.746
46.2105955956167,-72.7632502361847,74,176,672536.65794147,5119878.32235217,-2.739
46.2105448522703,-72.7606594630561,74,177,672736.657941472,5119878.32235219,-2.72
46.2104940502557,-72.7580686969027,74,178,672936.657941474,5119878.3223522,-2.586
46.2104431895733,-72.7554779377327,74,179,673136.657941474,5119878.32235222,-2.669
46.2103922702235,-72.7528871855539,74,180,673336.657941474,5119878.32235223,-2.274
46.2103412922067,-72.7502964403745,74,181,673536.657941474,5119878.32235224,-1.491
46.2102902555234,-72.7477057022025,74,182,673736.657941473,5119878.32235226,-1.602
46.2102391601739,-72.7451149710459,74,183,673936.657941476,5119878.32235227,-1.854
46.2101880061587,-72.7425242469128,74,184,674136.657941479,5119878.32235229,-1.646
46.2101367934782,-72.7399335298112,74,185,674336.657941479,5119878.3223523,-1.499
46.2100855221328,-72.7373428197491,74,186,674536.657941478,5119878.32235232,-1.463
46.2100341921229,-72.7347521167346,74,187,674736.657941479,5119878.32235233,-1.583
46.2099828034489,-72.7321614207757,74,188,674936.657941481,5119878.32235235,-1.837
46.2099313561112,-72.7295707318805,74,189,675136.65794148,5119878.32235236,-1.903
46.2098798501102,-72.7269800500569,74,190,675336.657941479,5119878.32235237,-1.96
46.2098282854465,-72.724389375313,74,191,675536.657941483,5119878.32235239,-1.774
46.2097766621203,-72.7217987076569,74,192,675736.657941483,5119878.32235241,-1.401
46.2097249801321,-72.7192080470966,74,193,675936.657941481,5119878.32235242,-1.067
46.2096732394823,-72.7166173936401,74,194,676136.657941483,5119878.32235243,-1.054
46.2096214401714,-72.7140267472954,74,195,676336.657941487,5119878.32235245,-1.125
46.2095695821997,-72.7114361080706,74,196,676536.657941484,5119878.32235246,-1.206
46.2095176655676,-72.7088454759738,74,197,676736.657941487,5119878.32235248,-1.035
46.2094656902757,-72.7062548510129,74,198,676936.657941486,5119878.32235249,-1.024
46.2094136563242,-72.703664233196,74,199,677136.65794149,5119878.32235251,-0.967
46.2093615637137,-72.7010736225311,74,200,677336.65794149,5119878.32235252,-1.073
46.2093094124445,-72.6984830190262,74,201,677536.657941488,5119878.32235253,-1.259
46.2092572025171,-72.6958924226894,74,202,677736.657941489,5119878.32235255,-1.335
46.2092049339318,-72.6933018335288,74,203,677936.657941489,5119878.32235256,-1.238
46.2091526066892,-72.6907112515523,74,204,678136.657941489,5119878.32235258,-1.057
46.2091002207896,-72.688120676768,74,205,678336.657941494,5119878.32235259,-0.944
46.2090477762334,-72.6855301091839,74,206,678536.657941492,5119878.32235261,-0.907
46.2089952730211,-72.6829395488081,74,207,678736.657941493,5119878.32235262,-0.969
46.2089427111531,-72.6803489956486,74,208,678936.657941494,5119878.32235263,-0.924
46.2088900906298,-72.6777584497133,74,209,679136.657941496,5119878.32235265,-0.955
46.2088374114517,-72.6751679110105,74,210,679336.657941496,5119878.32235266,-1.002
46.2087846736191,-72.672577379548,74,211,679536.657941498,5119878.32235268,-0.978
46.2087318771325,-72.6699868553339,74,212,679736.657941496,5119878.32235269,-0.994
46.2086790219924,-72.6673963383762,74,213,679936.657941497,5119878.32235271,-0.978
46.2086261081991,-72.6648058286831,74,214,680136.657941497,5119878.32235272,-0.941
46.2085731357531,-72.6622153262624,74,215,680336.6579415,5119878.32235274,-0.899
46.2085201046547,-72.6596248311223,74,216,680536.6579415,5119878.32235275,-0.832
46.2084670149045,-72.6570343432707,74,217,680736.657941501,5119878.32235277,-0.634
46.2084138665029,-72.6544438627158,74,218,680936.657941502,5119878.32235278,-0.286
46.2083606594502,-72.6518533894655,74,219,681136.657941502,5119878.3223528,-0.116
46.2122495477765,-72.9472795060006,75,105,658336.657941441,5119678.32235114,-0.038
46.2122029737976,-72.9446883426702,75,106,658536.657941443,5119678.32235116,-0.161
46.2121563411264,-72.9420971857433,75,107,658736.657941442,5119678.32235117,-0.228
46.2121096497631,-72.939506035228,75,108,658936.657941442,5119678.32235119,-0.383
46.2120628997081,-72.9369148911323,75,109,659136.657941443,5119678.3223512,-0.349
46.2120160909618,-72.9343237534644,75,110,659336.657941446,5119678.32235121,-0.475
46.2119692235246,-72.9317326222321,75,111,659536.657941447,5119678.32235123,-1.042
46.2119222973969,-72.9291414974437,75,112,659736.657941446,5119678.32235124,-1.27
46.211875312579,-72.9265503791071,75,113,659936.657941447,5119678.32235126,-1.472
46.2118282690713,-72.9239592672304,75,114,660136.657941447,5119678.32235127,-1.48
46.2117811668742,-72.9213681618215,75,115,660336.657941446,5119678.32235129,-1.529
46.2117340059881,-72.9187770628887,75,116,660536.657941449,5119678.3223513,-1.912
46.2116867864134,-72.9161859704398,75,117,660736.657941451,5119678.32235131,-2.669
46.2116395081504,-72.9135948844829,75,118,660936.657941449,5119678.32235133,-2.359
46.2115921711995,-72.9110038050262,75,119,661136.657941451,5119678.32235134,-2.02
46.2115447755611,-72.9084127320776,75,120,661336.65794145,5119678.32235136,-2.01
46.2114973212357,-72.9058216656451,75,121,661536.657941453,5119678.32235137,-2.254
46.2114498082234,-72.903230605737,75,122,661736.657941453,5119678.32235139,-2.463
46.2114022365249,-72.900639552361,75,123,661936.657941453,5119678.3223514,-2.649
46.2113546061403,-72.8980485055253,75,124,662136.657941451,5119678.32235142,-2.799
46.2113069170702,-72.895457465238,75,125,662336.657941454,5119678.32235143,-2.869
46.2112591693149,-72.8928664315071,75,126,662536.657941455,5119678.32235145,-2.869
46.2112113628748,-72.8902754043406,75,127,662736.657941454,5119678.32235146,-2.841
46.2111634977502,-72.8876843837466,75,128,662936.657941458,5119678.32235148,-2.959
46.2111155739417,-72.8850933697331,75,129,663136.657941456,5119678.32235149,-3.098
46.2110675914494,-72.8825023623082,75,130,663336.657941456,5119678.32235151,-3.103
46.2110195502739,-72.8799113614799,75,131,663536.657941455,5119678.32235152,-3.189
46.2109714504156,-72.8773203672562,75,132,663736.657941456,5119678.32235153,-3.244
46.2109232918747,-72.8747293796452,75,133,663936.657941459,5119678.32235155,-3.084
46.2108750746517,-72.8721383986549,75,134,664136.657941461,5119678.32235156,-2.98
46.210826798747,-72.8695474242934,75,135,664336.657941457,5119678.32235157,-2.961
46.210778464161,-72.8669564565686,75,136,664536.65794146,5119678.32235159,-2.852
46.2107300708941,-72.8643654954888,75,137,664736.657941462,5119678.3223516,-2.823
46.2106816189466,-72.8617745410618,75,138,664936.657941462,5119678.32235162,-2.726
46.210633108319,-72.8591835932958,75,139,665136.657941462,5119678.32235164,-2.757
46.2105845390116,-72.8565926521987,75,140,665336.657941464,5119678.32235165,-2.979
46.2105359110248,-72.8540017177787,75,141,665536.657941465,5119678.32235166,-2.76
46.2104872243591,-72.8514107900437,75,142,665736.657941465,5119678.32235168,-2.625
46.2104384790148,-72.8488198690018,75,143,665936.657941463,5119678.32235169,-2.474
46.2103896749922,-72.846228954661,75,144,666136.657941465,5119678.32235171,-2.283
46.2103408122919,-72.8436380470294,75,145,666336.657941465,5119678.32235172,-2.112
46.2102918909142,-72.841047146115,75,146,666536.657941464,5119678.32235174,-2.026
46.2102429108595,-72.8384562519259,75,147,666736.657941466,5119678.32235175,-2.154
46.2101938721281,-72.83586536447,75,148,666936.657941467,5119678.32235176,-2.064
46.2101447747206,-72.8332744837555,75,149,667136.65794147,5119678.32235178,-2.237
46.2100956186372,-72.8306836097904,75,150,667336.657941471,5119678.32235179,-2.293
46.2100464038784,-72.8280927425827,75,151,667536.657941472,5119678.32235181,-2.629
46.2099971304445,-72.8255018821404,75,152,667736.65794147,5119678.32235182,-13.118
46.2099477983361,-72.8229110284717,75,153,667936.657941471,5119678.32235184,-13.608
46.2098984075534,-72.8203201815844,75,154,668136.65794147,5119678.32235185,-13.478
46.2098489580968,-72.8177293414867,75,155,668336.65794147,5119678.32235187,-14.078
46.2097994499669,-72.8151385081866,75,156,668536.657941473,5119678.32235188,-13.988
46.2097498831638,-72.8125476816922,75,157,668736.657941473,5119678.3223519,-13.688
46.2097002576882,-72.8099568620115,75,158,668936.657941476,5119678.32235191,-13.548
46.2096505735403,-72.8073660491525,75,159,669136.657941475,5119678.32235192,-12.338
46.2096008307206,-72.8047752431232,75,160,669336.657941475,5119678.32235194,-12.338
46.2095510292294,-72.8021844439318,75,161,669536.657941477,5119678.32235195,-3.439
46.2095011690672,-72.7995936515861,75,162,669736.657941479,5119678.32235197,-3.315
46.2094512502344,-72.7970028660944,75,163,669936.657941478,5119678.32235198,-3.28
46.2094012727313,-72.7944120874645,75,164,670136.657941477,5119678.322352,-3.307
46.2093512365584,-72.7918213157046,75,165,670336.657941477,5119678.32235201,-3.444
46.2093011417161,-72.7892305508227,75,166,670536.65794148,5119678.32235202,-3.916
46.2092509882048,-72.7866397928268,75,167,670736.657941479,5119678.32235204,-4.094
46.2092007760249,-72.784049041725,75,168,670936.657941481,5119678.32235205,-3.986
46.2091505051767,-72.7814582975253,75,169,671136.657941483,5119678.32235207,-3.945
46.2091001756608,-72.7788675602357,75,170,671336.657941483,5119678.32235208,-3.787
46.2090497874774,-72.7762768298643,75,171,671536.657941482,5119678.3223521,-3.834
46.2089993406271,-72.7736861064191,75,172,671736.657941483,5119678.32235211,-3.902
46.2089488351101,-72.7710953899081,75,173,671936.657941486,5119678.32235213,-3.618
46.208898270927,-72.7685046803394,75,174,672136.657941486,5119678.32235214,-3.143
46.2088476480782,-72.7659139777211,75,175,672336.657941488,5119678.32235216,-2.556
46.2087969665639,-72.763323282061,75,176,672536.657941486,5119678.32235217,-2.441
46.2087462263847,-72.7607325933674,75,177,672736.657941485,5119678.32235219,-2.516
46.208695427541,-72.7581419116482,75,178,672936.657941488,5119678.3223522,-2.671
46.2086445700331,-72.7555512369115,75,179,673136.657941487,5119678.32235221,-2.603
46.2085936538615,-72.7529605691652,75,180,673336.657941489,5119678.32235223,-1.76
46.2085426790266,-72.7503699084175,75,181,673536.65794149,5119678.32235224,-1.552
46.2084916455288,-72.7477792546763,75,182,673736.65794149,5119678.32235226,-2.014
46.2084405533685,-72.7451886079498,75,183,673936.657941492,5119678.32235227,-1.781
46.2083894025462,-72.7425979682458,75,184,674136.657941491,5119678.32235228,-1.437
46.2083381930621,-72.7400073355726,75,185,674336.657941491,5119678.3223523,-1.624
46.2082869249168,-72.737416709938,75,186,674536.657941493,5119678.32235232,-1.715
46.2082355981107,-72.7348260913502,75,187,674736.657941494,5119678.32235233,-1.808
46.2081842126441,-72.7322354798172,75,188,674936.657941496,5119678.32235234,-1.958
46.2081327685175,-72.7296448753469,75,189,675136.657941497,5119678.32235236,-1.974
46.2080812657314,-72.7270542779476,75,190,675336.657941496,5119678.32235237,-1.8
46.208029704286,-72.7244636876271,75,191,675536.657941498,5119678.32235239,-1.488
46.2079780841819,-72.7218731043934,75,192,675736.657941497,5119678.3223524,-1.171
46.2079264054194,-72.7192825282548,75,193,675936.657941498,5119678.32235242,-1.216
46.207874667999,-72.7166919592191,75,194,676136.6579415,5119678.32235243,-1.188
46.2078228719211,-72.7141013972944,75,195,676336.657941498,5119678.32235245,-1.166
46.207771017186,-72.7115108424888,75,196,676536.657941499,5119678.32235246,-1.262
46.2077191037943,-72.7089202948102,75,197,676736.657941499,5119678.32235247,-1.031
46.2076671317464,-72.7063297542668,75,198,676936.657941501,5119678.32235249,-0.972
46.2076151010426,-72.7037392208665,75,199,677136.657941502,5119678.3223525,-0.975
46.2075630116833,-72.7011486946173,75,200,677336.657941503,5119678.32235252,-1.086
46.2075108636691,-72.6985581755274,75,201,677536.657941501,5119678.32235253,-1.199
46.2074586570003,-72.6959676636047,75,202,677736.657941503,5119678.32235255,-1.036
46.2074063916773,-72.6933771588573,75,203,677936.657941504,5119678.32235256,-1.012
46.2073540677006,-72.6907866612932,75,204,678136.657941504,5119678.32235257,-0.932
46.2073016850706,-72.6881961709204,75,205,678336.657941506,5119678.32235259,-0.829
46.2072492437877,-72.685605687747,75,206,678536.657941509,5119678.32235261,-0.819
46.2071967438522,-72.683015211781,75,207,678736.657941509,5119678.32235262,-0.872
46.2071441852648,-72.6804247430304,75,208,678936.657941508,5119678.32235263,-0.845
46.2070915680257,-72.6778342815033,75,209,679136.657941511,5119678.32235265,-0.931
46.2070388921354,-72.6752438272077,75,210,679336.657941512,5119678.32235266,-0.975
46.2069861575944,-72.6726533801515,75,211,679536.657941511,5119678.32235268,-0.922
46.206933364403,-72.670062940343,75,212,679736.65794151,5119678.32235269,-0.949
46.2068805125616,-72.66747250779,75,213,679936.65794151,5119678.32235271,-0.983
46.2068276020708,-72.6648820825007,75,214,680136.657941514,5119678.32235272,-0.951
46.2067746329309,-72.662291664483,75,215,680336.657941511,5119678.32235274,-0.894
46.2067216051423,-72.6597012537449,75,216,680536.657941516,5119678.32235275,-0.837
46.2066685187055,-72.6571108502946,75,217,680736.657941516,5119678.32235277,-0.686
46.206615373621,-72.6545204541401,75,218,680936.657941518,5119678.32235278,-0.472
46.206562169889,-72.6519300652892,75,219,681136.657941518,5119678.32235279,-0.351
46.2104507025543,-72.9473465485466,76,105,658336.657941455,5119478.32235114,-0.188
46.2104041314828,-72.9447554696992,76,106,658536.657941458,5119478.32235116,-0.241
46.2103575017225,-72.9421643972547,76,107,658736.657941458,5119478.32235117,-0.34
46.2103108132739,-72.939573331221,76,108,658936.657941459,5119478.32235119,-0.414
46.2102640661372,-72.9369822716062,76,109,659136.657941458,5119478.3223512,-0.509
46.2102172603129,-72.9343912184183,76,110,659336.657941458,5119478.32235122,-0.863
46.2101703958014,-72.9318001716654,76,111,659536.657941461,5119478.32235123,-1.382
46.2101234726029,-72.9292091313555,76,112,659736.657941462,5119478.32235124,-1.497
46.210076490718,-72.9266180974967,76,113,659936.657941461,5119478.32235126,-1.574
46.2100294501469,-72.924027070097,76,114,660136.657941463,5119478.32235127,-1.663
46.2099823508901,-72.9214360491645,76,115,660336.65794146,5119478.32235129,-1.735
46.2099351929479,-72.9188450347071,76,116,660536.657941464,5119478.3223513,-2.201
46.2098879763208,-72.9162540267329,76,117,660736.657941463,5119478.32235132,-2.47
46.2098407010091,-72.9136630252501,76,118,660936.657941462,5119478.32235133,-2.276
46.2097933670131,-72.9110720302665,76,119,661136.657941464,5119478.32235135,-1.902
46.2097459743333,-72.9084810417903,76,120,661336.657941467,5119478.32235136,-2.039
46.20969852297,-72.9058900598296,76,121,661536.657941465,5119478.32235137,-2.214
46.2096510129237,-72.9032990843922,76,122,661736.657941467,5119478.32235139,-2.421
46.2096034441947,-72.9007081154864,76,123,661936.657941465,5119478.3223514,-2.574
46.2095558167834,-72.8981171531201,76,124,662136.657941468,5119478.32235142,-2.83
46.2095081306901,-72.8955261973013,76,125,662336.657941467,5119478.32235143,-2.839
46.2094603859153,-72.8929352480382,76,126,662536.657941467,5119478.32235145,-3.014
46.2094125824594,-72.8903443053387,76,127,662736.657941471,5119478.32235146,-2.931
46.2093647203226,-72.8877533692109,76,128,662936.657941468,5119478.32235147,-2.964
46.2093167995056,-72.8851624396629,76,129,663136.65794147,5119478.32235149,-3.102
46.2092688200085,-72.8825715167026,76,130,663336.657941472,5119478.3223515,-3.111
46.2092207818318,-72.8799806003382,76,131,663536.657941471,5119478.32235152,-3.147
46.2091726849759,-72.8773896905776,76,132,663736.657941472,5119478.32235153,-3.17
46.2091245294411,-72.8747987874289,76,133,663936.657941473,5119478.32235155,-3.041
46.2090763152279,-72.8722078909001,76,134,664136.657941475,5119478.32235156,-2.94
46.2090280423367,-72.8696170009994,76,135,664336.657941474,5119478.32235158,-2.845
46.2089797107678,-72.8670261177347,76,136,664536.657941474,5119478.32235159,-2.74
46.2089313205216,-72.864435241114,76,137,664736.657941474,5119478.3223516,-2.615
46.2088828715985,-72.8618443711454,76,138,664936.657941476,5119478.32235162,-2.671
46.208834363999,-72.859253507837,76,139,665136.657941475,5119478.32235163,-2.582
46.2087857977233,-72.8566626511967,76,140,665336.657941478,5119478.32235165,-2.362
46.2087371727719,-72.8540718012327,76,141,665536.657941478,5119478.32235166,-2.25
46.2086884891452,-72.8514809579529,76,142,665736.657941479,5119478.32235168,-2.236
46.2086397468436,-72.8488901213655,76,143,665936.65794148,5119478.32235169,-2.229
46.2085909458674,-72.8462992914784,76,144,666136.657941478,5119478.32235171,-2.056
46.2085420862171,-72.8437084682996,76,145,666336.65794148,5119478.32235172,-1.963
46.2084931678931,-72.8411176518373,76,146,666536.657941482,5119478.32235174,-2.04
46.2084441908957,-72.8385268420995,76,147,666736.657941481,5119478.32235175,-2.229
46.2083951552253,-72.8359360390941,76,148,666936.65794148,5119478.32235177,-2.65
46.2083460608824,-72.8333452428293,76,149,667136.657941483,5119478.32235178,-3.33
46.2082969078673,-72.830754453313,76,150,667336.657941485,5119478.32235179,-13.758
46.2082476961805,-72.8281636705534,76,151,667536.657941483,5119478.32235181,-14.128
46.2081984258222,-72.8255728945584,76,152,667736.657941484,5119478.32235182,-14.098
46.208149096793,-72.8229821253361,76,153,667936.657941485,5119478.32235184,-14.198
46.2080997090933,-72.8203913628945,76,154,668136.657941488,5119478.32235185,-14.198
46.2080502627233,-72.8178006072417,76,155,668336.657941487,5119478.32235187,-14.138
46.2080007576836,-72.8152098583857,76,156,668536.657941488,5119478.32235188,-13.668
46.2079511939744,-72.8126191163345,76,157,668736.657941488,5119478.3223519,-12.368
46.2079015715963,-72.8100283810962,76,158,668936.657941489,5119478.32235191,-12.338
46.2078518905497,-72.8074376526788,76,159,669136.657941489,5119478.32235193,-12.338
46.2078021508348,-72.8048469310904,76,160,669336.657941491,5119478.32235194,-10.788
46.2077523524522,-72.802256216339,76,161,669536.657941489,5119478.32235195,-2.875
46.2077024954022,-72.7996655084326,76,162,669736.657941489,5119478.32235197,-2.792
46.2076525796852,-72.7970748073792,76,163,669936.657941494,5119478.32235198,-2.904
46.2076026053016,-72.794484113187,76,164,670136.657941491,5119478.322352,-3.159
46.2075525722519,-72.7918934258639,76,165,670336.657941493,5119478.32235201,-3.677
46.2075024805364,-72.7893027454179,76,166,670536.657941494,5119478.32235203,-4.002
46.2074523301555,-72.7867120718572,76,167,670736.657941495,5119478.32235204,-3.992
46.2074021211097,-72.7841214051897,76,168,670936.657941495,5119478.32235206,-3.892
46.2073518533993,-72.7815307454235,76,169,671136.657941494,5119478.32235207,-3.806
46.2073015270248,-72.7789400925666,76,170,671336.657941496,5119478.32235208,-3.744
46.2072511419865,-72.7763494466271,76,171,671536.657941496,5119478.3223521,-3.708
46.2072006982849,-72.773758807613,76,172,671736.657941498,5119478.32235211,-3.673
46.2071501959204,-72.7711681755322,76,173,671936.657941497,5119478.32235213,-3.488
46.2070996348933,-72.768577550393,76,174,672136.657941501,5119478.32235214,-2.952
46.2070490152042,-72.7659869322032,76,175,672336.657941501,5119478.32235216,-2.33
46.2069983368533,-72.763396320971,76,176,672536.657941502,5119478.32235217,-2.273
46.2069475998411,-72.7608057167043,76,177,672736.657941502,5119478.32235218,-2.472
46.2068968041681,-72.7582151194112,76,178,672936.657941502,5119478.3223522,-2.492
46.2068459498345,-72.7556245290997,76,179,673136.657941505,5119478.32235221,-2.184
46.206795036841,-72.753033945778,76,180,673336.657941505,5119478.32235223,-1.59
46.2067440651877,-72.7504433694539,76,181,673536.657941504,5119478.32235224,-1.912
46.2066930348752,-72.7478528001355,76,182,673736.657941504,5119478.32235226,-2.072
46.2066419459038,-72.745262237831,76,183,673936.657941505,5119478.32235227,-1.601
46.2065907982741,-72.7426716825482,76,184,674136.657941506,5119478.32235229,-1.597
46.2065395919863,-72.7400811342953,76,185,674336.657941507,5119478.3223523,-1.85
46.2064883270409,-72.7374905930802,76,186,674536.657941507,5119478.32235231,-1.964
46.2064370034383,-72.7349000589111,76,187,674736.65794151,5119478.32235233,-2.054
46.206385621179,-72.7323095317958,76,188,674936.657941508,5119478.32235234,-1.984
46.2063341802633,-72.7297190117426,76,189,675136.657941511,5119478.32235236,-1.679
46.2062826806917,-72.7271284987594,76,190,675336.65794151,5119478.32235237,-1.499
46.2062311224645,-72.7245379928542,76,191,675536.657941511,5119478.32235239,-1.358
46.2061795055823,-72.721947494035,76,192,675736.657941511,5119478.3223524,-1.331
46.2061278300453,-72.71935700231,76,193,675936.657941515,5119478.32235242,-1.239
46.2060760958541,-72.7167665176871,76,194,676136.657941513,5119478.32235243,-1.102
46.206024303009,-72.7141760401744,76,195,676336.657941513,5119478.32235244,-1.22
46.2059724515104,-72.7115855697799,76,196,676536.657941514,5119478.32235246,-1.24
46.2059205413589,-72.7089951065116,76,197,676736.657941516,5119478.32235247,-1.149
46.2058685725547,-72.7064046503776,76,198,676936.657941515,5119478.32235249,-0.908
46.2058165450983,-72.7038142013858,76,199,677136.657941516,5119478.3223525,-0.907
46.2057644589902,-72.7012237595444,76,200,677336.657941516,5119478.32235252,-0.979
46.2057123142307,-72.6986333248614,76,201,677536.657941518,5119478.32235253,-0.89
46.2056601108203,-72.6960428973447,76,202,677736.657941518,5119478.32235255,-0.774
46.2056078487594,-72.6934524770025,76,203,677936.657941518,5119478.32235256,-0.866
46.2055555280484,-72.6908620638427,76,204,678136.657941521,5119478.32235258,-0.857
46.2055031486877,-72.6882716578734,76,205,678336.65794152,5119478.32235259,-0.758
46.2054507106778,-72.6856812591026,76,206,678536.657941521,5119478.32235261,-0.738
46.2053982140191,-72.6830908675384,76,207,678736.657941524,5119478.32235262,-0.831
46.2053456587119,-72.6805004831888,76,208,678936.657941524,5119478.32235263,-0.867
46.2052930447568,-72.6779101060617,76,209,679136.657941523,5119478.32235265,-0.977
46.2052403721542,-72.6753197361653,76,210,679336.657941526,5119478.32235267,-0.99
46.2051876409044,-72.6727293735076,76,211,679536.657941527,5119478.32235268,-0.891
46.205134851008,-72.6701390180965,76,212,679736.657941525,5119478.32235269,-0.903
46.2050820024653,-72.6675486699402,76,213,679936.657941525,5119478.32235271,-0.97
46.2050290952767,-72.6649583290466,76,214,680136.657941528,5119478.32235272,-0.924
46.2049761294427,-72.6623679954238,76,215,680336.65794153,5119478.32235274,-0.882
46.2049231049637,-72.6597776690799,76,216,680536.65794153,5119478.32235275,-0.816
46.2048700218401,-72.6571873500228,76,217,680736.657941528,5119478.32235277,-0.701
46.2048168800724,-72.6545970382605,76,218,680936.65794153,5119478.32235278,-0.66
46.204763679661,-72.6520067338012,76,219,681136.657941531,5119478.32235279,-0.394
46.2047104206063,-72.6494164366528,76,220,681336.657941532,5119478.32235281,-0.023
46.20874481696,-72.9525955926162,77,103,657936.657941469,5119278.32235111,-0.148
46.208698366167,-72.950004585464,77,104,658136.65794147,5119278.32235113,-0.291
46.2086518566882,-72.9474135846977,77,105,658336.657941472,5119278.32235114,-0.391
46.2086052885238,-72.9448225903255,77,106,658536.657941471,5119278.32235115,-0.427
46.2085586616744,-72.9422316023553,77,107,658736.657941472,5119278.32235117,-0.452
46.2085119761402,-72.9396406207951,77,108,658936.65794147,5119278.32235119,-0.842
46.2084652319217,-72.9370496456531,77,109,659136.657941474,5119278.3223512,-1.176
46.2084184290192,-72.9344586769373,77,110,659336.657941473,5119278.32235121,-1.396
46.2083715674331,-72.9318677146557,77,111,659536.657941477,5119278.32235123,-1.52
46.2083246471637,-72.9292767588163,77,112,659736.657941475,5119278.32235124,-1.572
46.2082776682116,-72.9266858094273,77,113,659936.657941476,5119278.32235126,-1.614
46.2082306305769,-72.9240948664965,77,114,660136.657941476,5119278.32235127,-1.605
46.2081835342602,-72.9215039300322,77,115,660336.657941478,5119278.32235129,-1.76
46.2081363792618,-72.9189130000423,77,116,660536.65794148,5119278.3223513,-2.152
46.2080891655821,-72.9163220765348,77,117,660736.657941476,5119278.32235132,-2.319
46.2080418932214,-72.9137311595179,77,118,660936.657941479,5119278.32235133,-2.084
46.2079945621801,-72.9111402489995,77,119,661136.657941478,5119278.32235134,-1.836
46.2079471724587,-72.9085493449877,77,120,661336.657941479,5119278.32235136,-1.966
46.2078997240575,-72.9059584474905,77,121,661536.657941481,5119278.32235137,-2.084
46.2078522169768,-72.903367556516,77,122,661736.657941481,5119278.32235139,-2.342
46.2078046512172,-72.9007766720722,77,123,661936.657941481,5119278.3223514,-2.594
46.2077570267788,-72.8981857941672,77,124,662136.657941484,5119278.32235142,-2.8
46.2077093436622,-72.895594922809,77,125,662336.657941483,5119278.32235143,-2.848
46.2076616018678,-72.8930040580056,77,126,662536.657941482,5119278.32235145,-2.855
46.2076138013958,-72.8904131997651,77,127,662736.657941484,5119278.32235146,-3.017
46.2075659422467,-72.8878223480955,77,128,662936.657941485,5119278.32235148,-3.074
46.207518024421,-72.8852315030048,77,129,663136.657941486,5119278.32235149,-3.128
46.2074700479188,-72.8826406645012,77,130,663336.657941487,5119278.3223515,-3.109
46.2074220127408,-72.8800498325926,77,131,663536.657941487,5119278.32235152,-2.964
46.2073739188871,-72.8774590072871,77,132,663736.657941487,5119278.32235153,-2.913
46.2073257663583,-72.8748681885927,77,133,663936.65794149,5119278.32235155,-2.898
46.2072775551547,-72.8722773765174,77,134,664136.657941488,5119278.32235156,-2.839
46.2072292852767,-72.8696865710694,77,135,664336.65794149,5119278.32235158,-2.652
46.2071809567247,-72.8670957722566,77,136,664536.65794149,5119278.32235159,-2.586
46.207132569499,-72.864504980087,77,137,664736.65794149,5119278.3223516,-2.411
46.2070841236002,-72.8619141945689,77,138,664936.657941489,5119278.32235162,-2.145
46.2070356190285,-72.85932341571,77,139,665136.657941491,5119278.32235163,-2.055
46.2069870557844,-72.8567326435185,77,140,665336.657941491,5119278.32235165,-2.035
46.2069384338682,-72.8541418780025,77,141,665536.657941491,5119278.32235166,-2.115
46.2068897532803,-72.8515511191699,77,142,665736.657941492,5119278.32235168,-2.184
46.2068410140212,-72.8489603670289,77,143,665936.657941492,5119278.32235169,-2.121
46.2067922160912,-72.8463696215874,77,144,666136.657941494,5119278.32235171,-2.16
46.2067433594907,-72.8437788828535,77,145,666336.657941494,5119278.32235172,-2.409
46.2066944442201,-72.8411881508352,77,146,666536.657941497,5119278.32235174,-2.972
46.2066454702798,-72.8385974255405,77,147,666736.657941496,5119278.32235175,-10.488
46.2065964376703,-72.8360067069776,77,148,666936.657941497,5119278.32235176,-14.118
46.2065473463918,-72.8334159951544,77,149,667136.657941495,5119278.32235178,-14.158
46.2064981964448,-72.830825290079,77,150,667336.657941499,5119278.32235179,-15.108
46.2064489878297,-72.8282345917594,77,151,667536.657941499,5119278.32235181,-15.138
46.2063997205469,-72.8256439002036,77,152,667736.657941499,5119278.32235182,-14.238
46.2063503945968,-72.8230532154198,77,153,667936.6579415,5119278.32235184,-14.318
46.2063010099797,-72.8204625374158,77,154,668136.657941501,5119278.32235185,-13.428
46.2062515666962,-72.8178718661999,77,155,668336.657941501,5119278.32235187,-12.328
46.2062020647464,-72.8152812017799,77,156,668536.657941501,5119278.32235188,-12.328
46.206152504131,-72.8126905441639,77,157,668736.657941504,5119278.32235189,-12.328
46.2061028848503,-72.81009989336,77,158,668936.657941502,5119278.32235191,-2.875
46.2060532069046,-72.8075092493763,77,159,669136.657941506,5119278.32235193,-2.417
46.2060034702944,-72.8049186122206,77,160,669336.657941504,5119278.32235194,-2.243
46.2059536750201,-72.8023279819012,77,161,669536.657941505,5119278.32235195,-2.042
46.2059038210821,-72.799737358426,77,162,669736.657941506,5119278.32235197,-2.297
46.2058539084807,-72.797146741803,77,163,669936.657941505,5119278.32235198,-2.974
46.2058039372165,-72.7945561320403,77,164,670136.657941505,5119278.322352,-3.572
46.2057539072897,-72.791965529146,77,165,670336.657941508,5119278.32235201,-3.907
46.2057038187008,-72.7893749331279,77,166,670536.657941508,5119278.32235203,-3.902
46.2056536714502,-72.7867843439943,77,167,670736.657941508,5119278.32235204,-3.827
46.2056034655383,-72.7841937617531,77,168,670936.65794151,5119278.32235205,-3.816
46.2055532009655,-72.7816031864124,77,169,671136.657941511,5119278.32235207,-3.774
46.2055028777322,-72.7790126179802,77,170,671336.657941511,5119278.32235208,-3.691
46.2054524958388,-72.7764220564645,77,171,671536.657941512,5119278.3223521,-3.623
46.2054020552857,-72.7738315018734,77,172,671736.657941511,5119278.32235211,-3.695
46.2053515560734,-72.7712409542149,77,173,671936.657941515,5119278.32235213,-3.214
46.2053009982022,-72.768650413497,77,174,672136.657941515,5119278.32235214,-2.595
46.2052503816725,-72.7660598797278,77,175,672336.657941515,5119278.32235216,-2.132
46.2051997064848,-72.7634693529153,77,176,672536.657941514,5119278.32235217,-2.084
46.2051489726395,-72.7608788330676,77,177,672736.657941516,5119278.32235218,-2.224
46.2050981801369,-72.7582883201926,77,178,672936.657941517,5119278.3223522,-2.227
46.2050473289775,-72.7556978142984,77,179,673136.657941516,5119278.32235221,-2.077
46.2049964191617,-72.753107315393,77,180,673336.657941516,5119278.32235223,-1.991
46.2049454506898,-72.7505168234846,77,181,673536.657941516,5119278.32235224,-1.894
46.2048944235624,-72.747926338581,77,182,673736.657941521,5119278.32235226,-1.744
46.2048433377798,-72.7453358606904,77,183,673936.657941522,5119278.32235227,-1.782
46.2047921933425,-72.7427453898207,77,184,674136.657941521,5119278.32235229,-1.903
46.2047409902508,-72.7401549259801,77,185,674336.657941523,5119278.3223523,-1.975
46.2046897285051,-72.7375644691765,77,186,674536.657941523,5119278.32235231,-2.046
46.2046384081059,-72.734974019418,77,187,674736.657941524,5119278.32235233,-1.933
46.2045870290536,-72.7323835767125,77,188,674936.657941526,5119278.32235235,-1.781
46.2045355913486,-72.7297931410683,77,189,675136.657941524,5119278.32235236,-1.497
46.2044840949913,-72.7272027124931,77,190,675336.657941524,5119278.32235237,-1.5
46.2044325399821,-72.7246122909952,77,191,675536.657941528,5119278.32235239,-1.412
46.2043809263215,-72.7220218765825,77,192,675736.657941525,5119278.3223524,-1.439
46.2043292540098,-72.7194314692631,77,193,675936.657941528,5119278.32235241,-1.151
46.2042775230476,-72.716841069045,77,194,676136.657941528,5119278.32235243,-1.013
46.2042257334351,-72.7142506759362,77,195,676336.657941531,5119278.32235245,-1.197
46.2041738851728,-72.7116602899447,77,196,676536.657941529,5119278.32235246,-1.307
46.2041219782611,-72.7090699110787,77,197,676736.65794153,5119278.32235248,-1.212
46.2040700127006,-72.706479539346,77,198,676936.657941532,5119278.32235249,-0.84
46.2040179884914,-72.7038891747548,77,199,677136.657941532,5119278.3223525,-0.739
46.2039659056342,-72.7012988173131,77,200,677336.657941531,5119278.32235252,-0.754
46.2039137641292,-72.698708467029,77,201,677536.657941534,5119278.32235253,-0.883
46.203861563977,-72.6961181239103,77,202,677736.657941532,5119278.32235255,-0.978
46.2038093051779,-72.6935277879652,77,203,677936.657941535,5119278.32235256,-0.864
46.2037569877324,-72.6909374592017,77,204,678136.657941536,5119278.32235258,-0.837
46.2037046116409,-72.6883471376279,77,205,678336.657941536,5119278.32235259,-0.771
46.2036521769038,-72.6857568232517,77,206,678536.657941536,5119278.32235261,-0.741
46.2035996835216,-72.6831665160813,77,207,678736.657941535,5119278.32235262,-0.831
46.2035471314946,-72.6805762161245,77,208,678936.657941539,5119278.32235263,-0.862
46.2034945208232,-72.6779859233895,77,209,679136.657941536,5119278.32235265,-0.937
46.203441851508,-72.6753956378843,77,210,679336.657941537,5119278.32235266,-0.939
46.2033891235493,-72.6728053596169,77,211,679536.657941541,5119278.32235268,-0.867
46.2033363369476,-72.6702150885953,77,212,679736.657941539,5119278.32235269,-0.862
46.2032834917033,-72.6676248248276,77,213,679936.657941539,5119278.32235271,-0.912
46.2032305878167,-72.6650345683218,77,214,680136.657941543,5119278.32235272,-0.847
46.2031776252884,-72.6624443190859,77,215,680336.657941542,5119278.32235274,-0.834
46.2031246041188,-72.659854077128,77,216,680536.657941544,5119278.32235275,-0.764
46.2030715243082,-72.657263842456,77,217,680736.657941547,5119278.32235277,-0.606
46.2030183858572,-72.6546736150781,77,218,680936.657941547,5119278.32235278,-0.399
46.2029651887661,-72.6520833950022,77,219,681136.657941546,5119278.32235279,-0.516
46.2071773238677,-72.9656171623519,78,98,656936.65794148,5119078.32235104,-0.048
46.2071311693909,-72.9630262078628,78,99,657136.657941483,5119078.32235105,-0.048
46.2070849562301,-72.9604352597188,78,100,657336.657941482,5119078.32235107,-0.058
46.2070386843856,-72.9578443179278,78,101,657536.657941482,5119078.32235108,-0.212
46.2069923538578,-72.9552533824979,78,102,657736.657941484,5119078.3223511,-0.275
46.206945964647,-72.952662453437,78,103,657936.657941482,5119078.32235111,-0.414
46.2068995167537,-72.9500715307534,78,104,658136.657941487,5119078.32235113,-0.487
46.2068530101781,-72.9474806144549,78,105,658336.657941484,5119078.32235114,-0.639
46.2068064449208,-72.9448897045497,78,106,658536.657941487,5119078.32235115,-0.807
46.2067598209819,-72.9422988010457,78,107,658736.657941484,5119078.32235117,-1.139
46.2067131383621,-72.9397079039511,78,108,658936.657941488,5119078.32235118,-1.54
46.2066663970615,-72.9371170132739,78,109,659136.657941489,5119078.3223512,-1.612
46.2066195970806,-72.934526129022,78,110,659336.657941488,5119078.32235121,-1.469
46.2065727384197,-72.9319352512037,78,111,659536.657941486,5119078.32235123,-1.547
46.2065258210793,-72.9293443798268,78,112,659736.65794149,5119078.32235124,-1.587
46.2064788450597,-72.9267535148994,78,113,659936.657941489,5119078.32235126,-1.647
46.2064318103614,-72.9241626564297,78,114,660136.65794149,5119078.32235127,-1.684
46.2063847169845,-72.9215718044255,78,115,660336.65794149,5119078.32235129,-1.833
46.2063375649297,-72.918980958895,78,116,660536.657941492,5119078.3223513,-1.951
46.2062903541971,-72.9163901198462,78,117,660736.657941494,5119078.32235132,-1.989
46.2062430847873,-72.9137992872871,78,118,660936.657941493,5119078.32235133,-1.993
46.2061957567006,-72.9112084612258,78,119,661136.657941496,5119078.32235134,-2.022
46.2061483699373,-72.9086176416704,78,120,661336.657941493,5119078.32235136,-1.85
46.206100924498,-72.9060268286288,78,121,661536.657941497,5119078.32235137,-2.187
46.2060534203828,-72.9034360221091,78,122,661736.657941496,5119078.32235139,-2.375
46.2060058575923,-72.9008452221193,78,123,661936.657941497,5119078.3223514,-2.674
46.2059582361268,-72.8982544286676,78,124,662136.657941497,5119078.32235142,-2.934
46.2059105559867,-72.8956636417618,78,125,662336.657941496,5119078.32235143,-2.951
46.2058628171724,-72.8930728614101,78,126,662536.657941497,5119078.32235145,-3.019
46.2058150196842,-72.8904820876205,78,127,662736.657941497,5119078.32235146,-3.101
46.2057671635226,-72.8878913204011,78,128,662936.657941499,5119078.32235148,-3.027
46.2057192486879,-72.8853005597598,78,129,663136.6579415,5119078.32235149,-3.126
46.2056712751805,-72.8827098057047,78,130,663336.657941498,5119078.3223515,-2.954
46.2056232430008,-72.880119058244,78,131,663536.657941499,5119078.32235152,-2.938
46.2055751521493,-72.8775283173855,78,132,663736.657941502,5119078.32235153,-2.714
46.2055270026262,-72.8749375831373,78,133,663936.657941503,5119078.32235155,-2.577
46.205478794432,-72.8723468555075,78,134,664136.657941502,5119078.32235156,-2.419
46.205430527567,-72.8697561345042,78,135,664336.657941502,5119078.32235158,-2.218
46.2053822020317,-72.8671654201353,78,136,664536.657941504,5119078.32235159,-2.056
46.2053338178264,-72.8645747124088,78,137,664736.657941507,5119078.32235161,-2.03
46.2052853749516,-72.8619840113329,78,138,664936.657941507,5119078.32235162,-1.977
46.2052368734076,-72.8593933169156,78,139,665136.657941504,5119078.32235163,-1.944
46.2051883131948,-72.8568026291649,78,140,665336.657941506,5119078.32235165,-2.142
46.2051396943136,-72.8542119480888,78,141,665536.657941504,5119078.32235166,-2.2
46.2050910167644,-72.8516212736954,78,142,665736.657941507,5119078.32235168,-2.335
46.2050422805476,-72.8490306059927,78,143,665936.657941506,5119078.32235169,-2.967
46.2049934856635,-72.8464399449888,78,144,666136.657941509,5119078.32235171,-10.058
46.2049446321126,-72.8438492906917,78,145,666336.657941507,5119078.32235172,-14.268
46.2048957198953,-72.8412586431094,78,146,666536.657941509,5119078.32235174,-14.238
46.204846749012,-72.8386680022499,78,147,666736.65794151,5119078.32235175,-14.608
46.204797719463,-72.8360773681214,78,148,666936.657941513,5119078.32235177,-14.878
46.2047486312488,-72.8334867407318,78,149,667136.657941511,5119078.32235178,-14.888
46.2046994843697,-72.8308961200892,78,150,667336.657941512,5119078.32235179,-14.648
46.2046502788262,-72.8283055062016,78,151,667536.657941514,5119078.32235181,-8.348
46.2046010146186,-72.825714899077,78,152,667736.657941514,5119078.32235182,-5.077
46.2045516917473,-72.8231242987235,78,153,667936.657941515,5119078.32235184,-12.208
46.2045023102128,-72.8205337051492,78,154,668136.657941513,5119078.32235185,-12.318
46.2044528700154,-72.817943118362,78,155,668336.657941516,5119078.32235187,-12.318
46.2044033711556,-72.81535253837,78,156,668536.657941519,5119078.32235188,-3.079
46.2043538136336,-72.8127619651813,78,157,668736.657941517,5119078.3223519,-2.419
46.20430419745,-72.8101713988038,78,158,668936.657941515,5119078.32235191,-2.062
46.2042545226052,-72.8075808392456,78,159,669136.657941517,5119078.32235193,-1.903
46.2042047890994,-72.8049902865147,78,160,669336.657941517,5119078.32235194,-1.475
46.2041549969333,-72.8023997406192,78,161,669536.657941519,5119078.32235195,-1.859
46.204105146107,-72.7998092015671,78,162,669736.657941518,5119078.32235197,-2.612
46.2040552366211,-72.7972186693665,78,163,669936.65794152,5119078.32235198,-3.554
46.2040052684759,-72.7946281440253,78,164,670136.657941522,5119078.322352,-3.845
46.2039552416718,-72.7920376255517,78,165,670336.65794152,5119078.32235201,-3.784
46.2039051562094,-72.7894471139536,78,166,670536.657941523,5119078.32235203,-3.742
46.2038550120888,-72.786856609239,78,167,670736.657941521,5119078.32235204,-3.726
46.2038048093106,-72.7842661114161,78,168,670936.657941527,5119078.32235206,-3.719
46.2037545478752,-72.7816756204928,78,169,671136.657941526,5119078.32235207,-3.651
46.2037042277829,-72.7790851364772,78,170,671336.657941528,5119078.32235208,-3.616
46.2036538490342,-72.7764946593774,78,171,671536.657941527,5119078.3223521,-3.73
46.2036034116295,-72.7739041892013,78,172,671736.657941528,5119078.32235211,-3.602
46.2035529155691,-72.7713137259569,78,173,671936.657941528,5119078.32235213,-2.75
46.2035023608536,-72.7687232696524,78,174,672136.657941529,5119078.32235214,-2.243
46.2034517474832,-72.7661328202957,78,175,672336.657941529,5119078.32235216,-2.012
46.2034010754585,-72.7635423778949,78,176,672536.657941527,5119078.32235217,-2.048
46.2033503447797,-72.760951942458,78,177,672736.657941528,5119078.32235218,-2.101
46.2032995554474,-72.7583615139931,78,178,672936.65794153,5119078.3223522,-2.125
46.2032487074619,-72.7557710925082,78,179,673136.65794153,5119078.32235221,-2.286
46.2031978008237,-72.7531806780112,78,180,673336.657941533,5119078.32235223,-2.177
46.2031468355331,-72.7505902705103,78,181,673536.657941532,5119078.32235224,-1.852
46.2030958115906,-72.7479998700135,78,182,673736.657941535,5119078.32235226,-1.877
46.2030447289965,-72.7454094765288,78,183,673936.657941536,5119078.32235227,-1.925
46.2029935877514,-72.7428190900643,78,184,674136.657941534,5119078.32235229,-2.102
46.2029423878555,-72.7402287106279,78,185,674336.657941538,5119078.3223523,-1.968
46.2028911293094,-72.7376383382277,78,186,674536.657941538,5119078.32235231,-1.727
46.2028398121133,-72.7350479728718,78,187,674736.657941537,5119078.32235233,-1.84
46.2027884362679,-72.7324576145681,78,188,674936.65794154,5119078.32235235,-1.8
46.2027370017733,-72.7298672633247,78,189,675136.657941537,5119078.32235236,-1.375
46.2026855086302,-72.7272769191497,78,190,675336.65794154,5119078.32235237,-1.455
46.2026339568388,-72.724686582051,78,191,675536.657941539,5119078.32235239,-1.52
46.2025823463996,-72.7220962520367,78,192,675736.657941542,5119078.3223524,-1.321
46.202530677313,-72.7195059291149,78,193,675936.657941541,5119078.32235241,-1.057
46.2024789495795,-72.7169156132935,78,194,676136.657941542,5119078.32235243,-1.014
46.2024271631994,-72.7143253045806,78,195,676336.657941541,5119078.32235245,-1.187
46.2023753181732,-72.7117350029842,78,196,676536.657941542,5119078.32235246,-1.286
46.2023234145012,-72.7091447085123,78,197,676736.657941542,5119078.32235247,-1.12
46.202271452184,-72.706554421173,78,198,676936.657941545,5119078.32235249,-0.762
46.2022194312219,-72.7039641409744,78,199,677136.657941547,5119078.3223525,-0.769
46.2021673516153,-72.7013738679243,78,200,677336.657941547,5119078.32235252,-0.852
46.2021152133647,-72.698783602031,78,201,677536.657941548,5119078.32235253,-0.985
46.2020630164705,-72.6961933433023,78,202,677736.657941548,5119078.32235255,-1.006
46.202010760933,-72.6936030917464,78,203,677936.657941548,5119078.32235256,-0.833
46.2019584467528,-72.6910128473712,78,204,678136.65794155,5119078.32235258,-0.839
46.2019060739303,-72.6884226101847,78,205,678336.657941549,5119078.32235259,-0.749
46.2018536424657,-72.6858323801952,78,206,678536.657941549,5119078.3223526,-0.766
46.2018011523597,-72.6832421574104,78,207,678736.657941552,5119078.32235262,-0.831
46.2017486036126,-72.6806519418385,78,208,678936.657941554,5119078.32235264,-0.851
46.2016959962249,-72.6780617334875,78,209,679136.657941553,5119078.32235265,-0.941
46.2016433301969,-72.6754715323654,78,210,679336.657941553,5119078.32235266,-0.89
46.2015906055291,-72.6728813384803,78,211,679536.657941553,5119078.32235268,-0.827
46.2015378222219,-72.6702911518402,78,212,679736.657941556,5119078.32235269,-0.817
46.2014849802757,-72.6677009724531,78,213,679936.657941557,5119078.32235271,-0.839
46.201432079691,-72.665110800327,78,214,680136.657941554,5119078.32235272,-0.801
46.2013791204682,-72.66252063547,78,215,680336.657941559,5119078.32235274,-0.783
46.2013261026077,-72.6599304778901,78,216,680536.657941559,5119078.32235275,-0.752
46.2012730261099,-72.6573403275953,78,217,680736.657941557,5119078.32235277,-0.633
46.2012198909753,-72.6547501845937,78,218,680936.65794156,5119078.32235278,-0.316
46.2011666972043,-72.6521600488932,78,219,681136.657941558,5119078.32235279,-0.218
46.2054705836172,-72.9708653535318,79,96,656536.657941496,5118878.32235101,-0.438
46.2054245493835,-72.9682744708427,79,97,656736.657941494,5118878.32235103,-0.333
46.2053784564687,-72.9656835944817,79,98,656936.657941494,5118878.32235104,-0.34
46.2053323048732,-72.963092724457,79,99,657136.657941495,5118878.32235105,-0.434
46.2052860945972,-72.9605018607764,79,100,657336.657941499,5118878.32235107,-0.464
46.2052398256412,-72.9579110034482,79,101,657536.657941499,5118878.32235109,-0.557
46.2051934980055,-72.9553201524803,79,102,657736.657941498,5118878.3223511,-0.602
46.2051471116905,-72.9527293078807,79,103,657936.657941499,5118878.32235111,-0.641
46.2051006666966,-72.9501384696575,79,104,658136.657941498,5118878.32235113,-0.784
46.2050541630242,-72.9475476378188,79,105,658336.657941499,5118878.32235114,-0.975
46.2050076006736,-72.9449568123726,79,106,658536.657941502,5118878.32235116,-1.137
46.2049609796453,-72.9423659933269,79,107,658736.657941499,5118878.32235117,-1.402
46.2049142999395,-72.9397751806898,79,108,658936.657941499,5118878.32235119,-1.685
46.2048675615567,-72.9371843744692,79,109,659136.657941501,5118878.3223512,-1.901
46.2048207644972,-72.9345935746734,79,110,659336.657941502,5118878.32235121,-1.696
46.2047739087614,-72.9320027813102,79,111,659536.657941505,5118878.32235123,-1.529
46.2047269943497,-72.9294119943877,79,112,659736.657941503,5118878.32235124,-1.562
46.2046800212625,-72.926821213914,79,113,659936.657941503,5118878.32235126,-1.71
46.2046329895002,-72.9242304398972,79,114,660136.657941506,5118878.32235127,-1.731
46.2045858990631,-72.9216396723451,79,115,660336.657941507,5118878.32235129,-1.765
46.2045387499515,-72.919048911266,79,116,660536.657941507,5118878.3223513,-1.7
46.204491542166,-72.9164581566678,79,117,660736.657941504,5118878.32235132,-1.718
46.2044442757069,-72.9138674085586,79,118,660936.657941509,5118878.32235133,-1.657
46.2043969505745,-72.9112766669464,79,119,661136.657941507,5118878.32235134,-2.019
46.2043495667693,-72.9086859318392,79,120,661336.657941508,5118878.32235136,-2.337
46.2043021242915,-72.9060952032452,79,121,661536.657941511,5118878.32235137,-2.379
46.2042546231417,-72.9035044811722,79,122,661736.657941512,5118878.32235139,-2.622
46.2042070633201,-72.9009137656284,79,123,661936.657941511,5118878.3223514,-2.81
46.2041594448273,-72.8983230566219,79,124,662136.657941511,5118878.32235142,-2.88
46.2041117676634,-72.8957323541606,79,125,662336.65794151,5118878.32235143,-3.069
46.204064031829,-72.8931416582525,79,126,662536.65794151,5118878.32235145,-3.203
46.2040162373245,-72.8905509689058,79,127,662736.657941512,5118878.32235146,-3.236
46.2039683841501,-72.8879602861285,79,128,662936.657941515,5118878.32235148,-3.212
46.2039204723063,-72.8853696099285,79,129,663136.657941514,5118878.32235149,-3.093
46.2038725017935,-72.882778940314,79,130,663336.657941516,5118878.3223515,-2.879
46.2038244726121,-72.880188277293,79,131,663536.657941513,5118878.32235152,-2.593
46.2037763847624,-72.8775976208735,79,132,663736.657941516,5118878.32235153,-2.094
46.2037282382448,-72.8750069710636,79,133,663936.657941519,5118878.32235155,-1.909
46.2036800330598,-72.8724163278712,79,134,664136.657941518,5118878.32235156,-2.036
46.2036317692077,-72.8698256913045,79,135,664336.657941517,5118878.32235157,-1.994
46.2035834466889,-72.8672350613714,79,136,664536.657941516,5118878.32235159,-1.956
46.2035350655038,-72.8646444380801,79,137,664736.657941518,5118878.3223516,-2.046
46.2034866256528,-72.8620538214385,79,138,664936.65794152,5118878.32235162,-2.231
46.2034381271363,-72.8594632114546,79,139,665136.657941521,5118878.32235163,-2.327
46.2033895699546,-72.8568726081366,79,140,665336.65794152,5118878.32235165,-2.509
46.2033409541082,-72.8542820114924,79,141,665536.657941522,5118878.32235166,-8.308
46.2032922795974,-72.8516914215301,79,142,665736.657941522,5118878.32235168,-14.078
46.2032435464227,-72.8491008382578,79,143,665936.65794152,5118878.32235169,-14.588
46.2031947545845,-72.8465102616834,79,144,666136.657941524,5118878.32235171,-14.738
46.203145904083,-72.843919691815,79,145,666336.657941524,5118878.32235172,-14.998
46.2030969949188,-72.8413291286607,79,146,666536.657941522,5118878.32235174,-14.978
46.2030480270922,-72.8387385722284,79,147,666736.657941524,5118878.32235175,-14.848
46.2029990006036,-72.8361480225262,79,148,666936.657941527,5118878.32235176,-13.078
46.2029499154534,-72.8335574795622,79,149,667136.657941525,5118878.32235178,-4.363
46.202900771642,-72.8309669433443,79,150,667336.657941527,5118878.32235179,-4.202
46.2028515691699,-72.8283764138807,79,151,667536.657941528,5118878.32235181,-3.844
46.2028023080373,-72.8257858911793,79,152,667736.657941528,5118878.32235182,-3.616
46.2027529882447,-72.8231953752482,79,153,667936.657941529,5118878.32235184,-3.517
46.2027036097925,-72.8206048660954,79,154,668136.657941529,5118878.32235185,-3.088
46.2026541726811,-72.818014363729,79,155,668336.65794153,5118878.32235187,-2.964
46.2026046769109,-72.8154238681569,79,156,668536.657941528,5118878.32235188,-2.414
46.2025551224822,-72.8128333793873,79,157,668736.657941531,5118878.32235189,-1.944
46.2025055093956,-72.8102428974282,79,158,668936.657941534,5118878.32235191,-1.668
46.2024558376513,-72.8076524222875,79,159,669136.657941533,5118878.32235192,-1.842
46.2024061072499,-72.8050619539734,79,160,669336.657941534,5118878.32235194,-1.972
46.2023563181916,-72.8024714924938,79,161,669536.657941535,5118878.32235195,-2.674
46.2023064704769,-72.7998810378568,79,162,669736.657941537,5118878.32235197,-3.278
46.2022565641062,-72.7972905900705,79,163,669936.657941533,5118878.32235198,-3.661
46.2022065990799,-72.7947001491428,79,164,670136.657941534,5118878.322352,-3.818
46.2021565753984,-72.7921097150818,79,165,670336.657941537,5118878.32235201,-3.719
46.2021064930621,-72.7895192878956,79,166,670536.657941538,5118878.32235203,-3.644
46.2020563520715,-72.7869288675921,79,167,670736.65794154,5118878.32235204,-3.699
46.2020061524268,-72.7843384541794,79,168,670936.65794154,5118878.32235206,-3.665
46.2019558941285,-72.7817480476656,79,169,671136.657941539,5118878.32235207,-3.624
46.2019055771771,-72.7791576480586,79,170,671336.65794154,5118878.32235208,-3.78
46.2018552015728,-72.7765672553665,79,171,671536.657941541,5118878.3223521,-3.777
46.2018047673162,-72.7739768695973,79,172,671736.657941544,5118878.32235211,-3.102
46.2017542744077,-72.7713864907591,79,173,671936.657941542,5118878.32235213,-2.301
46.2017037228476,-72.7687961188599,79,174,672136.657941544,5118878.32235214,-2.085
46.2016531126363,-72.7662057539077,79,175,672336.657941544,5118878.32235216,-2.112
46.2016024437743,-72.7636153959106,79,176,672536.657941546,5118878.32235217,-2.029
46.201551716262,-72.7610250448766,79,177,672736.657941546,5118878.32235218,-2.053
46.2015009300997,-72.7584347008137,79,178,672936.657941547,5118878.3223522,-2.05
46.201450085288,-72.7558443637299,79,179,673136.657941547,5118878.32235221,-2.135
46.2013991818271,-72.7532540336334,79,180,673336.657941547,5118878.32235223,-2.137
46.2013482197175,-72.750663710532,79,181,673536.657941546,5118878.32235224,-2.077
46.2012971989597,-72.7480733944339,79,182,673736.657941546,5118878.32235226,-2.042
46.201246119554,-72.7454830853471,79,183,673936.657941548,5118878.32235227,-2.126
46.2011949815008,-72.7428927832796,79,184,674136.65794155,5118878.32235228,-1.972
46.2011437848006,-72.7403024882395,79,185,674336.657941552,5118878.3223523,-1.806
46.2010925294537,-72.7377122002347,79,186,674536.657941553,5118878.32235232,-1.846
46.2010412154607,-72.7351219192733,79,187,674736.657941552,5118878.32235233,-1.859
46.2009898428218,-72.7325316453634,79,188,674936.657941552,5118878.32235235,-1.66
46.2009384115375,-72.7299413785129,79,189,675136.657941553,5118878.32235236,-1.504
46.2008869216083,-72.7273511187299,79,190,675336.657941554,5118878.32235237,-1.531
46.2008353730345,-72.7247608660225,79,191,675536.657941554,5118878.32235239,-1.376
46.2007837658165,-72.7221706203985,79,192,675736.657941556,5118878.3223524,-1.161
46.2007320999548,-72.7195803818662,79,193,675936.657941556,5118878.32235242,-0.997
46.2006803754498,-72.7169901504335,79,194,676136.657941556,5118878.32235243,-0.996
46.2006285923019,-72.7143999261085,79,195,676336.657941559,5118878.32235245,-1.111
46.2005767505116,-72.7118097088991,79,196,676536.657941558,5118878.32235246,-1.196
46.2005248500791,-72.7092194988134,79,197,676736.657941558,5118878.32235248,-1.074
46.200472891005,-72.7066292958595,79,198,676936.65794156,5118878.32235249,-0.9
46.2004208732897,-72.7040391000453,79,199,677136.657941561,5118878.3223525,-0.886
46.2003687969336,-72.7014489113789,79,200,677336.657941562,5118878.32235252,-0.956
46.2003166619371,-72.6988587298683,79,201,677536.657941561,5118878.32235253,-1.046
46.2002644683007,-72.6962685555216,79,202,677736.657941561,5118878.32235255,-0.862
46.2002122160247,-72.6936783883467,79,203,677936.657941562,5118878.32235256,-0.725
46.2001599051095,-72.6910882283518,79,204,678136.657941562,5118878.32235258,-0.78
46.2001075355557,-72.6884980755448,79,205,678336.657941565,5118878.32235259,-0.764
46.2000551073636,-72.6859079299337,79,206,678536.657941565,5118878.3223526,-0.758
46.2000026205336,-72.6833177915266,79,207,678736.657941566,5118878.32235262,-0.827
46.1999500750662,-72.6807276603316,79,208,678936.657941567,5118878.32235263,-0.847
46.1998974709618,-72.6781375363566,79,209,679136.657941566,5118878.32235265,-0.892
46.1998448082208,-72.6755474196097,79,210,679336.657941566,5118878.32235266,-0.852
46.1997920868437,-72.6729573100988,79,211,679536.657941567,5118878.32235268,-0.799
46.1997393068308,-72.6703672078321,79,212,679736.657941567,5118878.32235269,-0.784
46.1996864681825,-72.6677771128176,79,213,679936.65794157,5118878.32235271,-0.799
46.1996335708995,-72.6651870250632,79,214,680136.65794157,5118878.32235272,-0.764
46.1995806149819,-72.662596944577,79,215,680336.65794157,5118878.32235274,-0.729
46.1995276004303,-72.6600068713671,79,216,680536.657941574,5118878.32235275,-0.69
46.1994745272451,-72.6574168054414,79,217,680736.657941571,5118878.32235276,-0.567
46.1994213954268,-72.654826746808,79,218,680936.657941573,5118878.32235278,-0.34
46.1993682049757,-72.652236695475,79,219,681136.657941575,5118878.32235279,-0.068
46.2039009864491,-72.9838856961972,80,91,655536.657941508,5118678.32235094,-0.078
46.2038552484822,-72.9812948664494,80,92,655736.657941507,5118678.32235095,-0.238
46.2038094518359,-72.9787040429889,80,93,655936.657941509,5118678.32235097,-0.28
46.2036717098247,-72.9709316104107,80,96,656536.657941511,5118678.32235101,-0.353
46.2036256784647,-72.9683408121794,80,97,656736.657941509,5118678.32235102,-0.41
46.2035795884272,-72.9657500202754,80,98,656936.657941511,5118678.32235104,-0.479
46.2035334397126,-72.9631592347069,80,99,657136.65794151,5118678.32235106,-0.414
46.2034872323213,-72.9605684554818,80,100,657336.657941509,5118678.32235107,-0.445
46.2034409662536,-72.9579776826083,80,101,657536.657941514,5118678.32235108,-0.554
46.2033946415099,-72.9553869160943,80,102,657736.65794151,5118678.3223511,-0.618
46.2033482580905,-72.952796155948,80,103,657936.657941513,5118678.32235111,-0.677
46.2033018159959,-72.9502054021773,80,104,658136.657941514,5118678.32235113,-0.808
46.2032553152264,-72.9476146547903,80,105,658336.657941515,5118678.32235114,-1.061
46.2032087557824,-72.945023913795,80,106,658536.657941514,5118678.32235115,-1.18
46.2031621376643,-72.9424331791995,80,107,658736.657941516,5118678.32235117,-1.321
46.2031154608724,-72.9398424510118,80,108,658936.657941516,5118678.32235119,-1.53
46.2030687254072,-72.9372517292399,80,109,659136.657941516,5118678.3223512,-1.701
46.2030219312689,-72.934661013892,80,110,659336.657941518,5118678.32235121,-1.744
46.202975078458,-72.9320703049759,80,111,659536.657941518,5118678.32235123,-1.692
46.2029281669749,-72.9294796024999,80,112,659736.657941517,5118678.32235124,-1.63
46.2028811968199,-72.9268889064718,80,113,659936.657941519,5118678.32235126,-1.811
46.2028341679934,-72.9242982168998,80,114,660136.657941519,5118678.32235127,-1.756
46.2027870804958,-72.9217075337919,80,115,660336.657941518,5118678.32235128,-1.596
46.2027399343275,-72.9191168571561,80,116,660536.657941518,5118678.3223513,-1.465
46.2026927294888,-72.9165261870005,80,117,660736.657941521,5118678.32235132,-1.521
46.2026454659801,-72.9139355233331,80,118,660936.657941522,5118678.32235133,-2.016
46.2025981438019,-72.9113448661619,80,119,661136.657941524,5118678.32235134,-2.32
46.2025507629544,-72.908754215495,80,120,661336.657941525,5118678.32235136,-2.429
46.2025033234382,-72.9061635713404,80,121,661536.657941523,5118678.32235137,-2.713
46.2024558252535,-72.9035729337062,80,122,661736.657941526,5118678.32235139,-2.747
46.2024082684007,-72.9009823026004,80,123,661936.657941526,5118678.3223514,-2.707
46.2023606528802,-72.898391678031,80,124,662136.657941524,5118678.32235142,-2.864
46.2023129786925,-72.895801060006,80,125,662336.657941527,5118678.32235143,-3.151
46.2022652458378,-72.8932104485336,80,126,662536.657941525,5118678.32235144,-3.277
46.2022174543166,-72.8906198436218,80,127,662736.657941529,5118678.32235146,-3.411
46.2021696041293,-72.8880292452785,80,128,662936.657941529,5118678.32235147,-3.036
46.2021216952763,-72.8854386535119,80,129,663136.657941528,5118678.32235149,-2.621
46.2020737277578,-72.8828480683299,80,130,663336.657941528,5118678.3223515,-2.086
46.2020257015744,-72.8802574897406,80,131,663536.657941531,5118678.32235152,-1.829
46.2019776167264,-72.877666917752,80,132,663736.657941529,5118678.32235153,-1.906
46.2019294732142,-72.8750763523722,80,133,663936.65794153,5118678.32235155,-1.949
46.2018812710382,-72.8724857936093,80,134,664136.65794153,5118678.32235156,-1.941
46.2018330101988,-72.8698952414711,80,135,664336.657941532,5118678.32235158,-2.182
46.2017846906963,-72.8673046959659,80,136,664536.657941532,5118678.32235159,-2.374
46.2017363125312,-72.8647141571016,80,137,664736.657941535,5118678.3223516,-2.447
46.2016878757038,-72.8621236248862,80,138,664936.657941534,5118678.32235162,-3.089
46.2016393802146,-72.8595330993278,80,139,665136.657941534,5118678.32235163,-12.328
46.2015908260638,-72.8569425804345,80,140,665336.657941536,5118678.32235165,-14.818
46.201542213252,-72.8543520682142,80,141,665536.657941534,5118678.32235166,-14.778
46.2014935417795,-72.851761562675,80,142,665736.657941535,5118678.32235168,-14.998
46.2014448116467,-72.8491710638249,80,143,665936.657941537,5118678.32235169,-15.018
46.201396022854,-72.846580571672,80,144,666136.657941537,5118678.32235171,-14.878
46.2013471754018,-72.8439900862244,80,145,666336.657941537,5118678.32235172,-14.508
46.2012982692904,-72.8413996074899,80,146,666536.657941539,5118678.32235174,-4.494
46.2012493045203,-72.8388091354768,80,147,666736.657941539,5118678.32235175,-3.854
46.2012002810919,-72.8362186701929,80,148,666936.657941541,5118678.32235176,-3.522
46.2011511990056,-72.8336282116464,80,149,667136.65794154,5118678.32235178,-3.381
46.2011020582617,-72.8310377598453,80,150,667336.657941539,5118678.32235179,-3.256
46.2010528588607,-72.8284473147976,80,151,667536.657941543,5118678.32235181,-3.081
46.201003600803,-72.8258568765113,80,152,667736.657941543,5118678.32235182,-3.139
46.2009542840888,-72.8232664449945,80,153,667936.657941546,5118678.32235183,-3.449
46.2009049087188,-72.8206760202553,80,154,668136.657941544,5118678.32235185,-2.842
46.2008554746932,-72.8180856023016,80,155,668336.657941544,5118678.32235187,-2.441
46.2008059820124,-72.8154951911414,80,156,668536.657941546,5118678.32235188,-1.957
46.2007564306769,-72.8129047867829,80,157,668736.657941545,5118678.32235189,-2.064
46.200706820687,-72.8103143892341,80,158,668936.657941545,5118678.32235191,-2.29
46.2006571520431,-72.8077239985029,80,159,669136.65794155,5118678.32235192,-2.658
46.2006074247457,-72.8051336145975,80,160,669336.657941545,5118678.32235194,-3.097
46.2005576387952,-72.8025432375258,80,161,669536.657941549,5118678.32235195,-3.333
46.2005077941919,-72.7999528672959,80,162,669736.65794155,5118678.32235197,-3.526
46.2004578909362,-72.7973625039158,80,163,669936.65794155,5118678.32235198,-3.618
46.2004079290286,-72.7947721473936,80,164,670136.657941551,5118678.322352,-3.671
46.2003579084694,-72.7921817977373,80,165,670336.657941552,5118678.32235201,-3.635
46.2003078292591,-72.7895914549548,80,166,670536.657941554,5118678.32235203,-3.614
46.2002576913981,-72.7870011190544,80,167,670736.657941551,5118678.32235204,-3.705
46.2002074948867,-72.7844107900439,80,168,670936.657941552,5118678.32235205,-3.701
46.2001572397254,-72.7818204679314,80,169,671136.657941554,5118678.32235207,-3.756
46.2001069259146,-72.779230152725,80,170,671336.657941554,5118678.32235208,-3.797
46.2000565534546,-72.7766398444327,80,171,671536.657941555,5118678.3223521,-3.365
46.200006122346,-72.7740495430624,80,172,671736.657941556,5118678.32235211,-2.668
46.199955632589,-72.7714592486223,80,173,671936.657941556,5118678.32235213,-2.213
46.1999050841841,-72.7688689611204,80,174,672136.657941556,5118678.32235214,-2.114
46.1998544771317,-72.7662786805647,80,175,672336.657941557,5118678.32235215,-2.159
46.1998038114323,-72.7636884069632,80,176,672536.65794156,5118678.32235217,-2.046
46.1997530870862,-72.761098140324,80,177,672736.65794156,5118678.32235218,-2.026
46.1997023040938,-72.7585078806551,80,178,672936.657941559,5118678.3223522,-2.049
46.1996514624555,-72.7559176279645,80,179,673136.657941562,5118678.32235221,-2.109
46.1996005621718,-72.7533273822603,80,180,673336.657941562,5118678.32235223,-2.061
46.1995496032431,-72.7507371435505,80,181,673536.657941561,5118678.32235224,-2.057
46.1994985856697,-72.7481469118431,80,182,673736.65794156,5118678.32235226,-2.03
46.1994475094521,-72.7455566871461,80,183,673936.657941564,5118678.32235227,-2.022
46.1993963745908,-72.7429664694676,80,184,674136.657941566,5118678.32235228,-1.85
46.199345181086,-72.7403762588157,80,185,674336.657941567,5118678.3223523,-1.872
46.1992939289382,-72.7377860551983,80,186,674536.657941565,5118678.32235231,-1.847
46.1992426181479,-72.7351958586234,80,187,674736.657941569,5118678.32235233,-1.72
46.1991912487154,-72.7326056690992,80,188,674936.657941567,5118678.32235234,-1.732
46.1991398206412,-72.7300154866335,80,189,675136.65794157,5118678.32235236,-1.485
46.1990883339257,-72.7274253112346,80,190,675336.65794157,5118678.32235237,-1.351
46.1990367885693,-72.7248351429103,80,191,675536.657941571,5118678.32235239,-1.311
46.1989851845723,-72.7222449816688,80,192,675736.657941569,5118678.3223524,-1.067
46.1989335219353,-72.7196548275179,80,193,675936.65794157,5118678.32235241,-0.904
46.1988818006586,-72.7170646804659,80,194,676136.657941569,5118678.32235243,-0.926
46.1988300207427,-72.7144745405207,80,195,676336.65794157,5118678.32235245,-1.086
46.198778182188,-72.7118844076903,80,196,676536.657941572,5118678.32235246,-1.191
46.1987262849948,-72.7092942819827,80,197,676736.657941574,5118678.32235247,-1.143
46.1986743291637,-72.7067041634061,80,198,676936.657941574,5118678.32235249,-1.092
46.198622314695,-72.7041140519684,80,199,677136.657941576,5118678.3223525,-1.007
46.1985702415891,-72.7015239476776,80,200,677336.657941574,5118678.32235252,-1.026
46.1985181098466,-72.6989338505418,80,201,677536.657941577,5118678.32235253,-1.02
46.1984659194676,-72.696343760569,80,202,677736.657941578,5118678.32235255,-0.886
46.1984136704529,-72.6937536777672,80,203,677936.657941577,5118678.32235256,-0.682
46.1983613628026,-72.6911636021445,80,204,678136.657941577,5118678.32235258,-0.789
46.1983089965173,-72.6885735337088,80,205,678336.65794158,5118678.32235259,-0.756
46.1982565715973,-72.6859834724683,80,206,678536.657941578,5118678.3223526,-0.728
46.1982040880432,-72.6833934184309,80,207,678736.657941581,5118678.32235262,-0.773
46.1981515458553,-72.6808033716047,80,208,678936.657941581,5118678.32235263,-0.808
46.198098945034,-72.6782133319976,80,209,679136.657941581,5118678.32235265,-0.842
46.1980462855798,-72.6756232996178,80,210,679336.657941582,5118678.32235266,-0.82
46.1979935674931,-72.6730332744732,80,211,679536.657941585,5118678.32235268,-0.771
46.1979407907743,-72.6704432565719,80,212,679736.657941584,5118678.32235269,-0.737
46.1978879554238,-72.6678532459219,80,213,679936.657941586,5118678.32235271,-0.74
46.1978350614421,-72.6652632425312,80,214,680136.657941585,5118678.32235272,-0.689
46.1977821088296,-72.6626732464078,80,215,680336.657941586,5118678.32235273,-0.662
46.1977290975868,-72.6600832575598,80,216,680536.657941586,5118678.32235275,-0.565
46.1976760277139,-72.6574932759953,80,217,680736.657941588,5118678.32235277,-0.441
46.1976228992116,-72.6549033017221,80,218,680936.657941591,5118678.32235278,-0.188
46.2021477741375,-72.9865422760699,81,90,655336.657941522,5118478.32235092,-0.17
46.2021020977018,-72.9839515244972,81,91,655536.657941519,5118478.32235094,-0.363
46.2020563625901,-72.9813607792028,81,92,655736.65794152,5118478.32235095,-0.416
46.2020105688027,-72.9787700401949,81,93,655936.657941524,5118478.32235097,-0.375
46.2019647163399,-72.9761793074815,81,94,656136.657941524,5118478.32235098,-0.25
46.2019188052022,-72.9735885810706,81,95,656336.657941524,5118478.32235099,-0.373
46.2018728353899,-72.9709978609703,81,96,656536.657941523,5118478.32235101,-0.388
46.2018268069034,-72.9684071471886,81,97,656736.657941522,5118478.32235102,-0.449
46.2017807197431,-72.9658164397336,81,98,656936.657941524,5118478.32235104,-0.418
46.2017345739093,-72.9632257386133,81,99,657136.657941523,5118478.32235105,-0.406
46.2016883694025,-72.9606350438357,81,100,657336.657941525,5118478.32235107,-0.431
46.2016421062229,-72.9580443554088,81,101,657536.657941526,5118478.32235108,-0.49
46.2015957843709,-72.9554536733408,81,102,657736.657941527,5118478.3223511,-0.66
46.201549403847,-72.9528629976396,81,103,657936.657941528,5118478.32235111,-0.8
46.2015029646515,-72.9502723283133,81,104,658136.657941528,5118478.32235113,-0.912
46.2014564667848,-72.94768166537,81,105,658336.657941528,5118478.32235114,-1.147
46.2014099102472,-72.9450910088176,81,106,658536.657941527,5118478.32235115,-1.239
46.2013632950391,-72.9425003586643,81,107,658736.657941529,5118478.32235117,-1.301
46.2013166211609,-72.939909714918,81,108,658936.65794153,5118478.32235118,-1.392
46.2012698886131,-72.9373190775868,81,109,659136.657941531,5118478.3223512,-1.65
46.2012230973958,-72.9347284466787,81,110,659336.65794153,5118478.32235121,-1.824
46.2011762475097,-72.9321378222018,81,111,659536.657941532,5118478.32235123,-1.757
46.2011293389549,-72.929547204164,81,112,659736.657941533,5118478.32235124,-1.809
46.2010823717319,-72.9269565925736,81,113,659936.657941532,5118478.32235126,-1.789
46.2010353458411,-72.9243659874384,81,114,660136.657941534,5118478.32235127,-1.622
46.2009882612828,-72.9217753887665,81,115,660336.657941534,5118478.32235129,-1.459
46.2009411180574,-72.919184796566,81,116,660536.657941536,5118478.3223513,-1.452
46.2008939161654,-72.9165942108449,81,117,660736.657941536,5118478.32235131,-1.742
46.200846655607,-72.9140036316113,81,118,660936.657941537,5118478.32235133,-2.057
46.2007993363827,-72.9114130588731,81,119,661136.657941536,5118478.32235134,-2.447
46.2007519584929,-72.9088224926384,81,120,661336.65794154,5118478.32235136,-2.764
46.2007045219379,-72.9062319329153,81,121,661536.657941537,5118478.32235137,-2.862
46.2006570267181,-72.9036413797117,81,122,661736.657941539,5118478.32235139,-2.658
46.2006094728339,-72.9010508330358,81,123,661936.657941541,5118478.3223514,-2.746
46.2005618602857,-72.8984602928956,81,124,662136.65794154,5118478.32235141,-2.997
46.2005141890738,-72.895869759299,81,125,662336.657941538,5118478.32235143,-3.274
46.2004664591987,-72.8932792322542,81,126,662536.65794154,5118478.32235144,-3.243
46.2004186706608,-72.8906887117691,81,127,662736.657941542,5118478.32235146,-2.932
46.2003708234603,-72.8880981978519,81,128,662936.657941543,5118478.32235147,-2.457
46.2003229175978,-72.8855076905105,81,129,663136.657941543,5118478.32235149,-1.926
46.2002749530735,-72.882917189753,81,130,663336.657941545,5118478.3223515,-1.872
46.200226929888,-72.8803266955874,81,131,663536.657941545,5118478.32235152,-2.011
46.2001788480415,-72.8777362080217,81,132,663736.657941543,5118478.32235153,-2.147
46.2001307075344,-72.8751457270641,81,133,663936.657941547,5118478.32235155,-2.261
46.2000825083672,-72.8725552527225,81,134,664136.657941548,5118478.32235156,-2.513
46.2000342505402,-72.8699647850049,81,135,664336.657941545,5118478.32235157,-3.039
46.1999859340539,-72.8673743239194,81,136,664536.657941547,5118478.32235159,-10.648
46.1999375589085,-72.8647838694741,81,137,664736.657941545,5118478.3223516,-14.328
46.1998891251046,-72.8621934216769,81,138,664936.657941547,5118478.32235162,-14.998
46.1998406326424,-72.859602980536,81,139,665136.657941548,5118478.32235163,-15.118
46.1997920815224,-72.8570125460593,81,140,665336.657941551,5118478.32235165,-14.868
46.199743471745,-72.8544221182548,81,141,665536.657941549,5118478.32235166,-14.678
46.1996948033106,-72.8518316971307,81,142,665736.657941549,5118478.32235168,-14.558
46.1996460762195,-72.8492412826949,81,143,665936.65794155,5118478.32235169,-9.298
46.1995972904721,-72.8466508749555,81,144,666136.657941552,5118478.32235171,-4.061
46.1995484460689,-72.8440604739205,81,145,666336.657941551,5118478.32235172,-3.695
46.1994995430103,-72.8414700795979,81,146,666536.657941554,5118478.32235174,-3.526
46.1994505812965,-72.8388796919958,81,147,666736.657941556,5118478.32235175,-3.179
46.1994015609281,-72.8362893111223,81,148,666936.657941553,5118478.32235176,-2.884
46.1993524819055,-72.8336989369852,81,149,667136.657941557,5118478.32235178,-2.732
46.1993033442289,-72.8311085695928,81,150,667336.657941555,5118478.32235179,-2.842
46.1992541478988,-72.828518208953,81,151,667536.657941558,5118478.32235181,-3.323
46.1992048929157,-72.8259278550738,81,152,667736.657941559,5118478.32235182,-3.601
46.1991555792799,-72.8233375079633,81,153,667936.657941559,5118478.32235184,-3.457
46.1991062069917,-72.8207471676296,81,154,668136.65794156,5118478.32235185,-2.769
46.1990567760517,-72.8181568340806,81,155,668336.657941559,5118478.32235186,-2.567
46.1990072864601,-72.8155665073243,81,156,668536.657941562,5118478.32235188,-2.557
46.1989577382175,-72.8129761873689,81,157,668736.657941558,5118478.32235189,-2.802
46.1989081313242,-72.8103858742223,81,158,668936.65794156,5118478.32235191,-3.277
46.1988584657805,-72.8077955678926,81,159,669136.657941563,5118478.32235192,-3.431
46.198808741587,-72.8052052683879,81,160,669336.657941561,5118478.32235194,-3.451
46.198758958744,-72.802614975716,81,161,669536.657941564,5118478.32235195,-3.56
46.1987091172518,-72.8000246898852,81,162,669736.657941565,5118478.32235197,-3.534
46.198659217111,-72.7974344109033,81,163,669936.657941565,5118478.32235198,-3.499
46.1986092583219,-72.7948441387785,81,164,670136.657941566,5118478.32235199,-3.544
46.1985592408848,-72.7922538735188,81,165,670336.657941568,5118478.32235201,-3.528
46.1985091648003,-72.7896636151322,81,166,670536.657941566,5118478.32235202,-3.599
46.1984590300687,-72.7870733636267,81,167,670736.657941568,5118478.32235204,-3.643
46.1984088366905,-72.7844831190104,81,168,670936.657941569,5118478.32235205,-3.675
46.1983585846659,-72.7818928812912,81,169,671136.657941567,5118478.32235207,-3.796
46.1983082739955,-72.7793026504773,81,170,671336.657941567,5118478.32235208,-3.669
46.1982579046796,-72.7767124265767,81,171,671536.657941572,5118478.3223521,-3.013
46.1982074767187,-72.7741222095974,81,172,671736.657941568,5118478.32235211,-2.431
46.1981569901131,-72.7715319995474,81,173,671936.657941572,5118478.32235213,-2.186
46.1981064448632,-72.7689417964347,81,174,672136.657941574,5118478.32235214,-2.141
46.1980558409696,-72.7663516002674,81,175,672336.657941573,5118478.32235215,-2.098
46.1980051784325,-72.7637614110536,81,176,672536.657941573,5118478.32235217,-2.126
46.1979544572523,-72.7611712288011,81,177,672736.657941573,5118478.32235218,-2.148
46.1979036774296,-72.7585810535182,81,178,672936.657941572,5118478.3223522,-2.08
46.1978528389646,-72.7559908852127,81,179,673136.657941577,5118478.32235221,-1.999
46.1978019418579,-72.7534007238928,81,180,673336.657941576,5118478.32235223,-1.91
46.1977509861098,-72.7508105695665,81,181,673536.657941575,5118478.32235224,-1.926
46.1976999717207,-72.7482204222417,81,182,673736.657941578,5118478.32235226,-1.961
46.197648898691,-72.7456302819266,81,183,673936.65794158,5118478.32235227,-1.945
46.1975977670212,-72.7430401486291,81,184,674136.65794158,5118478.32235229,-1.886
46.1975465767117,-72.7404500223573,81,185,674336.657941581,5118478.3223523,-1.791
46.1974953277628,-72.7378599031193,81,186,674536.657941581,5118478.32235231,-1.689
46.197444020175,-72.7352697909229,81,187,674736.657941582,5118478.32235233,-1.64
46.1973926539488,-72.7326796857763,81,188,674936.65794158,5118478.32235234,-1.508
46.1973412290844,-72.7300895876875,81,189,675136.65794158,5118478.32235236,-1.473
46.1972897455824,-72.7274994966645,81,190,675336.657941584,5118478.32235237,-1.454
46.1972382034431,-72.7249094127154,81,191,675536.657941583,5118478.32235239,-1.284
46.197186602667,-72.7223193358482,81,192,675736.657941586,5118478.3223524,-1.079
46.1971349432544,-72.7197292660709,81,193,675936.657941585,5118478.32235241,-0.935
46.1970832252059,-72.7171392033915,81,194,676136.657941585,5118478.32235243,-0.874
46.1970314485218,-72.7145491478181,81,195,676336.657941585,5118478.32235244,-1.047
46.1969796132024,-72.7119590993586,81,196,676536.657941587,5118478.32235246,-1.145
46.1969277192484,-72.7093690580212,81,197,676736.657941586,5118478.32235247,-1.105
46.19687576666,-72.7067790238139,81,198,676936.657941586,5118478.32235249,-1.097
46.1968237554376,-72.7041889967445,81,199,677136.65794159,5118478.3223525,-0.971
46.1967716855818,-72.7015989768213,81,200,677336.657941591,5118478.32235252,-1.007
46.1967195570929,-72.6990089640523,81,201,677536.65794159,5118478.32235253,-1.017
46.1966673699714,-72.6964189584454,81,202,677736.657941593,5118478.32235255,-0.854
46.1966151242176,-72.6938289600086,81,203,677936.657941591,5118478.32235256,-0.75
46.196562819832,-72.6912389687501,81,204,678136.657941591,5118478.32235258,-0.839
46.196510456815,-72.6886489846778,81,205,678336.657941592,5118478.32235259,-0.794
46.196458035167,-72.6860590077997,81,206,678536.657941592,5118478.3223526,-0.754
46.1964055548885,-72.683469038124,81,207,678736.657941596,5118478.32235262,-0.784
46.1963530159799,-72.6808790756585,81,208,678936.657941596,5118478.32235263,-0.832
46.1963004184415,-72.6782891204114,81,209,679136.657941597,5118478.32235265,-0.806
46.1962477622739,-72.6756991723907,81,210,679336.657941597,5118478.32235266,-0.769
46.1961950474774,-72.6731092316043,81,211,679536.657941599,5118478.32235268,-0.734
46.1961422740525,-72.6705192980604,81,212,679736.657941598,5118478.32235269,-0.684
46.1960894419995,-72.6679293717668,81,213,679936.6579416,5118478.3223527,-0.667
46.196036551319,-72.6653394527318,81,214,680136.6579416,5118478.32235272,-0.631
46.1959836020114,-72.6627495409632,81,215,680336.657941602,5118478.32235273,-0.503
46.195930594077,-72.6601596364692,81,216,680536.657941599,5118478.32235275,-0.244
46.1958775275163,-72.6575697392577,81,217,680736.657941603,5118478.32235276,-0.09
46.1958244023298,-72.6549798493367,81,218,680936.657941601,5118478.32235278,-0.181
46.2003944968093,-72.9891986870417,82,89,655136.657941533,5118278.32235091,-0.216
46.2003488818977,-72.9866080136454,82,90,655336.657941533,5118278.32235092,-0.361
46.2003032083134,-72.9840173465187,82,91,655536.657941534,5118278.32235094,-0.479
46.2002574760566,-72.9814266856698,82,92,655736.657941537,5118278.32235095,-0.502
46.2002116851278,-72.9788360311065,82,93,655936.657941536,5118278.32235097,-0.428
46.2001658355274,-72.976245382837,82,94,656136.657941536,5118278.32235098,-0.407
46.2001199272557,-72.9736547408692,82,95,656336.657941537,5118278.322351,-0.405
46.200073960313,-72.9710641052113,82,96,656536.657941539,5118278.32235101,-0.414
46.2000279346999,-72.9684734758713,82,97,656736.657941539,5118278.32235103,-0.402
46.1999818504165,-72.9658828528571,82,98,656936.657941539,5118278.32235104,-0.418
46.1999357074633,-72.9632922361769,82,99,657136.65794154,5118278.32235105,-0.415
46.1998895058407,-72.9607016258387,82,100,657336.657941541,5118278.32235107,-0.467
46.1998432455491,-72.9581110218505,82,101,657536.657941543,5118278.32235109,-0.567
46.1997969265887,-72.9555204242204,82,102,657736.657941541,5118278.3223511,-0.785
46.19975054896,-72.9529298329564,82,103,657936.65794154,5118278.32235111,-0.932
46.1997041126634,-72.9503392480665,82,104,658136.657941543,5118278.32235113,-1.021
46.1996576176992,-72.9477486695587,82,105,658336.657941542,5118278.32235114,-1.202
46.1996110640679,-72.9451580974413,82,106,658536.657941545,5118278.32235115,-1.266
46.1995644517697,-72.942567531722,82,107,658736.657941543,5118278.32235117,-1.28
46.1995177808051,-72.9399769724091,82,108,658936.657941545,5118278.32235119,-1.262
46.1994710511744,-72.9373864195104,82,109,659136.657941547,5118278.3223512,-1.235
46.199424262878,-72.9347958730342,82,110,659336.657941544,5118278.32235122,-1.659
46.1993774159163,-72.9322053329883,82,111,659536.657941548,5118278.32235123,-1.737
46.1993305102897,-72.929614799381,82,112,659736.657941546,5118278.32235124,-1.786
46.1992835459985,-72.92702427222,82,113,659936.657941547,5118278.32235126,-1.737
46.1992365230432,-72.9244337515136,82,114,660136.657941551,5118278.32235127,-1.484
46.199189441424,-72.9218432372698,82,115,660336.657941548,5118278.32235129,-1.38
46.1991423011415,-72.9192527294966,82,116,660536.657941552,5118278.3223513,-1.571
46.1990951021958,-72.9166622282019,82,117,660736.657941552,5118278.32235131,-1.98
46.1990478445876,-72.914071733394,82,118,660936.657941551,5118278.32235133,-2.27
46.1990005283171,-72.9114812450808,82,119,661136.65794155,5118278.32235134,-2.782
46.1989531533847,-72.9088907632703,82,120,661336.657941554,5118278.32235136,-3.082
46.1989057197907,-72.9063002879706,82,121,661536.65794155,5118278.32235137,-2.827
46.1988582275357,-72.9037098191897,82,122,661736.657941551,5118278.32235139,-2.827
46.1988106766199,-72.9011193569356,82,123,661936.657941555,5118278.3223514,-2.859
46.1987630670437,-72.8985289012165,82,124,662136.657941555,5118278.32235141,-3.192
46.1987153988076,-72.8959384520402,82,125,662336.657941554,5118278.32235143,-3.173
46.1986676719118,-72.893348009415,82,126,662536.657941556,5118278.32235144,-2.796
46.1986198863569,-72.8907575733487,82,127,662736.657941556,5118278.32235146,-2.245
46.1985720421431,-72.8881671438494,82,128,662936.657941558,5118278.32235147,-1.82
46.1985241392709,-72.8855767209253,82,129,663136.657941558,5118278.32235149,-1.917
46.1984761777406,-72.8829863045842,82,130,663336.65794156,5118278.3223515,-2.727
46.1984281575527,-72.8803958948342,82,131,663536.657941558,5118278.32235152,-3.128
46.1983800787075,-72.8778054916835,82,132,663736.65794156,5118278.32235153,-3.261
46.1983319412054,-72.8752150951399,82,133,663936.657941559,5118278.32235155,-3.507
46.1982837450468,-72.8726247052116,82,134,664136.657941561,5118278.32235156,-14.418
46.1982354902321,-72.8700343219066,82,135,664336.657941562,5118278.32235157,-14.728
46.1981871767616,-72.8674439452329,82,136,664536.657941562,5118278.32235159,-14.998
46.1981388046359,-72.8648535751985,82,137,664736.657941564,5118278.3223516,-14.978
46.1980903738552,-72.8622632118115,82,138,664936.657941565,5118278.32235162,-14.738
46.1980418844199,-72.8596728550799,82,139,665136.657941562,5118278.32235163,-14.768
46.1979933363305,-72.8570825050118,82,140,665336.657941564,5118278.32235165,-12.438
46.1979447295872,-72.8544921616152,82,141,665536.657941563,5118278.32235166,-4.054
46.1978960641907,-72.851901824898,82,142,665736.657941565,5118278.32235168,-3.576
46.1978473401411,-72.8493114948685,82,143,665936.657941566,5118278.32235169,-3.278
46.1977985574389,-72.8467211715345,82,144,666136.657941566,5118278.3223517,-2.833
46.1977497160846,-72.8441308549041,82,145,666336.657941565,5118278.32235172,-2.959
46.1977008160784,-72.8415405449854,82,146,666536.657941569,5118278.32235174,-2.736
46.1976518574208,-72.8389502417864,82,147,666736.65794157,5118278.32235175,-2.774
46.1976028401122,-72.8363599453151,82,148,666936.657941571,5118278.32235176,-2.902
46.1975537641529,-72.8337696555795,82,149,667136.657941569,5118278.32235178,-3.162
46.1975046295435,-72.8311793725877,82,150,667336.657941569,5118278.32235179,-3.329
46.1974554362842,-72.8285890963478,82,151,667536.657941569,5118278.32235181,-3.556
46.1974061843755,-72.8259988268677,82,152,667736.65794157,5118278.32235182,-3.681
46.1973568738177,-72.8234085641554,82,153,667936.657941573,5118278.32235183,-3.524
46.1973075046113,-72.8208183082191,82,154,668136.657941572,5118278.32235185,-3.066
46.1972580767566,-72.8182280590668,82,155,668336.657941572,5118278.32235187,-2.911
46.1972085902541,-72.8156378167064,82,156,668536.657941576,5118278.32235188,-2.88
46.1971590451042,-72.813047581146,82,157,668736.657941574,5118278.3223519,-3.339
46.1971094413072,-72.8104573523937,82,158,668936.657941574,5118278.32235191,-3.578
46.1970597788636,-72.8078671304574,82,159,669136.657941576,5118278.32235192,-3.692
46.1970100577737,-72.8052769153453,82,160,669336.657941578,5118278.32235194,-3.575
46.196960278038,-72.8026867070653,82,161,669536.657941576,5118278.32235195,-3.566
46.1969104396568,-72.8000965056254,82,162,669736.657941578,5118278.32235197,-3.506
46.1968605426306,-72.7975063110338,82,163,669936.657941578,5118278.32235198,-3.449
46.1968105869598,-72.7949161232984,82,164,670136.65794158,5118278.32235199,-3.539
46.1967605726447,-72.7923259424272,82,165,670336.65794158,5118278.32235201,-3.586
46.1967104996858,-72.7897357684283,82,166,670536.657941583,5118278.32235202,-3.549
46.1966603680834,-72.7871456013098,82,167,670736.657941582,5118278.32235204,-3.522
46.1966101778381,-72.7845554410796,82,168,670936.657941584,5118278.32235205,-3.719
46.1965599289501,-72.7819652877458,82,169,671136.657941583,5118278.32235207,-3.641
46.1965096214199,-72.7793751413164,82,170,671336.657941584,5118278.32235208,-3.165
46.1964592552478,-72.7767850017995,82,171,671536.657941585,5118278.3223521,-2.654
46.1964088304344,-72.774194869203,82,172,671736.657941586,5118278.32235211,-2.319
46.19635834698,-72.7716047435351,82,173,671936.657941585,5118278.32235213,-2.162
46.196307804885,-72.7690146248036,82,174,672136.657941586,5118278.32235214,-2.136
46.1962572041498,-72.7664245130167,82,175,672336.657941588,5118278.32235216,-1.984
46.1962065447748,-72.7638344081824,82,176,672536.657941586,5118278.32235217,-1.946
46.1961558267605,-72.7612443103088,82,177,672736.657941588,5118278.32235218,-1.987
46.1961050501072,-72.7586542194038,82,178,672936.657941587,5118278.3223522,-2.02
46.1960542148154,-72.7560641354754,82,179,673136.657941592,5118278.32235221,-1.946
46.1960033208854,-72.7534740585318,82,180,673336.657941589,5118278.32235223,-1.86
46.1959523683177,-72.7508839885809,82,181,673536.65794159,5118278.32235224,-1.745
46.1959013571126,-72.7482939256308,82,182,673736.65794159,5118278.32235226,-1.745
46.1958502872707,-72.7457038696895,82,183,673936.657941591,5118278.32235227,-1.72
46.1957991587923,-72.7431138207649,82,184,674136.657941592,5118278.32235228,-1.755
46.1957479716778,-72.7405237788653,82,185,674336.657941594,5118278.3223523,-1.737
46.1956967259276,-72.7379337439985,82,186,674536.657941594,5118278.32235231,-1.582
46.1956454215421,-72.7353437161726,82,187,674736.657941596,5118278.32235233,-1.514
46.1955940585218,-72.7327536953957,82,188,674936.657941595,5118278.32235234,-1.461
46.1955426368671,-72.7301636816757,82,189,675136.657941597,5118278.32235236,-1.475
46.1954911565784,-72.7275736750207,82,190,675336.657941599,5118278.32235237,-1.351
46.1954396176561,-72.7249836754387,82,191,675536.657941598,5118278.32235239,-1.204
46.1953880201006,-72.7223936829378,82,192,675736.657941597,5118278.3223524,-1.108
46.1953363639123,-72.7198036975259,82,193,675936.6579416,5118278.32235241,-0.982
46.1952846490916,-72.7172137192111,82,194,676136.657941598,5118278.32235243,-0.849
46.1952328756391,-72.7146237480015,82,195,676336.657941601,5118278.32235244,-0.952
46.195181043555,-72.712033783905,82,196,676536.6579416,5118278.32235246,-1.015
46.1951291528398,-72.7094438269296,82,197,676736.657941603,5118278.32235247,-1.034
46.1950772034939,-72.7068538770835,82,198,676936.657941603,5118278.32235249,-1.022
46.1950251955177,-72.7042639343746,82,199,677136.657941601,5118278.3223525,-0.891
46.1949731289118,-72.701673998811,82,200,677336.657941607,5118278.32235252,-0.979
46.1949210036764,-72.6990840704006,82,201,677536.657941607,5118278.32235253,-0.969
46.194868819812,-72.6964941491515,82,202,677736.657941605,5118278.32235255,-0.68
46.1948165773189,-72.6939042350718,82,203,677936.657941607,5118278.32235256,-0.692
46.1947642761978,-72.6913143281695,82,204,678136.657941605,5118278.32235258,-0.852
46.1947119164489,-72.6887244284525,82,205,678336.657941608,5118278.32235259,-0.811
46.1946594980727,-72.6861345359289,82,206,678536.657941609,5118278.3223526,-0.784
46.1946070210695,-72.6835446506067,82,207,678736.657941609,5118278.32235262,-0.781
46.19455448544,-72.6809547724941,82,208,678936.657941611,5118278.32235264,-0.813
46.1945018911843,-72.6783649015989,82,209,679136.65794161,5118278.32235265,-0.73
46.194449238303,-72.6757750379292,82,210,679336.65794161,5118278.32235266,-0.679
46.1943965267966,-72.673185181493,82,211,679536.657941612,5118278.32235268,-0.641
46.1943437566653,-72.6705953322984,82,212,679736.657941612,5118278.32235269,-0.629
46.1942909279097,-72.6680054903534,82,213,679936.657941615,5118278.32235271,-0.555
46.1942380405302,-72.6654156556659,82,214,680136.657941614,5118278.32235272,-0.566
46.1941850945272,-72.6628258282441,82,215,680336.657941614,5118278.32235273,-0.331
46.1941320899011,-72.660236008096,82,216,680536.657941614,5118278.32235275,-0.202
46.1940790266523,-72.6576461952295,82,217,680736.657941618,5118278.32235276,-0.018
46.1986866492001,-72.9944455305981,83,87,654736.657941547,5118078.32235088,-0.208
46.1986411544754,-72.991854929127,83,88,654936.657941547,5118078.32235089,-0.337
46.1985956010808,-72.9892643339087,83,89,655136.65794155,5118078.32235091,-0.414
46.1985499890167,-72.9866737449512,83,90,655336.657941548,5118078.32235092,-0.429
46.1985043182836,-72.9840831622626,83,91,655536.657941549,5118078.32235094,-0.426
46.1984585888816,-72.981492585851,83,92,655736.657941552,5118078.32235095,-0.425
46.1984128008114,-72.9789020157243,83,93,655936.65794155,5118078.32235097,-0.384
46.1983669540731,-72.9763114518906,83,94,656136.657941551,5118078.32235098,-0.438
46.1983210486671,-72.973720894358,83,95,656336.657941554,5118078.32235099,-0.417
46.198275084594,-72.9711303431344,83,96,656536.657941551,5118078.32235101,-0.431
46.1982290618539,-72.968539798228,83,97,656736.657941555,5118078.32235102,-0.442
46.1981829804473,-72.9659492596467,83,98,656936.657941552,5118078.32235104,-0.45
46.1981368403745,-72.9633587273986,83,99,657136.657941555,5118078.32235105,-0.473
46.198090641636,-72.9607682014917,83,100,657336.657941552,5118078.32235107,-0.485
46.1980443842321,-72.9581776819342,83,101,657536.657941555,5118078.32235108,-0.637
46.1979980681631,-72.9555871687339,83,102,657736.657941555,5118078.3223511,-0.799
46.1979516934295,-72.9529966618989,83,103,657936.657941556,5118078.32235111,-0.98
46.1979052600316,-72.9504061614374,83,104,658136.657941557,5118078.32235112,-1.062
46.1978587679698,-72.9478156673573,83,105,658336.65794156,5118078.32235114,-1.168
46.1978122172445,-72.9452251796666,83,106,658536.657941559,5118078.32235115,-1.182
46.197765607856,-72.9426346983734,83,107,658736.657941558,5118078.32235117,-1.143
46.1977189398047,-72.9400442234858,83,108,658936.657941557,5118078.32235118,-1.08
46.197672213091,-72.9374537550117,83,109,659136.65794156,5118078.3223512,-1.042
46.1976254277153,-72.9348632929593,83,110,659336.657941559,5118078.32235121,-1.407
46.1975785836779,-72.9322728373365,83,111,659536.65794156,5118078.32235122,-1.703
46.1975316809793,-72.9296823881514,83,112,659736.657941561,5118078.32235124,-1.732
46.1974847196197,-72.927091945412,83,113,659936.65794156,5118078.32235125,-1.581
46.1974376995997,-72.9245015091263,83,114,660136.657941561,5118078.32235127,-1.314
46.1973906209195,-72.9219110793025,83,115,660336.657941565,5118078.32235128,-1.623
46.1973434835795,-72.9193206559485,83,116,660536.657941566,5118078.3223513,-1.946
46.1972962875802,-72.9167302390723,83,117,660736.657941564,5118078.32235131,-2.232
46.1972490329218,-72.914139828682,83,118,660936.657941564,5118078.32235133,-2.619
46.1972017196049,-72.9115494247857,83,119,661136.657941567,5118078.32235134,-3.01
46.1971543476297,-72.9089590273914,83,120,661336.657941564,5118078.32235136,-3.096
46.1971069169966,-72.9063686365071,83,121,661536.657941568,5118078.32235137,-2.98
46.1970594277061,-72.9037782521408,83,122,661736.657941567,5118078.32235138,-3.081
46.1970118797585,-72.9011878743005,83,123,661936.657941567,5118078.3223514,-3.163
46.1969642731542,-72.8985975029944,83,124,662136.657941568,5118078.32235141,-2.965
46.1969166078936,-72.8960071382305,83,125,662336.657941568,5118078.32235143,-2.512
46.196868883977,-72.8934167800167,83,126,662536.657941569,5118078.32235144,-2.151
46.1968211014049,-72.8908264283612,83,127,662736.657941568,5118078.32235146,-2.055
46.1967732601776,-72.8882360832719,83,128,662936.657941572,5118078.32235147,-2.604
46.1967253602955,-72.8856457447569,83,129,663136.657941573,5118078.32235149,-3.879
46.196677401759,-72.8830554128242,83,130,663336.657941573,5118078.3223515,-5.016
46.1966293845686,-72.8804650874819,83,131,663536.657941574,5118078.32235152,-11.448
46.1965813087244,-72.877874768738,83,132,663736.657941573,5118078.32235153,-14.418
46.1965331742271,-72.8752844566005,83,133,663936.657941575,5118078.32235154,-14.528
46.1964849810769,-72.8726941510775,83,134,664136.657941575,5118078.32235156,-14.768
46.1964367292743,-72.8701038521769,83,135,664336.657941576,5118078.32235157,-14.728
46.1963884188196,-72.8675135599069,83,136,664536.657941575,5118078.32235159,-14.608
46.1963400497132,-72.8649232742755,83,137,664736.657941578,5118078.3223516,-14.398
46.1962916219555,-72.8623329952906,83,138,664936.657941577,5118078.32235162,-4.396
46.196243135547,-72.8597427229604,83,139,665136.657941576,5118078.32235163,-3.749
46.1961945904879,-72.8571524572928,83,140,665336.657941581,5118078.32235164,-3.356
46.1961459867787,-72.854562198296,83,141,665536.65794158,5118078.32235166,-3.022
46.1960973244198,-72.8519719459778,83,142,665736.657941578,5118078.32235167,-2.926
46.1960486034115,-72.8493817003465,83,143,665936.65794158,5118078.32235169,-2.819
46.1959998237543,-72.8467914614099,83,144,666136.657941579,5118078.3223517,-2.286
46.1959509854486,-72.8442012291761,83,145,666336.657941581,5118078.32235172,-2.972
46.1959020884947,-72.8416110036532,83,146,666536.657941583,5118078.32235173,-2.838
46.195853132893,-72.8390207848492,83,147,666736.657941583,5118078.32235175,-3.044
46.195804118644,-72.8364305727721,83,148,666936.657941582,5118078.32235176,-3.284
46.195755045748,-72.83384036743,83,149,667136.657941585,5118078.32235178,-3.366
46.1957059142055,-72.8312501688308,83,150,667336.657941585,5118078.32235179,-3.482
46.1956567240168,-72.8286599769827,83,151,667536.657941585,5118078.32235181,-3.667
46.1956074751822,-72.8260697918936,83,152,667736.657941588,5118078.32235182,-3.796
46.1955581677024,-72.8234796135716,83,153,667936.657941586,5118078.32235183,-3.55
46.1955088015775,-72.8208894420247,83,154,668136.657941589,5118078.32235185,-3.342
46.195459376808,-72.818299277261,83,155,668336.65794159,5118078.32235186,-3.249
46.1954098933944,-72.8157091192884,83,156,668536.657941587,5118078.32235188,-3.407
46.1953603513369,-72.8131189681151,83,157,668736.657941587,5118078.32235189,-3.519
46.1953107506361,-72.810528823749,83,158,668936.65794159,5118078.32235191,-3.615
46.1952610912923,-72.8079386861981,83,159,669136.657941592,5118078.32235192,-3.621
46.1952113733058,-72.8053485554706,83,160,669336.65794159,5118078.32235193,-3.528
46.1951615966772,-72.8027584315743,83,161,669536.657941594,5118078.32235195,-3.497
46.1951117614068,-72.8001683145175,83,162,669736.657941592,5118078.32235196,-3.532
46.1950618674951,-72.797578204308,83,163,669936.657941594,5118078.32235198,-3.591
46.1950119149423,-72.7949881009539,83,164,670136.657941594,5118078.32235199,-3.563
46.194961903749,-72.7923980044633,83,165,670336.657941595,5118078.32235201,-3.494
46.1949118339154,-72.7898079148442,83,166,670536.657941596,5118078.32235202,-3.506
46.1948617054421,-72.7872178321046,83,167,670736.657941597,5118078.32235204,-3.65
46.1948115183295,-72.7846277562525,83,168,670936.657941597,5118078.32235205,-3.702
46.1947612725778,-72.782037687296,83,169,671136.657941598,5118078.32235207,-3.223
46.1947109681876,-72.7794476252431,83,170,671336.657941597,5118078.32235208,-2.695
46.1946606051593,-72.7768575701018,83,171,671536.657941599,5118078.3223521,-2.403
46.1946101834932,-72.7742675218801,83,172,671736.657941597,5118078.32235211,-2.151
46.1945597031897,-72.7716774805862,83,173,671936.657941601,5118078.32235212,-2.065
46.1945091642493,-72.7690874462279,83,174,672136.657941602,5118078.32235214,-2.012
46.1944585666724,-72.7664974188134,83,175,672336.657941599,5118078.32235215,-1.994
46.1944079104594,-72.7639073983507,83,176,672536.6579416,5118078.32235217,-1.954
46.1943571956106,-72.7613173848478,83,177,672736.657941603,5118078.32235218,-1.889
46.1943064221266,-72.7587273783127,83,178,672936.657941605,5118078.3223522,-1.984
46.1942555900076,-72.7561373787534,83,179,673136.657941606,5118078.32235221,-1.877
46.1942046992542,-72.753547386178,83,180,673336.657941603,5118078.32235222,-1.649
46.1941537498667,-72.7509574005946,83,181,673536.657941606,5118078.32235224,-1.538
46.1941027418455,-72.7483674220111,83,182,673736.657941607,5118078.32235225,-1.546
46.1940516751911,-72.7457774504355,83,183,673936.657941604,5118078.32235227,-1.648
46.1940005499038,-72.7431874858759,83,184,674136.657941605,5118078.32235228,-1.633
46.1939493659841,-72.7405975283404,83,185,674336.657941608,5118078.3223523,-1.587
46.1938981234324,-72.7380075778369,83,186,674536.657941609,5118078.32235231,-1.48
46.1938468222491,-72.7354176343734,83,187,674736.65794161,5118078.32235233,-1.347
46.1937954624346,-72.7328276979581,83,188,674936.65794161,5118078.32235234,-1.338
46.1937440439893,-72.7302377685989,83,189,675136.657941609,5118078.32235235,-1.378
46.1936925669137,-72.7276478463038,83,190,675336.657941612,5118078.32235237,-1.308
46.1936410312081,-72.7250579310809,83,191,675536.657941611,5118078.32235238,-1.132
46.193589436873,-72.7224680229383,83,192,675736.657941613,5118078.3223524,-1.049
46.1935377839087,-72.7198781218838,83,193,675936.657941613,5118078.32235241,-0.949
46.1934860723158,-72.7172882279256,83,194,676136.657941617,5118078.32235243,-0.822
46.1934343020946,-72.7146983410717,83,195,676336.657941616,5118078.32235244,-0.869
46.1933824732455,-72.7121084613301,83,196,676536.657941614,5118078.32235246,-0.949
46.193330585769,-72.7095185887088,83,197,676736.657941617,5118078.32235247,-0.963
46.1932786396654,-72.7069287232159,83,198,676936.657941615,5118078.32235249,-0.873
46.1932266349352,-72.7043388648594,83,199,677136.657941617,5118078.3223525,-0.799
46.1931745715789,-72.7017490136473,83,200,677336.65794162,5118078.32235251,-0.907
46.1931224495967,-72.6991591695876,83,201,677536.657941619,5118078.32235253,-0.893
46.1930702689893,-72.6965693326884,83,202,677736.65794162,5118078.32235254,-0.676
46.1930180297568,-72.6939795029577,83,203,677936.65794162,5118078.32235256,-0.491
46.1929657318999,-72.6913896804035,83,204,678136.65794162,5118078.32235257,-0.76
46.1929133754189,-72.6887998650338,83,205,678336.657941624,5118078.32235259,-0.752
46.1928609603142,-72.6862100568566,83,206,678536.657941621,5118078.3223526,-0.742
46.1928084865863,-72.6836202558801,83,207,678736.657941623,5118078.32235262,-0.727
46.1927559542356,-72.6810304621121,83,208,678936.657941625,5118078.32235263,-0.73
46.1927033632624,-72.6784406755608,83,209,679136.657941624,5118078.32235265,-0.668
46.1926507136673,-72.6758508962341,83,210,679336.657941624,5118078.32235266,-0.59
46.1925980054506,-72.6732611241401,83,211,679536.657941628,5118078.32235267,-0.38
46.1925452386128,-72.6706713592868,83,212,679736.657941626,5118078.32235269,-0.381
46.1924924131543,-72.6680816016822,83,213,679936.657941628,5118078.3223527,-0.45
46.1924395290756,-72.6654918513344,83,214,680136.65794163,5118078.32235272,-0.397
46.192386586377,-72.6629021082514,83,215,680336.65794163,5118078.32235274,-0.278
46.1923335850589,-72.6603123724411,83,216,680536.657941631,5118078.32235275,-0.138
46.1969331803654,-72.9971015256233,84,86,654536.65794156,5117878.32235086,-0.138
46.1968877471472,-72.9945110023405,84,87,654736.657941562,5117878.32235088,-0.272
46.1968422552624,-72.9919204853016,84,88,654936.657941564,5117878.32235089,-0.4
46.1967967047115,-72.9893299745148,84,89,655136.657941564,5117878.32235091,-0.432
46.1967510954948,-72.9867394699882,84,90,655336.657941564,5117878.32235092,-0.407
46.1967054276126,-72.9841489717296,84,91,655536.657941564,5117878.32235094,-0.404
46.1966597010653,-72.9815584797473,84,92,655736.657941565,5117878.32235095,-0.405
46.1966139158533,-72.9789679940492,84,93,655936.657941566,5117878.32235097,-0.432
46.196568071977,-72.9763775146433,84,94,656136.657941563,5117878.32235098,-0.448
46.1965221694366,-72.9737870415377,84,95,656336.657941568,5117878.32235099,-0.447
46.1964762082327,-72.9711965747404,84,96,656536.657941569,5117878.32235101,-0.472
46.1964301883656,-72.9686061142596,84,97,656736.657941569,5117878.32235102,-0.435
46.1963841098356,-72.9660156601031,84,98,656936.657941568,5117878.32235104,-0.408
46.1963379726431,-72.9634252122791,84,99,657136.65794157,5117878.32235105,-0.445
46.1962917767884,-72.9608347707955,84,100,657336.657941571,5117878.32235107,-0.531
46.1962455222721,-72.9582443356605,84,101,657536.65794157,5117878.32235108,-0.662
46.1961992090943,-72.955653906882,84,102,657736.657941571,5117878.3223511,-0.797
46.1961528372556,-72.9530634844681,84,103,657936.65794157,5117878.32235111,-0.907
46.1961064067562,-72.9504730684269,84,104,658136.657941571,5117878.32235113,-1
46.1960599175966,-72.9478826587663,84,105,658336.65794157,5117878.32235114,-1.038
46.1960133697771,-72.9452922554945,84,106,658536.657941573,5117878.32235115,-0.983
46.1959667632981,-72.9427018586193,84,107,658736.657941573,5117878.32235117,-0.885
46.19592009816,-72.940111468149,84,108,658936.657941574,5117878.32235118,-0.922
46.1958733743631,-72.9375210840915,84,109,659136.657941574,5117878.3223512,-1.002
46.1958265919078,-72.9349307064548,84,110,659336.657941574,5117878.32235121,-1.306
46.1957797507946,-72.932340335247,84,111,659536.657941578,5117878.32235123,-1.717
46.1957328510237,-72.9297499704761,84,112,659736.657941577,5117878.32235124,-1.685
46.1956858925956,-72.9271596121502,84,113,659936.657941574,5117878.32235125,-1.433
46.1956388755107,-72.9245692602772,84,114,660136.657941578,5117878.32235127,-1.547
46.1955917997692,-72.9219789148653,84,115,660336.657941579,5117878.32235128,-1.92
46.1955446653717,-72.9193885759225,84,116,660536.657941579,5117878.3223513,-2.325
46.1954974723184,-72.9167982434568,84,117,660736.657941579,5117878.32235131,-2.682
46.1954502206098,-72.9142079174761,84,118,660936.65794158,5117878.32235133,-3.027
46.1954029102462,-72.9116175979887,84,119,661136.657941581,5117878.32235134,-3.071
46.195355541228,-72.9090272850025,84,120,661336.657941582,5117878.32235135,-3.09
46.1953081135557,-72.9064369785255,84,121,661536.657941582,5117878.32235137,-3.235
46.1952606272295,-72.9038466785658,84,122,661736.657941581,5117878.32235138,-3.063
46.1952130822499,-72.9012563851314,84,123,661936.657941583,5117878.3223514,-2.815
46.1951654786173,-72.8986660982303,84,124,662136.657941582,5117878.32235141,-2.598
46.1951178163319,-72.8960758178706,84,125,662336.657941583,5117878.32235143,-2.334
46.1950700953943,-72.8934855440603,84,126,662536.657941585,5117878.32235144,-2.47
46.1950223158048,-72.8908952768075,84,127,662736.657941583,5117878.32235146,-3.692
46.1949744775638,-72.8883050161201,84,128,662936.657941586,5117878.32235147,-9.668
46.1949265806717,-72.8857147620063,84,129,663136.657941587,5117878.32235149,-14.058
46.1948786251288,-72.8831245144739,84,130,663336.657941588,5117878.3223515,-14.328
46.1948306109356,-72.8805342735312,84,131,663536.657941587,5117878.32235151,-14.688
46.1947825380924,-72.8779440391861,84,132,663736.657941587,5117878.32235153,-14.658
46.1947344065997,-72.8753538114466,84,133,663936.657941589,5117878.32235154,-14.648
46.1946862164577,-72.8727635903209,84,134,664136.657941587,5117878.32235156,-14.208
46.1946379676669,-72.8701733758168,84,135,664336.657941589,5117878.32235157,-13.488
46.1945896602278,-72.8675831679424,84,136,664536.657941591,5117878.32235159,-3.623
46.1945412941406,-72.8649929667059,84,137,664736.657941591,5117878.3223516,-3.388
46.1944928694057,-72.8624027721151,84,138,664936.65794159,5117878.32235162,-3.086
46.1944443860237,-72.8598125841782,84,139,665136.65794159,5117878.32235163,-2.813
46.1943958439947,-72.8572224029032,84,140,665336.657941591,5117878.32235164,-2.304
46.1943472433194,-72.8546322282981,84,141,665536.657941592,5117878.32235166,-1.744
46.1942985839979,-72.8520420603709,84,142,665736.657941593,5117878.32235167,-2.987
46.1942498660308,-72.8494518991296,84,143,665936.657941593,5117878.32235169,-3.065
46.1942010894184,-72.8468617445824,84,144,666136.657941595,5117878.3223517,-2.982
46.1941522541611,-72.8442715967372,84,145,666336.657941594,5117878.32235172,-3.169
46.1941033602593,-72.8416814556021,84,146,666536.657941594,5117878.32235173,-3.269
46.1940544077133,-72.8390913211851,84,147,666736.657941599,5117878.32235175,-3.436
46.1940053965237,-72.8365011934942,84,148,666936.657941598,5117878.32235176,-3.332
46.1939563266908,-72.8339110725374,84,149,667136.657941601,5117878.32235178,-3.361
46.193907198215,-72.8313209583229,84,150,667336.657941597,5117878.32235179,-3.495
46.1938580110966,-72.8287308508586,84,151,667536.657941602,5117878.3223518,-3.556
46.1938087653361,-72.8261407501525,84,152,667736.6579416,5117878.32235182,-3.517
46.1937594609339,-72.8235506562127,84,153,667936.657941601,5117878.32235183,-3.535
46.1937100978904,-72.8209605690472,84,154,668136.657941601,5117878.32235185,-3.399
46.1936606762059,-72.8183704886641,84,155,668336.657941603,5117878.32235186,-3.369
46.1936111958809,-72.8157804150713,84,156,668536.657941602,5117878.32235188,-3.475
46.1935616569157,-72.8131903482769,84,157,668736.657941606,5117878.32235189,-3.422
46.1935120593108,-72.810600288289,84,158,668936.657941605,5117878.32235191,-3.514
46.1934624030666,-72.8080102351155,84,159,669136.657941607,5117878.32235192,-3.424
46.1934126881835,-72.8054201887645,84,160,669336.657941606,5117878.32235194,-3.495
46.1933629146618,-72.802830149244,84,161,669536.657941607,5117878.32235195,-3.543
46.1933130825019,-72.8002401165621,84,162,669736.657941608,5117878.32235197,-3.565
46.1932631917044,-72.7976500907268,84,163,669936.657941608,5117878.32235198,-3.502
46.1932132422695,-72.7950600717461,84,164,670136.65794161,5117878.32235199,-3.436
46.1931632341977,-72.792470059628,84,165,670336.65794161,5117878.32235201,-3.395
46.1931131674893,-72.7898800543805,84,166,670536.65794161,5117878.32235202,-3.549
46.1930630421449,-72.7872900560118,84,167,670736.65794161,5117878.32235203,-3.663
46.1930128581647,-72.7847000645298,84,168,670936.657941612,5117878.32235205,-3.321
46.1929626155492,-72.7821100799426,84,169,671136.657941612,5117878.32235207,-2.792
46.1929123142988,-72.7795201022581,84,170,671336.657941613,5117878.32235208,-2.449
46.1928619544139,-72.7769301314844,84,171,671536.657941614,5117878.3223521,-2.254
46.1928115358949,-72.7743401676296,84,172,671736.657941614,5117878.32235211,-2.035
46.1927610587423,-72.7717502107016,84,173,671936.657941615,5117878.32235212,-1.954
46.1927105229563,-72.7691602607086,84,174,672136.657941617,5117878.32235214,-2
46.1926599285375,-72.7665703176584,84,175,672336.657941615,5117878.32235215,-2.007
46.1926092754862,-72.7639803815592,84,176,672536.657941616,5117878.32235217,-1.927
46.1925585638028,-72.761390452419,84,177,672736.657941618,5117878.32235218,-1.847
46.1925077934878,-72.7588005302457,84,178,672936.657941618,5117878.3223522,-1.773
46.1924569645415,-72.7562106150475,84,179,673136.65794162,5117878.32235221,-1.669
46.1924060769644,-72.7536207068324,84,180,673336.657941618,5117878.32235223,-1.546
46.1923551307569,-72.7510308056083,84,181,673536.657941621,5117878.32235224,-1.522
46.1923041259194,-72.7484409113834,84,182,673736.65794162,5117878.32235225,-1.515
46.1922530624523,-72.7458510241655,84,183,673936.657941623,5117878.32235227,-1.566
46.192201940356,-72.7432611439629,84,184,674136.65794162,5117878.32235228,-1.519
46.1921507596309,-72.7406712707834,84,185,674336.657941622,5117878.3223523,-1.439
46.1920995202775,-72.7380814046351,84,186,674536.657941624,5117878.32235231,-1.402
46.1920482222961,-72.7354915455261,84,187,674736.657941625,5117878.32235233,-1.38
46.1919968656871,-72.7329016934644,84,188,674936.657941623,5117878.32235234,-1.345
46.1919454504511,-72.7303118484579,84,189,675136.657941627,5117878.32235236,-1.199
46.1918939765883,-72.7277220105148,84,190,675336.657941625,5117878.32235237,-1.277
46.1918424440993,-72.725132179643,84,191,675536.657941626,5117878.32235239,-1.284
46.1917908529843,-72.7225423558505,84,192,675736.657941627,5117878.3223524,-1.15
46.1917392032439,-72.7199525391455,84,193,675936.657941629,5117878.32235241,-0.881
46.1916874948785,-72.7173627295359,84,194,676136.657941628,5117878.32235243,-0.764
46.1916357278884,-72.7147729270297,84,195,676336.65794163,5117878.32235244,-0.836
46.1915839022741,-72.7121831316349,84,196,676536.657941631,5117878.32235246,-0.825
46.1915320180361,-72.7095933433597,84,197,676736.657941631,5117878.32235247,-0.776
46.1914800751746,-72.707003562212,84,198,676936.657941633,5117878.32235249,-0.736
46.1914280736902,-72.7044137881998,84,199,677136.657941631,5117878.3223525,-0.751
46.1913760135833,-72.7018240213312,84,200,677336.657941632,5117878.32235252,-0.834
46.1913238948542,-72.6992342616142,84,201,677536.657941635,5117878.32235253,-0.817
46.1912717175034,-72.6966445090568,84,202,677736.657941634,5117878.32235254,-0.706
46.1912194815314,-72.694054763667,84,203,677936.657941637,5117878.32235256,-0.27
46.1911671869385,-72.6914650254529,84,204,678136.657941637,5117878.32235257,-0.508
46.1911148337251,-72.6888752944225,84,205,678336.657941637,5117878.32235259,-0.579
46.1910624218918,-72.6862855705838,84,206,678536.657941637,5117878.3223526,-0.669
46.1910099514388,-72.6836958539448,84,207,678736.657941638,5117878.32235262,-0.578
46.1909574223667,-72.6811061445135,84,208,678936.65794164,5117878.32235263,-0.624
46.1909048346759,-72.6785164422981,84,209,679136.657941641,5117878.32235265,-0.579
46.1908521883667,-72.6759267473064,84,210,679336.657941639,5117878.32235266,-0.411
46.1907994834396,-72.6733370595466,84,211,679536.657941642,5117878.32235267,-0.058
46.1907467198951,-72.6707473790266,84,212,679736.657941643,5117878.32235269,-0.109
46.1906938977335,-72.6681577057544,84,213,679936.657941642,5117878.3223527,-0.179
46.1906410169552,-72.6655680397382,84,214,680136.657941645,5117878.32235272,-0.199
46.1951342748357,-72.9971669066967,85,86,654536.657941577,5117678.32235086,-0.26
46.1950888444537,-72.9945764678388,85,87,654736.657941576,5117678.32235088,-0.395
46.1950433554088,-72.9919860352242,85,88,654936.657941577,5117678.32235089,-0.407
46.1949978077013,-72.9893956088609,85,89,655136.657941577,5117678.32235091,-0.411
46.1949522013317,-72.986805188757,85,90,655336.657941579,5117678.32235092,-0.403
46.1949065363003,-72.9842147749204,85,91,655536.657941579,5117678.32235093,-0.398
46.1948608126075,-72.9816243673593,85,92,655736.657941578,5117678.32235095,-0.422
46.1948150302536,-72.9790339660817,85,93,655936.657941578,5117678.32235096,-0.429
46.194769189239,-72.9764435710956,85,94,656136.65794158,5117678.32235098,-0.432
46.1947232895642,-72.973853182409,85,95,656336.657941579,5117678.32235099,-0.453
46.1946773312293,-72.9712628000301,85,96,656536.657941583,5117678.32235101,-0.459
46.1946313142349,-72.9686724239667,85,97,656736.657941579,5117678.32235102,-0.407
46.1945852385813,-72.966082054227,85,98,656936.657941584,5117678.32235104,-0.365
46.1945391042688,-72.963491690819,85,99,657136.657941581,5117678.32235105,-0.401
46.1944929112979,-72.9609013337508,85,100,657336.657941582,5117678.32235107,-0.474
46.1944466596689,-72.9583109830303,85,101,657536.657941582,5117678.32235108,-0.547
46.1944003493822,-72.9557206386656,85,102,657736.657941585,5117678.32235109,-0.685
46.1943539804382,-72.9531303006647,85,103,657936.657941588,5117678.32235111,-0.793
46.1943075528371,-72.9505399690358,85,104,658136.657941588,5117678.32235112,-0.894
46.1942610665795,-72.9479496437867,85,105,658336.657941586,5117678.32235114,-0.799
46.1942145216656,-72.9453593249256,85,106,658536.657941586,5117678.32235115,-0.636
46.194167918096,-72.9427690124605,85,107,658736.657941587,5117678.32235117,-0.657
46.1941212558708,-72.9401787063994,85,108,658936.657941589,5117678.32235118,-0.792
46.1940745349905,-72.9375884067503,85,109,659136.657941588,5117678.3223512,-0.936
46.1940277554556,-72.9349981135213,85,110,659336.657941591,5117678.32235121,-1.272
46.1939809172663,-72.9324078267205,85,111,659536.657941589,5117678.32235122,-1.717
46.193934020423,-72.9298175463558,85,112,659736.65794159,5117678.32235124,-1.75
46.1938870649261,-72.9272272724354,85,113,659936.65794159,5117678.32235125,-1.689
46.1938400507761,-72.9246370049671,85,114,660136.657941593,5117678.32235127,-1.997
46.1937929779732,-72.9220467439591,85,115,660336.657941593,5117678.32235128,-2.422
46.1937458465179,-72.9194564894194,85,116,660536.657941594,5117678.3223513,-2.795
46.1936986564105,-72.9168662413561,85,117,660736.657941593,5117678.32235131,-2.972
46.1936514076514,-72.9142759997771,85,118,660936.657941592,5117678.32235133,-3.057
46.193604100241,-72.9116857646905,85,119,661136.657941594,5117678.32235134,-3.147
46.1935567341797,-72.9090955361043,85,120,661336.657941596,5117678.32235136,-3.164
46.1935093094678,-72.9065053140266,85,121,661536.657941597,5117678.32235137,-2.82
46.1934618261058,-72.9039150984655,85,122,661736.657941596,5117678.32235138,-2.556
46.193414284094,-72.9013248894288,85,123,661936.657941597,5117678.3223514,-2.617
46.1933666834329,-72.8987346869247,85,124,662136.657941599,5117678.32235141,-2.544
46.1933190241227,-72.8961444909613,85,125,662336.657941598,5117678.32235143,-2.934
46.1932713061638,-72.8935543015464,85,126,662536.657941596,5117678.32235144,-11.698
46.1932235295568,-72.8909641186883,85,127,662736.657941599,5117678.32235146,-14.618
46.1931756943019,-72.8883739423948,85,128,662936.657941599,5117678.32235147,-14.948
46.1931278003995,-72.885783772674,85,129,663136.657941603,5117678.32235149,-14.418
46.19307984785,-72.8831936095341,85,130,663336.6579416,5117678.3223515,-14.408
46.1930318366539,-72.8806034529829,85,131,663536.657941602,5117678.32235152,-14.348
46.1929837668114,-72.8780133030286,85,132,663736.6579416,5117678.32235153,-11.788
46.192935638323,-72.8754231596791,85,133,663936.657941602,5117678.32235154,-4.663
46.1928874511891,-72.8728330229425,85,134,664136.657941603,5117678.32235156,-3.198
46.19283920541,-72.8702428928269,85,135,664336.657941603,5117678.32235157,-3.051
46.1927909009861,-72.8676527693402,85,136,664536.657941604,5117678.32235159,-2.587
46.1927425379179,-72.8650626524905,85,137,664736.657941607,5117678.3223516,-2.353
46.1926941162058,-72.8624725422858,85,138,664936.657941606,5117678.32235162,-2.427
46.19264563585,-72.8598824387342,85,139,665136.657941608,5117678.32235163,-2.574
46.192597096851,-72.8572923418436,85,140,665336.657941609,5117678.32235164,-2.915
46.1925484992093,-72.8547022516222,85,141,665536.657941609,5117678.32235166,-3.172
46.1924998429251,-72.8521121680779,85,142,665736.65794161,5117678.32235167,-3.036
46.1924511279989,-72.8495220912188,85,143,665936.657941608,5117678.32235169,-3.173
46.192402354431,-72.846932021053,85,144,666136.65794161,5117678.3223517,-3.224
46.192353522222,-72.8443419575883,85,145,666336.657941611,5117678.32235172,-3.31
46.1923046313721,-72.8417519008329,85,146,666536.65794161,5117678.32235173,-3.246
46.1922556818817,-72.8391618507949,85,147,666736.657941611,5117678.32235175,-3.292
46.1922066737513,-72.8365718074821,85,148,666936.657941613,5117678.32235176,-3.35
46.1921576069812,-72.8339817709027,85,149,667136.657941614,5117678.32235178,-3.339
46.1921084815719,-72.8313917410648,85,150,667336.657941611,5117678.32235179,-3.402
46.1920592975237,-72.8288017179762,85,151,667536.657941615,5117678.3223518,-3.399
46.192010054837,-72.8262117016451,85,152,667736.657941616,5117678.32235182,-3.476
46.1919607535123,-72.8236216920795,85,153,667936.657941617,5117678.32235183,-3.46
46.1919113935499,-72.8210316892873,85,154,668136.657941615,5117678.32235185,-3.434
46.1918619749502,-72.8184416932767,85,155,668336.657941619,5117678.32235186,-3.406
46.1918124977136,-72.8158517040557,85,156,668536.657941617,5117678.32235188,-3.401
46.1917629618406,-72.8132617216323,85,157,668736.657941617,5117678.32235189,-3.329
46.1917133673314,-72.8106717460145,85,158,668936.657941617,5117678.3223519,-3.239
46.1916637141866,-72.8080817772104,85,159,669136.65794162,5117678.32235192,-3.304
46.1916140024065,-72.8054918152279,85,160,669336.657941621,5117678.32235193,-3.421
46.1915642319915,-72.8029018600752,85,161,669536.65794162,5117678.32235195,-3.559
46.1915144029421,-72.8003119117602,85,162,669736.657941624,5117678.32235197,-3.479
46.1914645152585,-72.797721970291,85,163,669936.657941623,5117678.32235198,-3.437
46.1914145689413,-72.7951320356756,85,164,670136.657941621,5117678.32235199,-3.416
46.1913645639909,-72.792542107922,85,165,670336.657941624,5117678.32235201,-3.416
46.1913145004075,-72.7899521870382,85,166,670536.657941624,5117678.32235202,-3.441
46.1912643781917,-72.7873622730323,85,167,670736.657941624,5117678.32235203,-3.341
46.1912141973438,-72.7847723659124,85,168,670936.657941626,5117678.32235205,-2.866
46.1911639578643,-72.7821824656864,85,169,671136.657941626,5117678.32235206,-2.492
46.1911136597535,-72.7795925723623,85,170,671336.657941626,5117678.32235208,-2.237
46.1910633030118,-72.7770026859482,85,171,671536.657941626,5117678.32235209,-2.112
46.1910128876397,-72.7744128064522,85,172,671736.657941628,5117678.32235211,-2.05
46.1909624136376,-72.7718229338822,85,173,671936.657941628,5117678.32235212,-2.014
46.1909118810059,-72.7692330682462,85,174,672136.657941629,5117678.32235214,-2.001
46.1908612897449,-72.7666432095524,85,175,672336.657941628,5117678.32235215,-1.895
46.1908106398551,-72.7640533578087,85,176,672536.65794163,5117678.32235217,-1.733
46.1907599313369,-72.7614635130231,85,177,672736.657941632,5117678.32235218,-1.574
46.1907091641908,-72.7588736752038,85,178,672936.657941631,5117678.3223522,-1.509
46.190658338417,-72.7562838443586,85,179,673136.657941632,5117678.32235221,-1.546
46.190607454016,-72.7536940204956,85,180,673336.657941635,5117678.32235222,-1.67
46.1905565109883,-72.7511042036229,85,181,673536.657941635,5117678.32235224,-1.542
46.1905055093343,-72.7485143937485,85,182,673736.657941634,5117678.32235225,-1.47
46.1904544490543,-72.7459245908804,85,183,673936.657941635,5117678.32235227,-1.465
46.1904033301487,-72.7433347950266,85,184,674136.657941637,5117678.32235228,-1.359
46.190352152618,-72.7407450061952,85,185,674336.657941635,5117678.3223523,-1.348
46.1903009164626,-72.7381552243942,85,186,674536.657941636,5117678.32235231,-1.334
46.190249621683,-72.7355654496315,85,187,674736.657941638,5117678.32235233,-1.327
46.1901982682794,-72.7329756819153,85,188,674936.65794164,5117678.32235234,-1.289
46.1901468562524,-72.7303859212536,85,189,675136.657941641,5117678.32235235,-1.153
46.1900953856023,-72.7277961676543,85,190,675336.65794164,5117678.32235237,-1.167
46.1900438563295,-72.7252064211256,85,191,675536.657941639,5117678.32235238,-0.991
46.1899922684346,-72.7226166816754,85,192,675736.657941642,5117678.3223524,-0.78
46.1899406219178,-72.7200269493117,85,193,675936.657941642,5117678.32235241,-0.667
46.1898889167797,-72.7174372240426,85,194,676136.657941643,5117678.32235243,-0.735
46.1898371530205,-72.7148475058761,85,195,676336.657941643,5117678.32235244,-0.752
46.1897853306408,-72.7122577948203,85,196,676536.657941645,5117678.32235246,-0.699
46.189733449641,-72.709668090883,85,197,676736.657941644,5117678.32235247,-0.648
46.1896815100214,-72.7070783940725,85,198,676936.657941646,5117678.32235248,-0.669
46.1896295117826,-72.7044887043967,85,199,677136.657941646,5117678.3223525,-0.725
46.1895774549248,-72.7018990218635,85,200,677336.657941647,5117678.32235251,-0.768
46.1895253394486,-72.6993093464812,85,201,677536.657941647,5117678.32235253,-0.769
46.1894731653544,-72.6967196782576,85,202,677736.657941649,5117678.32235254,-0.689
46.1894209326425,-72.6941300172007,85,203,677936.657941651,5117678.32235256,-0.653
46.1893686413134,-72.6915403633187,85,204,678136.657941653,5117678.32235257,-0.28
46.1893162913675,-72.6889507166195,85,205,678336.657941652,5117678.32235259,-0.153
46.1892638828053,-72.6863610771112,85,206,678536.657941651,5117678.3223526,-0.428
46.1892114156271,-72.6837714448017,85,207,678736.657941653,5117678.32235262,-0.287
46.1891588898334,-72.6811818196992,85,208,678936.657941653,5117678.32235263,-0.364
46.1891063054246,-72.6785922018116,85,209,679136.657941656,5117678.32235264,-0.348
46.1890536624012,-72.6760025911469,85,210,679336.657941654,5117678.32235266,-0.268
46.1933807375522,-72.9998226422104,86,85,654336.657941589,5117478.32235085,-0.201
46.1933353686658,-72.9972322815349,86,86,654536.657941591,5117478.32235086,-0.372
46.1932899411197,-72.9946419270939,86,87,654736.657941591,5117478.32235088,-0.4
46.1932444549144,-72.9920515788955,86,88,654936.657941591,5117478.32235089,-0.43
46.1931989100503,-72.9894612369476,86,89,655136.657941591,5117478.32235091,-0.393
46.1931533065276,-72.9868709012584,86,90,655336.657941592,5117478.32235092,-0.441
46.1931076443469,-72.9842805718358,86,91,655536.657941593,5117478.32235094,-0.354
46.1930619235083,-72.9816902486879,86,92,655736.657941593,5117478.32235095,-0.28
46.1930161440123,-72.9790999318228,86,93,655936.657941593,5117478.32235097,-0.313
46.1929703058594,-72.9765096212484,86,94,656136.657941596,5117478.32235098,-0.43
46.1929244090497,-72.9739193169728,86,95,656336.657941597,5117478.32235099,-0.422
46.1928784535838,-72.9713290190041,86,96,656536.657941596,5117478.32235101,-0.428
46.1928324394619,-72.9687387273502,86,97,656736.657941594,5117478.32235102,-0.419
46.1927863666845,-72.9661484420193,86,98,656936.657941597,5117478.32235104,-0.376
46.1927402352519,-72.9635581630193,86,99,657136.657941597,5117478.32235105,-0.363
46.1926940451646,-72.9609678903582,86,100,657336.657941598,5117478.32235107,-0.414
46.1926477964227,-72.9583776240442,86,101,657536.6579416,5117478.32235108,-0.454
46.1926014890268,-72.9557873640853,86,102,657736.657941601,5117478.3223511,-0.503
46.1925551229773,-72.9531971104894,86,103,657936.657941602,5117478.32235111,-0.645
46.1925086982744,-72.9506068632647,86,104,658136.657941598,5117478.32235112,-0.65
46.1924622149186,-72.9480166224191,86,105,658336.657941601,5117478.32235114,-0.492
46.1924156729102,-72.9454263879607,86,106,658536.657941602,5117478.32235115,-0.45
46.1923690722496,-72.9428361598976,86,107,658736.657941601,5117478.32235117,-0.657
46.1923224129373,-72.9402459382377,86,108,658936.657941605,5117478.32235118,-0.934
46.1922756949734,-72.9376557229891,86,109,659136.657941602,5117478.3223512,-1.146
46.1922289183586,-72.9350655141598,86,110,659336.657941603,5117478.32235121,-1.341
46.192182083093,-72.9324753117579,86,111,659536.657941604,5117478.32235123,-1.579
46.1921351891771,-72.9298851157914,86,112,659736.657941605,5117478.32235124,-1.801
46.1920882366113,-72.9272949262683,86,113,659936.657941604,5117478.32235125,-2.268
46.192041225396,-72.9247047431967,86,114,660136.657941605,5117478.32235127,-2.692
46.1919941555315,-72.9221145665846,86,115,660336.657941605,5117478.32235128,-2.952
46.1919470270182,-72.91952439644,86,116,660536.657941609,5117478.3223513,-3.124
46.1918998398565,-72.916934232771,86,117,660736.657941606,5117478.32235131,-3.175
46.1918525940467,-72.9143440755856,86,118,660936.657941608,5117478.32235133,-3.182
46.1918052895893,-72.9117539248918,86,119,661136.657941608,5117478.32235134,-3.244
46.1917579264847,-72.9091637806977,86,120,661336.657941612,5117478.32235136,-2.661
46.1917105047331,-72.9065736430113,86,121,661536.65794161,5117478.32235137,-2.371
46.1916630243351,-72.9039835118406,86,122,661736.657941609,5117478.32235138,-2.462
46.1916154852909,-72.9013933871937,86,123,661936.65794161,5117478.3223514,-2.794
46.191567887601,-72.8988032690786,86,124,662136.657941611,5117478.32235141,-9.518
46.1915202312658,-72.8962131575033,86,125,662336.657941612,5117478.32235143,-14.188
46.1914725162855,-72.8936230524759,86,126,662536.657941612,5117478.32235144,-14.388
46.1914247426607,-72.8910329540043,86,127,662736.657941615,5117478.32235146,-14.828
46.1913769103917,-72.8884428620967,86,128,662936.657941615,5117478.32235147,-14.268
46.1913290194789,-72.8858527767611,86,129,663136.657941617,5117478.32235149,-14.038
46.1912810699226,-72.8832626980054,86,130,663336.657941615,5117478.3223515,-8.098
46.1912330617233,-72.8806726258377,86,131,663536.657941616,5117478.32235152,-2.627
46.1911849948814,-72.8780825602662,86,132,663736.657941617,5117478.32235153,-2.417
46.1911368693971,-72.8754925012986,86,133,663936.657941616,5117478.32235154,-2.53
46.191088685271,-72.8729024489432,86,134,664136.657941617,5117478.32235156,-2.359
46.1910404425034,-72.870312403208,86,135,664336.657941619,5117478.32235157,-2.427
46.1909921410948,-72.8677223641009,86,136,664536.657941621,5117478.32235159,-2.185
46.1909437810454,-72.86513233163,86,137,664736.657941618,5117478.3223516,-2.624
46.1908953623556,-72.8625423058034,86,138,664936.657941621,5117478.32235162,-2.934
46.190846885026,-72.859952286629,86,139,665136.657941623,5117478.32235163,-2.989
46.1907983490568,-72.857362274115,86,140,665336.657941621,5117478.32235165,-3.184
46.1907497544484,-72.8547722682692,86,141,665536.657941624,5117478.32235166,-3.115
46.1907011012013,-72.8521822690998,86,142,665736.657941622,5117478.32235168,-3.102
46.1906523893159,-72.8495922766148,86,143,665936.657941623,5117478.32235169,-3.246
46.1906036187924,-72.8470022908222,86,144,666136.657941625,5117478.3223517,-3.226
46.1905547896314,-72.8444123117301,86,145,666336.657941624,5117478.32235172,-3.207
46.1905059018332,-72.8418223393465,86,146,666536.657941628,5117478.32235173,-3.227
46.1904569553981,-72.8392323736793,86,147,666736.657941626,5117478.32235175,-3.286
46.1904079503267,-72.8366424147367,86,148,666936.657941627,5117478.32235176,-3.322
46.1903588866193,-72.8340524625266,86,149,667136.657941629,5117478.32235177,-3.374
46.1903097642763,-72.8314625170572,86,150,667336.657941628,5117478.32235179,-3.45
46.1902605832981,-72.8288725783364,86,151,667536.65794163,5117478.3223518,-3.428
46.190211343685,-72.8262826463722,86,152,667736.657941631,5117478.32235182,-3.341
46.1901620454376,-72.8236927211727,86,153,667936.65794163,5117478.32235183,-3.387
46.1901126885561,-72.8211028027459,86,154,668136.657941629,5117478.32235185,-3.409
46.190063273041,-72.8185128910999,86,155,668336.657941629,5117478.32235186,-3.404
46.1900137988927,-72.8159229862426,86,156,668536.657941631,5117478.32235188,-3.314
46.1899642661115,-72.8133330881821,86,157,668736.657941632,5117478.32235189,-3.151
46.1899146746979,-72.8107431969264,86,158,668936.657941633,5117478.32235191,-3.01
46.1898650246523,-72.8081533124836,86,159,669136.657941634,5117478.32235192,-3.243
46.1898153159751,-72.8055634348617,86,160,669336.657941635,5117478.32235194,-3.422
46.1897655486666,-72.8029735640686,86,161,669536.657941633,5117478.32235195,-3.412
46.1897157227273,-72.8003837001125,86,162,669736.657941636,5117478.32235196,-3.387
46.1896658381576,-72.7977938430014,86,163,669936.657941636,5117478.32235198,-3.341
46.1896158949579,-72.7952039927432,86,164,670136.657941638,5117478.32235199,-3.314
46.1895658931285,-72.7926141493461,86,165,670336.657941638,5117478.32235201,-3.368
46.1895158326699,-72.790024312818,86,166,670536.657941638,5117478.32235202,-3.326
46.1894657135826,-72.7874344831669,86,167,670736.657941639,5117478.32235204,-3.017
46.1894155358668,-72.784844660401,86,168,670936.657941642,5117478.32235205,-2.604
46.189365299523,-72.7822548445282,86,169,671136.657941638,5117478.32235207,-2.351
46.1893150045516,-72.7796650355565,86,170,671336.657941643,5117478.32235208,-2.224
46.189264650953,-72.777075233494,86,171,671536.65794164,5117478.32235209,-2.125
46.1892142387276,-72.7744854383487,86,172,671736.657941642,5117478.32235211,-2.115
46.1891637678759,-72.7718956501286,86,173,671936.657941641,5117478.32235212,-2.024
46.1891132383981,-72.7693058688418,86,174,672136.657941645,5117478.32235214,-1.851
46.1890626502948,-72.7667160944963,86,175,672336.657941643,5117478.32235215,-1.739
46.1890120035664,-72.7641263271,86,176,672536.657941646,5117478.32235217,-1.559
46.1889612982132,-72.7615365666611,86,177,672736.657941646,5117478.32235218,-1.424
46.1889105342356,-72.7589468131876,86,178,672936.657941645,5117478.3223522,-1.424
46.1888597116341,-72.7563570666874,86,179,673136.657941647,5117478.32235221,-1.53
46.1888088304091,-72.7537673271686,86,180,673336.657941648,5117478.32235222,-1.569
46.188757890561,-72.7511775946393,86,181,673536.65794165,5117478.32235224,-1.456
46.1887068920901,-72.7485878691074,86,182,673736.657941649,5117478.32235226,-1.314
46.188655834997,-72.7459981505809,86,183,673936.65794165,5117478.32235227,-1.324
46.188604719282,-72.743408439068,86,184,674136.657941651,5117478.32235228,-1.165
46.1885535449455,-72.7408187345766,86,185,674336.657941654,5117478.3223523,-1.312
46.188502311988,-72.7382290371148,86,186,674536.65794165,5117478.32235231,-1.276
46.1884510204098,-72.7356393466905,86,187,674736.657941651,5117478.32235233,-1.26
46.1883996702114,-72.7330496633119,86,188,674936.657941654,5117478.32235234,-1.133
46.1883482613932,-72.7304599869868,86,189,675136.657941654,5117478.32235236,-0.853
46.1882967939556,-72.7278703177234,86,190,675336.657941655,5117478.32235237,-0.813
46.188245267899,-72.7252806555297,86,191,675536.657941658,5117478.32235239,-0.761
46.1881936832238,-72.7226910004137,86,192,675736.657941658,5117478.3223524,-0.713
46.1881420399304,-72.7201013523834,86,193,675936.657941655,5117478.32235241,-0.633
46.1880903380194,-72.7175117114468,86,194,676136.657941658,5117478.32235243,-0.735
46.188038577491,-72.714922077612,86,195,676336.657941658,5117478.32235244,-0.662
46.1879867583456,-72.7123324508869,86,196,676536.657941659,5117478.32235246,-0.62
46.1879348805839,-72.7097428312797,86,197,676736.657941661,5117478.32235247,-0.616
46.187882944206,-72.7071532187983,86,198,676936.657941661,5117478.32235249,-0.644
46.1878309492125,-72.7045636134508,86,199,677136.657941661,5117478.3223525,-0.685
46.1877788956037,-72.7019740152451,86,200,677336.657941663,5117478.32235251,-0.694
46.1877267833801,-72.6993844241893,86,201,677536.657941661,5117478.32235253,-0.702
46.1876746125422,-72.6967948402915,86,202,677736.657941663,5117478.32235254,-0.691
46.1876223830902,-72.6942052635596,86,203,677936.657941663,5117478.32235256,-0.383
46.1875700950247,-72.6916156940016,86,204,678136.657941667,5117478.32235257,-0.189
46.1916271353078,-73.0024782088961,87,84,654136.657941605,5117278.32235084,-0.059
46.1915818279098,-72.9998879264045,87,85,654336.657941603,5117278.32235085,-0.239
46.1915364618555,-72.9972976501386,87,86,654536.657941604,5117278.32235087,-0.354
46.1914910371453,-72.9947073801064,87,87,654736.657941605,5117278.32235088,-0.396
46.1914455537795,-72.9921171163162,87,88,654936.657941604,5117278.32235089,-0.424
46.1914000117584,-72.9895268587757,87,89,655136.657941605,5117278.32235091,-0.375
46.1913544110825,-72.9869366074931,87,90,655336.657941605,5117278.32235092,-0.299
46.1913087517522,-72.9843463624765,87,91,655536.657941606,5117278.32235094,-0.2
46.1912630337677,-72.9817561237338,87,92,655736.657941609,5117278.32235095,-0.211
46.1912172571295,-72.9791658912731,87,93,655936.657941608,5117278.32235096,-0.412
46.1911714218379,-72.9765756651024,87,94,656136.657941608,5117278.32235098,-0.399
46.1911255278933,-72.9739854452298,87,95,656336.657941608,5117278.32235099,-0.399
46.1910795752961,-72.9713952316632,87,96,656536.657941612,5117278.32235101,-0.389
46.1910335640466,-72.9688050244108,87,97,656736.657941611,5117278.32235102,-0.409
46.1909874941452,-72.9662148234806,87,98,656936.657941612,5117278.32235104,-0.392
46.1909413655923,-72.9636246288805,87,99,657136.657941612,5117278.32235105,-0.391
46.1908951783883,-72.9610344406187,87,100,657336.657941614,5117278.32235107,-0.403
46.1908489325334,-72.9584442587032,87,101,657536.657941613,5117278.32235108,-0.415
46.1908026280282,-72.9558540831419,87,102,657736.657941613,5117278.32235109,-0.448
46.190756264873,-72.953263913943,87,103,657936.657941614,5117278.32235111,-0.566
46.190709843068,-72.9506737511145,87,104,658136.657941614,5117278.32235112,-0.474
46.1906633626139,-72.9480835946643,87,105,658336.657941614,5117278.32235114,-0.445
46.1906168235107,-72.9454934446006,87,106,658536.657941616,5117278.32235115,-0.665
46.1905702257591,-72.9429033009314,87,107,658736.657941617,5117278.32235117,-0.967
46.1905235693593,-72.9403131636647,87,108,658936.65794162,5117278.32235118,-1.315
46.1904768543117,-72.9377230328085,87,109,659136.657941619,5117278.3223512,-1.394
46.1904300806168,-72.9351329083709,87,110,659336.657941616,5117278.32235121,-1.602
46.1903832482748,-72.9325427903599,87,111,659536.657941616,5117278.32235123,-1.74
46.1903363572861,-72.9299526787835,87,112,659736.657941621,5117278.32235124,-2.326
46.1902894076512,-72.9273625736498,87,113,659936.657941619,5117278.32235126,-2.915
46.1902423993704,-72.9247724749668,87,114,660136.657941621,5117278.32235127,-3.152
46.190195332444,-72.9221823827425,87,115,660336.657941623,5117278.32235128,-3.47
46.1901482068726,-72.9195922969851,87,116,660536.657941619,5117278.3223513,-3.384
46.1901010226564,-72.9170022177024,87,117,660736.657941624,5117278.32235131,-3.272
46.1900537797958,-72.9144121449025,87,118,660936.657941624,5117278.32235133,-3.252
46.1900064782912,-72.9118220785935,87,119,661136.657941623,5117278.32235134,-2.592
46.189959118143,-72.9092320187834,87,120,661336.657941625,5117278.32235136,-2.393
46.1899116993516,-72.9066419654802,87,121,661536.657941625,5117278.32235137,-2.467
46.1898642219173,-72.904051918692,87,122,661736.657941625,5117278.32235138,-2.922
46.1898166858405,-72.9014618784268,87,123,661936.657941627,5117278.3223514,-14.018
46.1897690911217,-72.8988718446926,87,124,662136.657941627,5117278.32235141,-14.278
46.1897214377612,-72.8962818174975,87,125,662336.657941627,5117278.32235143,-14.478
46.1896737257594,-72.8936917968494,87,126,662536.657941629,5117278.32235144,-14.578
46.1896259551166,-72.8911017827565,87,127,662736.657941629,5117278.32235146,-14.328
46.1895781258333,-72.8885117752267,87,128,662936.657941629,5117278.32235147,-12.148
46.1895302379098,-72.8859217742681,87,129,663136.65794163,5117278.32235149,-2.725
46.1894822913466,-72.8833317798887,87,130,663336.65794163,5117278.3223515,-1.981
46.189434286144,-72.8807417920965,87,131,663536.657941632,5117278.32235152,-1.879
46.1893862223023,-72.8781518108997,87,132,663736.657941632,5117278.32235153,-1.611
46.1893380998221,-72.8755618363061,87,133,663936.657941633,5117278.32235155,-1.875
46.1892899187037,-72.8729718683238,87,134,664136.65794163,5117278.32235156,-2.324
46.1892416789474,-72.8703819069609,87,135,664336.657941635,5117278.32235157,-2.529
46.1891933805536,-72.8677919522254,87,136,664536.657941633,5117278.32235159,-2.687
46.1891450235228,-72.8652020041254,87,137,664736.657941634,5117278.3223516,-2.917
46.1890966078553,-72.8626120626687,87,138,664936.657941635,5117278.32235162,-3.024
46.1890481335516,-72.8600221278636,87,139,665136.657941637,5117278.32235163,-3.014
46.188999600612,-72.8574321997179,87,140,665336.657941637,5117278.32235165,-3.029
46.1889510090368,-72.8548422782399,87,141,665536.657941636,5117278.32235166,-3.179
46.1889023588266,-72.8522523634373,87,142,665736.657941639,5117278.32235168,-3.218
46.1888536499817,-72.8496624553184,87,143,665936.65794164,5117278.32235169,-3.185
46.1888048825024,-72.8470725538911,87,144,666136.65794164,5117278.32235171,-3.24
46.1887560563892,-72.8444826591634,87,145,666336.657941638,5117278.32235172,-3.249
46.1887071716425,-72.8418927711435,87,146,666536.657941642,5117278.32235173,-3.236
46.1886582282627,-72.8393028898392,87,147,666736.657941643,5117278.32235175,-3.228
46.1886092262501,-72.8367130152587,87,148,666936.657941643,5117278.32235176,-3.239
46.1885601656051,-72.83412314741,87,149,667136.657941643,5117278.32235178,-3.353
46.1885110463282,-72.831533286301,87,150,667336.65794164,5117278.32235179,-3.429
46.1884618684198,-72.8289434319399,87,151,667536.657941643,5117278.3223518,-3.422
46.1884126318801,-72.8263535843346,87,152,667736.657941645,5117278.32235182,-3.368
46.1883633367097,-72.8237637434932,87,153,667936.657941646,5117278.32235183,-3.395
46.188313982909,-72.8211739094237,87,154,668136.657941644,5117278.32235185,-3.441
46.1882645704783,-72.8185840821342,87,155,668336.657941648,5117278.32235186,-3.399
46.188215099418,-72.8159942616326,87,156,668536.657941647,5117278.32235188,-3.165
46.1881655697285,-72.813404447927,87,157,668736.657941645,5117278.32235189,-3.122
46.1881159814103,-72.8108146410255,87,158,668936.657941645,5117278.32235191,-3.144
46.1880663344637,-72.8082248409359,87,159,669136.65794165,5117278.32235192,-3.199
46.1880166288891,-72.8056350476665,87,160,669336.65794165,5117278.32235193,-3.309
46.1879668646869,-72.8030452612251,87,161,669536.657941649,5117278.32235195,-3.302
46.1879170418576,-72.8004554816199,87,162,669736.657941649,5117278.32235196,-3.355
46.1878671604015,-72.7978657088588,87,163,669936.657941653,5117278.32235198,-3.362
46.1878172203191,-72.7952759429499,87,164,670136.657941653,5117278.32235199,-3.302
46.1877672216106,-72.7926861839012,87,165,670336.657941651,5117278.32235201,-3.279
46.1877171642766,-72.7900964317207,87,166,670536.657941653,5117278.32235202,-3.171
46.1876670483175,-72.7875066864165,87,167,670736.657941651,5117278.32235204,-2.764
46.1876168737336,-72.7849169479965,87,168,670936.657941656,5117278.32235205,-2.424
46.1875666405253,-72.7823272164689,87,169,671136.657941654,5117278.32235206,-2.327
46.1875163486931,-72.7797374918416,87,170,671336.657941657,5117278.32235208,-2.295
46.1874659982374,-72.7771477741226,87,171,671536.657941659,5117278.32235209,-2.125
46.1874155891585,-72.77455806332,87,172,671736.657941658,5117278.32235211,-2.033
46.1873651214569,-72.7719683594419,87,173,671936.657941658,5117278.32235212,-1.857
46.187314595133,-72.7693786624961,87,174,672136.657941658,5117278.32235214,-1.778
46.1872640101872,-72.7667889724909,87,175,672336.65794166,5117278.32235215,-1.722
46.1872133666198,-72.7641992894341,87,176,672536.657941659,5117278.32235217,-1.502
46.1871626644314,-72.7616096133338,87,177,672736.657941661,5117278.32235218,-1.444
46.1871119036222,-72.759019944198,87,178,672936.657941662,5117278.3223522,-1.477
46.1870610841928,-72.7564302820348,87,179,673136.65794166,5117278.32235221,-1.474
46.1870102061435,-72.7538406268522,87,180,673336.657941662,5117278.32235222,-1.597
46.1869592694748,-72.7512509786581,87,181,673536.657941662,5117278.32235224,-1.629
46.186908274187,-72.7486613374607,87,182,673736.657941664,5117278.32235225,-1.392
46.1868572202806,-72.746071703268,87,183,673936.657941666,5117278.32235227,-1.272
46.1868061077559,-72.7434820760879,87,184,674136.657941666,5117278.32235229,-1.044
46.1867549366134,-72.7408924559285,87,185,674336.657941667,5117278.3223523,-1.14
46.1867037068535,-72.7383028427979,87,186,674536.657941669,5117278.32235231,-1.15
46.1866524184767,-72.7357132367039,87,187,674736.657941669,5117278.32235233,-1.064
46.1866010714832,-72.7331236376548,87,188,674936.65794167,5117278.32235234,-0.984
46.1865496658736,-72.7305340456584,87,189,675136.657941667,5117278.32235236,-0.904
46.1864982016482,-72.7279444607229,87,190,675336.65794167,5117278.32235237,-0.796
46.1864466788075,-72.7253548828562,87,191,675536.657941671,5117278.32235238,-0.796
46.1863950973519,-72.7227653120663,87,192,675736.657941671,5117278.3223524,-0.72
46.1863434572818,-72.7201757483613,87,193,675936.657941673,5117278.32235241,-0.614
46.1862917585976,-72.7175861917492,87,194,676136.657941672,5117278.32235243,-0.713
46.1862400012997,-72.714996642238,87,195,676336.657941674,5117278.32235244,-0.628
46.1861881853886,-72.7124070998358,87,196,676536.657941674,5117278.32235246,-0.603
46.1861363108646,-72.7098175645505,87,197,676736.657941674,5117278.32235247,-0.586
46.1860843777282,-72.7072280363903,87,198,676936.657941677,5117278.32235249,-0.607
46.1860323859798,-72.704638515363,87,199,677136.657941677,5117278.3223525,-0.637
46.1859803356198,-72.7020490014768,87,200,677336.657941677,5117278.32235252,-0.691
46.1859282266487,-72.6994594947396,87,201,677536.657941676,5117278.32235253,-0.688
46.1858760590668,-72.6968699951595,87,202,677736.657941679,5117278.32235255,-0.558
46.1858238328746,-72.6942805027445,87,203,677936.657941678,5117278.32235256,-0.198
46.189828222197,-73.002543402462,88,84,654136.657941618,5117078.32235083,-0.07
46.1897829176273,-72.9999532043727,88,85,654336.657941617,5117078.32235085,-0.179
46.189737554405,-72.9973630125084,88,86,654536.657941618,5117078.32235086,-0.213
46.1896921325303,-72.9947728268772,88,87,654736.65794162,5117078.32235088,-0.359
46.1896466520038,-72.992182647487,88,88,654936.657941623,5117078.32235089,-0.305
46.1896011128257,-72.9895924743459,88,89,655136.657941622,5117078.32235091,-0.218
46.1895098585163,-72.9844121468432,88,91,655536.657941622,5117078.32235093,-0.265
46.1894641433857,-72.9818219924976,88,92,655736.657941624,5117078.32235095,-0.399
46.189418369605,-72.9792318444333,88,93,655936.657941623,5117078.32235096,-0.412
46.1893725371746,-72.9766417026583,88,94,656136.657941625,5117078.32235098,-0.414
46.1893266460949,-72.9740515671806,88,95,656336.657941624,5117078.32235099,-0.314
46.1892806963662,-72.9714614380082,88,96,656536.657941624,5117078.32235101,-0.202
46.1892346879889,-72.9688713151492,88,97,656736.657941625,5117078.32235102,-0.355
46.1891886209634,-72.9662811986117,88,98,656936.657941626,5117078.32235104,-0.397
46.18914249529,-72.9636910884035,88,99,657136.657941626,5117078.32235105,-0.412
46.1890963109691,-72.9611009845329,88,100,657336.657941625,5117078.32235106,-0.407
46.1890500680011,-72.9585108870078,88,101,657536.65794163,5117078.32235108,-0.384
46.1890037663863,-72.9559207958362,88,102,657736.657941629,5117078.3223511,-0.404
46.1889574061252,-72.9533307110262,88,103,657936.657941629,5117078.32235111,-0.467
46.188910987218,-72.9507406325858,88,104,658136.65794163,5117078.32235112,-0.525
46.1888645096653,-72.9481505605231,88,105,658336.657941632,5117078.32235114,-0.708
46.1888179734673,-72.9455604948461,88,106,658536.657941628,5117078.32235115,-1.142
46.1887713786244,-72.9429704355628,88,107,658736.657941631,5117078.32235117,-1.442
46.188724725137,-72.9403803826812,88,108,658936.657941629,5117078.32235118,-1.339
46.1886780130055,-72.9377903362094,88,109,659136.657941632,5117078.3223512,-1.345
46.1886312422302,-72.9352002961554,88,110,659336.657941633,5117078.32235121,-1.736
46.1885844128116,-72.9326102625272,88,111,659536.657941633,5117078.32235123,-2.212
46.1885375247499,-72.930020235333,88,112,659736.657941633,5117078.32235124,-2.976
46.1884905780457,-72.9274302145806,88,113,659936.657941633,5117078.32235126,-3.424
46.1884435726992,-72.9248402002782,88,114,660136.657941634,5117078.32235127,-3.536
46.1883965087109,-72.9222501924338,88,115,660336.657941633,5117078.32235128,-3.651
46.1883493860811,-72.9196601910553,88,116,660536.657941637,5117078.3223513,-3.569
46.1883022048101,-72.9170701961509,88,117,660736.657941638,5117078.32235131,-3.382
46.1882549648985,-72.9144802077285,88,118,660936.657941638,5117078.32235133,-2.603
46.1882076663465,-72.9118902257963,88,119,661136.65794164,5117078.32235134,-2.276
46.1881603091546,-72.9093002503622,88,120,661336.657941641,5117078.32235135,-2.304
46.1881128933231,-72.9067102814342,88,121,661536.657941639,5117078.32235137,-3.222
46.1880654188524,-72.9041203190204,88,122,661736.657941637,5117078.32235138,-14.328
46.1880178857429,-72.9015303631289,88,123,661936.65794164,5117078.3223514,-14.478
46.187970293995,-72.8989404137676,88,124,662136.657941641,5117078.32235141,-14.518
46.187922643609,-72.8963504709446,88,125,662336.65794164,5117078.32235143,-14.418
46.1878749345854,-72.8937605346679,88,126,662536.657941641,5117078.32235144,-13.588
46.1878271669245,-72.8911706049455,88,127,662736.657941643,5117078.32235146,-3.394
46.1877793406267,-72.8885806817855,88,128,662936.657941644,5117078.32235147,-1.712
46.1877314556924,-72.8859907651959,88,129,663136.657941644,5117078.32235149,-1.597
46.187683512122,-72.8834008551848,88,130,663336.657941647,5117078.3223515,-1.609
46.1876355099158,-72.8808109517601,88,131,663536.657941646,5117078.32235152,-1.682
46.1875874490743,-72.8782210549299,88,132,663736.657941646,5117078.32235153,-1.833
46.1875393295979,-72.8756311647022,88,133,663936.657941646,5117078.32235154,-2.205
46.1874911514869,-72.8730412810851,88,134,664136.657941648,5117078.32235156,-2.611
46.1874429147417,-72.8704514040865,88,135,664336.657941648,5117078.32235157,-2.77
46.1873946193627,-72.8678615337146,88,136,664536.657941649,5117078.32235159,-3.015
46.1873462653503,-72.8652716699772,88,137,664736.65794165,5117078.3223516,-3.075
46.1872978527049,-72.8626818128826,88,138,664936.65794165,5117078.32235161,-2.961
46.1872493814269,-72.8600919624386,88,139,665136.657941652,5117078.32235163,-3.092
46.1872008515166,-72.8575021186534,88,140,665336.65794165,5117078.32235165,-3.159
46.1871522629745,-72.8549122815349,88,141,665536.65794165,5117078.32235166,-3.172
46.187103615801,-72.8523224510912,88,142,665736.657941653,5117078.32235167,-3.168
46.1870549099964,-72.8497326273303,88,143,665936.657941654,5117078.32235169,-3.234
46.1870061455611,-72.8471428102603,88,144,666136.657941652,5117078.3223517,-3.29
46.1869573224956,-72.8445529998891,88,145,666336.657941654,5117078.32235172,-3.185
46.1869084408001,-72.8419631962248,88,146,666536.657941656,5117078.32235173,-3.181
46.1868595004752,-72.8393733992754,88,147,666736.657941656,5117078.32235175,-3.226
46.1868105015212,-72.836783609049,88,148,666936.657941658,5117078.32235176,-3.306
46.1867614439386,-72.8341938255535,88,149,667136.657941655,5117078.32235178,-3.343
46.1867123277276,-72.831604048797,88,150,667336.657941656,5117078.32235179,-3.425
46.1866631528887,-72.8290142787876,88,151,667536.657941659,5117078.3223518,-3.374
46.1866139194223,-72.8264245155332,88,152,667736.657941659,5117078.32235182,-3.293
46.1865646273288,-72.8238347590419,88,153,667936.657941659,5117078.32235183,-3.383
46.1865152766086,-72.8212450093217,88,154,668136.657941658,5117078.32235185,-3.435
46.186465867262,-72.8186552663806,88,155,668336.657941659,5117078.32235186,-3.446
46.1864163992896,-72.8160655302267,88,156,668536.657941661,5117078.32235188,-3.223
46.1863668726916,-72.813475800868,88,157,668736.657941662,5117078.32235189,-3.183
46.1863172874685,-72.8108860783125,88,158,668936.657941661,5117078.32235191,-3.129
46.1862676436207,-72.8082963625682,88,159,669136.657941662,5117078.32235192,-3.116
46.1862179411486,-72.8057066536432,88,160,669336.657941663,5117078.32235193,-3.237
46.1861681800526,-72.8031169515455,88,161,669536.657941664,5117078.32235195,-3.287
46.186118360333,-72.8005272562831,88,162,669736.657941665,5117078.32235196,-3.296
46.1860684819903,-72.797937567864,88,163,669936.657941664,5117078.32235198,-3.225
46.1860185450249,-72.7953478862963,88,164,670136.657941666,5117078.32235199,-3.212
46.1859685494372,-72.792758211588,88,165,670336.657941667,5117078.32235201,-3.154
46.1859184952276,-72.7901685437471,88,166,670536.657941668,5117078.32235202,-2.912
46.1858683823965,-72.7875788827817,88,167,670736.657941669,5117078.32235204,-2.569
46.1858182109443,-72.7849892286997,88,168,670936.657941669,5117078.32235205,-2.336
46.1857679808714,-72.7823995815092,88,169,671136.657941671,5117078.32235207,-2.265
46.1857176921782,-72.7798099412182,88,170,671336.657941672,5117078.32235208,-2.165
46.1856673448651,-72.7772203078348,88,171,671536.657941672,5117078.32235209,-2.091
46.1856169389325,-72.7746306813669,88,172,671736.65794167,5117078.32235211,-1.945
46.1855664743808,-72.7720410618227,88,173,671936.657941672,5117078.32235212,-1.818
46.1855159512105,-72.76945144921,88,174,672136.657941673,5117078.32235214,-1.644
46.1854653694219,-72.766861843537,88,175,672336.657941672,5117078.32235215,-1.625
46.1854147290155,-72.7642722448116,88,176,672536.657941675,5117078.32235217,-1.617
46.1853640299916,-72.7616826530419,88,177,672736.657941674,5117078.32235218,-1.574
46.1853132723507,-72.7590930682359,88,178,672936.657941677,5117078.3223522,-1.547
46.1852624560932,-72.7565034904016,88,179,673136.657941677,5117078.32235221,-1.482
46.1852115812194,-72.7539139195471,88,180,673336.657941677,5117078.32235222,-1.456
46.1851606477298,-72.7513243556804,88,181,673536.657941677,5117078.32235224,-1.254
46.1851096556249,-72.7487347988095,88,182,673736.657941679,5117078.32235225,-1.241
46.1850586049049,-72.7461452489424,88,183,673936.657941678,5117078.32235227,-1.079
46.1850074955704,-72.7435557060871,88,184,674136.65794168,5117078.32235228,-0.928
46.1849563276217,-72.7409661702517,88,185,674336.657941681,5117078.3223523,-1
46.1849051010593,-72.7383766414442,88,186,674536.657941681,5117078.32235231,-1.028
46.1848538158835,-72.7357871196726,88,187,674736.657941682,5117078.32235232,-1.016
46.1848024720948,-72.7331976049449,88,188,674936.657941683,5117078.32235234,-0.902
46.1847510696936,-72.7306080972692,88,189,675136.657941686,5117078.32235236,-0.731
46.1846996086802,-72.7280185966535,88,190,675336.657941685,5117078.32235237,-0.687
46.1846480890552,-72.7254291031057,88,191,675536.657941684,5117078.32235238,-0.73
46.184596510819,-72.722839616634,88,192,675736.657941685,5117078.3223524,-0.664
46.1845448739718,-72.7202501372463,88,193,675936.657941686,5117078.32235241,-0.586
46.1844931785143,-72.7176606649507,88,194,676136.657941686,5117078.32235243,-0.68
46.1844414244467,-72.7150711997551,88,195,676336.657941687,5117078.32235244,-0.604
46.1843896117696,-72.7124817416677,88,196,676536.657941688,5117078.32235246,-0.576
46.1843377404832,-72.7098922906964,88,197,676736.657941691,5117078.32235247,-0.564
46.1842858105881,-72.7073028468492,88,198,676936.657941691,5117078.32235249,-0.579
46.1842338220846,-72.7047134101342,88,199,677136.65794169,5117078.3223525,-0.637
46.1841817749732,-72.7021239805594,88,200,677336.65794169,5117078.32235251,-0.674
46.1841296692543,-72.6995345581328,88,201,677536.657941694,5117078.32235253,-0.601
46.1840775049283,-72.6969451428624,88,202,677736.657941692,5117078.32235254,-0.331
46.1879840067047,-73.000018476116,89,85,654336.657941634,5116878.32235085,-0.038
46.1879386463141,-72.9974283686453,89,86,654536.657941635,5116878.32235086,-0.008
46.1878932272749,-72.9948382674068,89,87,654736.657941635,5116878.32235088,-0.078
46.1878477495875,-72.9922481724087,89,88,654936.657941637,5116878.32235089,-0.083
46.1877566182692,-72.9870680011656,89,90,655336.657941636,5116878.32235092,-0.143
46.1877109646392,-72.9844779249367,89,91,655536.657941636,5116878.32235093,-0.314
46.1876652523623,-72.9818878549803,89,92,655736.657941636,5116878.32235095,-0.389
46.187619481439,-72.9792977913043,89,93,655936.657941637,5116878.32235096,-0.404
46.1875736518697,-72.9767077339169,89,94,656136.65794164,5116878.32235098,-0.293
46.1875277636546,-72.9741176828261,89,95,656336.657941639,5116878.32235099,-0.058
46.1874818167943,-72.9715276380398,89,96,656536.65794164,5116878.32235101,-0.168
46.187435811289,-72.9689375995662,89,97,656736.657941639,5116878.32235102,-0.319
46.1873897471391,-72.9663475674133,89,98,656936.657941639,5116878.32235104,-0.408
46.187343624345,-72.9637575415891,89,99,657136.65794164,5116878.32235105,-0.396
46.187297442907,-72.9611675221016,89,100,657336.657941641,5116878.32235106,-0.417
46.1872512028256,-72.9585775089589,89,101,657536.657941641,5116878.32235108,-0.413
46.1872049041012,-72.9559875021689,89,102,657736.657941643,5116878.32235109,-0.464
46.187158546734,-72.9533975017398,89,103,657936.657941645,5116878.32235111,-0.62
46.1871121307244,-72.9508075076796,89,104,658136.657941643,5116878.32235112,-0.859
46.1870656560729,-72.9482175199962,89,105,658336.657941646,5116878.32235114,-1.149
46.1870191227798,-72.9456275386978,89,106,658536.657941645,5116878.32235115,-1.445
46.1869725308455,-72.9430375637923,89,107,658736.657941644,5116878.32235117,-1.281
46.1869258802703,-72.9404475952879,89,108,658936.657941645,5116878.32235118,-1.174
46.1868791710546,-72.9378576331924,89,109,659136.657941644,5116878.32235119,-1.5
46.1868324031989,-72.935267677514,89,110,659336.657941649,5116878.32235121,-2.052
46.1867855767034,-72.9326777282607,89,111,659536.65794165,5116878.32235123,-2.905
46.1867386915686,-72.9300877854405,89,112,659736.657941647,5116878.32235124,-3.541
46.1866917477949,-72.9274978490615,89,113,659936.657941647,5116878.32235125,-3.83
46.1866447453826,-72.9249079191316,89,114,660136.65794165,5116878.32235127,-3.617
46.186597684332,-72.9223179956589,89,115,660336.65794165,5116878.32235128,-3.6
46.1865505646437,-72.9197280786515,89,116,660536.657941651,5116878.3223513,-3.592
46.1865033863179,-72.9171381681173,89,117,660736.657941652,5116878.32235131,-2.905
46.186456149355,-72.9145482640645,89,118,660936.657941652,5116878.32235133,-2.378
46.1864088537555,-72.9119583665009,89,119,661136.657941655,5116878.32235134,-2.533
46.1863614995196,-72.9093684754348,89,120,661336.657941655,5116878.32235136,-9.288
46.1863140866478,-72.906778590874,89,121,661536.657941652,5116878.32235137,-15.078
46.1862666151405,-72.9041887128266,89,122,661736.657941653,5116878.32235138,-14.538
46.1862190849981,-72.9015988413007,89,123,661936.657941654,5116878.3223514,-14.668
46.1861714962209,-72.8990089763043,89,124,662136.657941656,5116878.32235141,-13.838
46.1861238488092,-72.8964191178454,89,125,662336.657941656,5116878.32235143,-4.597
46.1860761427636,-72.893829265932,89,126,662536.657941656,5116878.32235144,-2.969
46.1860283780844,-72.8912394205721,89,127,662736.657941657,5116878.32235146,-1.826
46.1859805547719,-72.8886495817739,89,128,662936.657941655,5116878.32235147,-1.433
46.1859326728266,-72.8860597495453,89,129,663136.65794166,5116878.32235149,-1.544
46.1858847322488,-72.8834699238944,89,130,663336.657941658,5116878.3223515,-1.895
46.1858367330389,-72.8808801048291,89,131,663536.65794166,5116878.32235151,-2.195
46.1857886751974,-72.8782902923576,89,132,663736.65794166,5116878.32235153,-2.242
46.1857405587245,-72.8757004864877,89,133,663936.65794166,5116878.32235154,-2.424
46.1856923836208,-72.8731106872277,89,134,664136.65794166,5116878.32235156,-2.982
46.1856441498865,-72.8705208945855,89,135,664336.657941664,5116878.32235157,-2.971
46.185595857522,-72.867931108569,89,136,664536.657941664,5116878.32235159,-3.056
46.1855475065279,-72.8653413291864,89,137,664736.657941662,5116878.3223516,-3.137
46.1854990969043,-72.8627515564458,89,138,664936.657941661,5116878.32235162,-3.151
46.1854506286518,-72.860161790355,89,139,665136.657941665,5116878.32235163,-3.106
46.1854021017707,-72.8575720309221,89,140,665336.657941664,5116878.32235164,-3.129
46.1853535162615,-72.8549822781552,89,141,665536.657941665,5116878.32235166,-3.151
46.1853048721244,-72.8523925320623,89,142,665736.657941667,5116878.32235167,-3.207
46.1852561693599,-72.8498027926514,89,143,665936.657941666,5116878.32235169,-3.236
46.1852074079685,-72.8472130599306,89,144,666136.657941668,5116878.3223517,-3.162
46.1851585879504,-72.8446233339078,89,145,666336.657941667,5116878.32235172,-3.171
46.1851097093061,-72.8420336145912,89,146,666536.657941668,5116878.32235173,-3.28
46.1850607720359,-72.8394439019886,89,147,666736.657941668,5116878.32235175,-3.282
46.1850117761403,-72.8368541961082,89,148,666936.657941671,5116878.32235176,-3.312
46.1849627216197,-72.834264496958,89,149,667136.657941672,5116878.32235178,-3.352
46.1849136084745,-72.831674804546,89,150,667336.657941674,5116878.32235179,-3.334
46.1848644367049,-72.8290851188802,89,151,667536.657941671,5116878.3223518,-3.234
46.1848152063116,-72.8264954399686,89,152,667736.657941674,5116878.32235182,-3.253
46.1847659172947,-72.8239057678194,89,153,667936.657941674,5116878.32235183,-3.438
46.1847165696548,-72.8213161024404,89,154,668136.657941674,5116878.32235185,-3.376
46.1846671633923,-72.8187264438398,89,155,668336.657941673,5116878.32235186,-3.243
46.1846176985075,-72.8161367920256,89,156,668536.657941674,5116878.32235188,-3.074
46.1845681750008,-72.8135471470057,89,157,668736.657941676,5116878.32235189,-2.972
46.1845185928727,-72.8109575087882,89,158,668936.657941676,5116878.32235191,-3.064
46.1844689521235,-72.8083678773812,89,159,669136.657941678,5116878.32235192,-3.172
46.1844192527536,-72.8057782527926,89,160,669336.657941677,5116878.32235193,-3.287
46.1843694947635,-72.8031886350305,89,161,669536.65794168,5116878.32235195,-3.25
46.1843196781535,-72.8005990241029,89,162,669736.657941681,5116878.32235196,-3.162
46.184269802924,-72.7980094200179,89,163,669936.657941679,5116878.32235198,-3.161
46.1842198690755,-72.7954198227834,89,164,670136.657941681,5116878.32235199,-3.215
46.1841698766083,-72.7928302324075,89,165,670336.657941681,5116878.32235201,-3.002
46.1841198255229,-72.7902406488981,89,166,670536.657941683,5116878.32235202,-2.7
46.1840697158196,-72.7876510722634,89,167,670736.657941685,5116878.32235204,-2.444
46.1840195474989,-72.7850615025114,89,168,670936.657941681,5116878.32235205,-2.167
46.1839693205611,-72.7824719396501,89,169,671136.657941686,5116878.32235207,-2.143
46.1839190350067,-72.7798823836874,89,170,671336.657941684,5116878.32235208,-2.121
46.183868690836,-72.7772928346315,89,171,671536.657941684,5116878.32235209,-2.041
46.1838182880495,-72.7747032924903,89,172,671736.657941686,5116878.32235211,-1.912
46.1837678266476,-72.7721137572718,89,173,671936.657941687,5116878.32235212,-1.646
46.1837173066307,-72.7695242289842,89,174,672136.657941687,5116878.32235214,-1.598
46.1836667279992,-72.7669347076354,89,175,672336.657941688,5116878.32235215,-1.864
46.1836160907535,-72.7643451932334,89,176,672536.657941689,5116878.32235217,-1.923
46.183565394894,-72.7617556857863,89,177,672736.657941688,5116878.32235218,-1.651
46.1835146404211,-72.759166185302,89,178,672936.657941692,5116878.3223522,-1.271
46.1834638273352,-72.7565766917887,89,179,673136.657941692,5116878.32235221,-1.012
46.1834129556367,-72.7539872052543,89,180,673336.65794169,5116878.32235222,-0.847
46.1833620253261,-72.7513977257069,89,181,673536.657941693,5116878.32235224,-0.714
46.1833110364038,-72.7488082531544,89,182,673736.657941694,5116878.32235225,-0.746
46.1832599888701,-72.7462187876049,89,183,673936.657941694,5116878.32235227,-0.786
46.1832088827255,-72.7436293290664,89,184,674136.657941693,5116878.32235228,-0.9
46.1831577179704,-72.741039877547,89,185,674336.657941696,5116878.3223523,-0.959
46.1831064946052,-72.7384504330546,89,186,674536.657941696,5116878.32235231,-0.94
46.1830552126303,-72.7358609955973,89,187,674736.657941695,5116878.32235233,-0.865
46.1830038720461,-72.7332715651831,89,188,674936.657941697,5116878.32235234,-0.785
46.1829524728531,-72.73068214182,89,189,675136.657941699,5116878.32235236,-0.626
46.1829010150516,-72.728092725516,89,190,675336.657941697,5116878.32235237,-0.689
46.1828494986421,-72.7255033162793,89,191,675536.6579417,5116878.32235238,-0.689
46.182797923625,-72.7229139141177,89,192,675736.657941699,5116878.3223524,-0.624
46.1827462900007,-72.7203245190393,89,193,675936.657941701,5116878.32235241,-0.517
46.1826945977696,-72.7177351310521,89,194,676136.657941703,5116878.32235243,-0.634
46.1826428469321,-72.7151457501642,89,195,676336.657941701,5116878.32235244,-0.56
46.1825910374887,-72.7125563763835,89,196,676536.657941701,5116878.32235246,-0.538
46.1825391694397,-72.7099670097181,89,197,676736.657941704,5116878.32235247,-0.538
46.1824872427856,-72.707377650176,89,198,676936.657941706,5116878.32235249,-0.581
46.1824352575269,-72.7047882977653,89,199,677136.657941705,5116878.3223525,-0.609
46.1823832136638,-72.7021989524938,89,200,677336.657941706,5116878.32235251,-0.541
46.182331111197,-72.6996096143698,89,201,677536.657941706,5116878.32235253,-0.471
46.185957720901,-72.9871336886048,90,90,655336.657941651,5116678.32235092,-0.342
46.1859120701208,-72.9845436967577,90,91,655536.657941649,5116678.32235093,-0.41
46.1858663606975,-72.9819537111824,90,92,655736.657941652,5116678.32235095,-0.405
46.1858205926314,-72.9793637318868,90,93,655936.657941654,5116678.32235096,-0.292
46.1856829365802,-72.9715938317588,90,96,656536.657941654,5116678.32235101,-0.173
46.1856369339467,-72.9690038776626,90,97,656736.657941656,5116678.32235102,-0.351
46.1855908726722,-72.9664139298863,90,98,656936.657941656,5116678.32235103,-0.39
46.1855447527573,-72.9638239884379,90,99,657136.657941654,5116678.32235105,-0.392
46.1854985742021,-72.9612340533255,90,100,657336.657941654,5116678.32235106,-0.497
46.1854523370072,-72.9586441245571,90,101,657536.657941657,5116678.32235108,-0.534
46.1854060411728,-72.9560542021408,90,102,657736.657941656,5116678.32235109,-0.786
46.1853596866993,-72.9534642860845,90,103,657936.657941658,5116678.32235111,-1.114
46.1853132735872,-72.9508743763964,90,104,658136.657941659,5116678.32235112,-1.385
46.1852668018367,-72.9482844730844,90,105,658336.65794166,5116678.32235114,-1.274
46.1852202714483,-72.9456945761566,90,106,658536.657941659,5116678.32235115,-1.162
46.1851736824223,-72.9431046856209,90,107,658736.657941661,5116678.32235116,-1.088
46.1851270347592,-72.9405148014855,90,108,658936.657941663,5116678.32235118,-1.396
46.1850803284592,-72.9379249237584,90,109,659136.657941659,5116678.32235119,-1.975
46.1850335635228,-72.9353350524476,90,110,659336.657941661,5116678.32235121,-2.966
46.1849867399504,-72.9327451875611,90,111,659536.657941663,5116678.32235122,-3.826
46.1849398577422,-72.9301553291069,90,112,659736.657941662,5116678.32235124,-4.122
46.1848929168988,-72.9275654770931,90,113,659936.657941664,5116678.32235125,-4.021
46.1848459174204,-72.9249756315278,90,114,660136.657941664,5116678.32235126,-3.664
46.1847988593074,-72.9223857924189,90,115,660336.657941666,5116678.32235128,-3.642
46.1847517425604,-72.9197959597744,90,116,660536.657941665,5116678.3223513,-3.024
46.1847045671795,-72.9172061336025,90,117,660736.657941667,5116678.32235131,-2.426
46.1846573331652,-72.9146163139111,90,118,660936.657941664,5116678.32235132,-2.569
46.1846100405179,-72.9120265007082,90,119,661136.657941668,5116678.32235134,-12.958
46.1845626892379,-72.909436694002,90,120,661336.657941669,5116678.32235135,-15.488
46.1845152793257,-72.9068468938004,90,121,661536.657941666,5116678.32235137,-15.348
46.1844678107816,-72.9042571001114,90,122,661736.657941666,5116678.32235138,-14.838
46.184420283606,-72.9016673129431,90,123,661936.657941669,5116678.3223514,-13.178
46.1843726977993,-72.8990775323035,90,124,662136.65794167,5116678.32235141,-4.057
46.1843250533618,-72.8964877582006,90,125,662336.657941671,5116678.32235143,-2.51
46.184277350294,-72.8938979906425,90,126,662536.657941672,5116678.32235144,-1.528
46.1842295885962,-72.8913082296372,90,127,662736.657941672,5116678.32235145,-1.447
46.1841817682689,-72.8887184751927,90,128,662936.657941673,5116678.32235147,-1.686
46.1841338893124,-72.8861287273171,90,129,663136.657941671,5116678.32235148,-1.967
46.184085951727,-72.8835389860183,90,130,663336.657941673,5116678.3223515,-2.174
46.1840379555132,-72.8809492513044,90,131,663536.657941674,5116678.32235151,-2.47
46.1839899006714,-72.8783595231835,90,132,663736.657941673,5116678.32235153,-2.863
46.183941787202,-72.8757698016635,90,133,663936.657941676,5116678.32235154,-3.062
46.1838936151053,-72.8731800867526,90,134,664136.657941676,5116678.32235155,-3.201
46.1838453843817,-72.8705903784586,90,135,664336.657941678,5116678.32235157,-3.153
46.1837970950316,-72.8680006767896,90,136,664536.657941677,5116678.32235158,-3.135
46.1837487470555,-72.8654109817538,90,137,664736.657941677,5116678.3223516,-3.121
46.1837003404536,-72.862821293359,90,138,664936.657941677,5116678.32235161,-3.191
46.1836518752264,-72.8602316116134,90,139,665136.657941679,5116678.32235163,-3.17
46.1836033513743,-72.8576419365249,90,140,665336.657941679,5116678.32235164,-3.149
46.1835547688977,-72.8550522681015,90,141,665536.657941679,5116678.32235166,-3.142
46.1835061277969,-72.8524626063514,90,142,665736.657941682,5116678.32235167,-3.184
46.1834574280724,-72.8498729512825,90,143,665936.657941679,5116678.32235169,-3.277
46.1834086697245,-72.8472833029029,90,144,666136.657941681,5116678.3223517,-3.266
46.1833598527537,-72.8446936612205,90,145,666336.657941683,5116678.32235171,-3.326
46.1833109771603,-72.8421040262434,90,146,666536.657941684,5116678.32235173,-3.335
46.1832620429447,-72.8395143979797,90,147,666736.657941686,5116678.32235174,-3.354
46.1832130501073,-72.8369247764373,90,148,666936.657941684,5116678.32235176,-3.347
46.1831639986486,-72.8343351616243,90,149,667136.657941685,5116678.32235177,-3.345
46.1831148885688,-72.8317455535487,90,150,667336.657941688,5116678.32235179,-3.312
46.1830657198685,-72.8291559522185,90,151,667536.657941688,5116678.3223518,-3.192
46.1830164925479,-72.8265663576418,90,152,667736.657941688,5116678.32235182,-3.126
46.1829672066076,-72.8239767698266,90,153,667936.657941689,5116678.32235183,-3.171
46.1829178620478,-72.8213871887809,90,154,668136.657941688,5116678.32235184,-3.079
46.1828684588691,-72.8187976145127,90,155,668336.65794169,5116678.32235186,-2.722
46.1828189970717,-72.8162080470301,90,156,668536.657941688,5116678.32235187,-2.647
46.1827694766561,-72.813618486341,90,157,668736.65794169,5116678.32235189,-2.928
46.1827198976227,-72.8110289324536,90,158,668936.657941692,5116678.3223519,-3.161
46.1826702599719,-72.8084393853757,90,159,669136.657941693,5116678.32235192,-3.135
46.1826205637041,-72.8058498451155,90,160,669336.657941692,5116678.32235193,-3.152
46.1825708088197,-72.8032603116811,90,161,669536.657941694,5116678.32235195,-3.113
46.1825209953191,-72.8006707850803,90,162,669736.657941692,5116678.32235196,-3.155
46.1824711232026,-72.7980812653212,90,163,669936.657941695,5116678.32235198,-3.174
46.1824211924708,-72.7954917524118,90,164,670136.657941697,5116678.32235199,-3.127
46.1823712031239,-72.7929022463603,90,165,670336.657941695,5116678.322352,-2.893
46.1823211551624,-72.7903127471745,90,166,670536.657941698,5116678.32235202,-2.576
46.1822710485868,-72.7877232548626,90,167,670736.657941698,5116678.32235203,-2.265
46.1822208833973,-72.7851337694324,90,168,670936.657941699,5116678.32235205,-2.119
46.1821706595945,-72.7825442908922,90,169,671136.657941698,5116678.32235206,-2.005
46.1821203771787,-72.7799548192498,90,170,671336.657941697,5116678.32235208,-1.879
46.1820700361503,-72.7773653545133,90,171,671536.657941699,5116678.32235209,-1.961
46.1820196365097,-72.7747758966908,90,172,671736.657941701,5116678.3223521,-1.792
46.1819691782573,-72.7721864457902,90,173,671936.657941699,5116678.32235212,-1.661
46.1819186613936,-72.7695970018196,90,174,672136.657941703,5116678.32235214,-1.774
46.1818680859189,-72.767007564787,90,175,672336.6579417,5116678.32235215,-1.952
46.1818174518337,-72.7644181347004,90,176,672536.657941704,5116678.32235216,-1.497
46.1817667591383,-72.7618287115678,90,177,672736.657941706,5116678.32235218,-1.054
46.1817160078332,-72.7592392953973,90,178,672936.657941704,5116678.32235219,-0.873
46.1816651979188,-72.7566498861969,90,179,673136.657941705,5116678.32235221,-0.751
46.1816143293955,-72.7540604839746,90,180,673336.657941707,5116678.32235222,-0.636
46.1815634022636,-72.7514710887384,90,181,673536.657941708,5116678.32235224,-0.567
46.1815124165237,-72.7488817004963,90,182,673736.657941708,5116678.32235225,-0.494
46.1814613721761,-72.7462923192564,90,183,673936.657941709,5116678.32235227,-0.599
46.1814102692212,-72.7437029450267,90,184,674136.657941709,5116678.32235228,-0.771
46.1813591076595,-72.7411135778152,90,185,674336.65794171,5116678.32235229,-0.8
46.1813078874913,-72.7385242176299,90,186,674536.657941711,5116678.32235231,-0.768
46.1812566087171,-72.7359348644789,90,187,674736.65794171,5116678.32235232,-0.768
46.1812052713372,-72.7333455183701,90,188,674936.657941711,5116678.32235234,-0.775
46.1811538753522,-72.7307561793117,90,189,675136.65794171,5116678.32235235,-0.549
46.1811024207624,-72.7281668473115,90,190,675336.657941711,5116678.32235237,-0.614
46.1810509075681,-72.7255775223776,90,191,675536.657941712,5116678.32235238,-0.606
46.18099933577,-72.7229882045181,90,192,675736.657941715,5116678.3223524,-0.559
46.1809477053682,-72.720398893741,90,193,675936.657941715,5116678.32235241,-0.494
46.1808960163634,-72.7178095900543,90,194,676136.657941714,5116678.32235243,-0.591
46.1808442687558,-72.7152202934659,90,195,676336.657941718,5116678.32235244,-0.536
46.1807924625459,-72.712631003984,90,196,676536.657941717,5116678.32235245,-0.49
46.1807405977342,-72.7100417216165,90,197,676736.657941719,5116678.32235247,-0.515
46.1806886743209,-72.7074524463715,90,198,676936.657941721,5116678.32235248,-0.533
46.1806366923067,-72.7048631782569,90,199,677136.657941721,5116678.3223525,-0.518
46.1805846516918,-72.7022739172809,90,200,677336.657941722,5116678.32235251,-0.333
46.1842044121825,-72.9897892835166,91,89,655136.657941664,5116478.32235091,-0.213
46.1841588228919,-72.9871993697804,91,90,655336.657941663,5116478.32235092,-0.373
46.1841131749614,-72.984609462307,91,91,655536.657941667,5116478.32235094,-0.397
46.1840674683914,-72.9820195611047,91,92,655736.657941667,5116478.32235095,-0.309
46.1840217031823,-72.9794296661814,91,93,655936.657941666,5116478.32235096,-0.153
46.1839299968482,-72.974249895204,91,95,656336.657941668,5116478.32235099,-0.064
46.183884055724,-72.9716600191659,91,96,656536.657941669,5116478.32235101,-0.167
46.1838380559621,-72.969070149439,91,97,656736.657941671,5116478.32235102,-0.356
46.183791997563,-72.9664802860313,91,98,656936.657941668,5116478.32235104,-0.437
46.1837458805269,-72.9638904289507,91,99,657136.657941672,5116478.32235105,-0.541
46.1836997048544,-72.9613005782054,91,100,657336.65794167,5116478.32235107,-0.938
46.1836534705457,-72.9587107338033,91,101,657536.657941669,5116478.32235108,-0.999
46.1836071776012,-72.9561208957526,91,102,657736.657941674,5116478.32235109,-1.266
46.1835608260213,-72.9535310640612,91,103,657936.65794167,5116478.32235111,-1.231
46.1835144158063,-72.9509412387371,91,104,658136.657941673,5116478.32235112,-1.193
46.1834679469567,-72.9483514197884,91,105,658336.657941674,5116478.32235114,-1.089
46.1834214194729,-72.9457616072231,91,106,658536.657941672,5116478.32235115,-1.014
46.1833748333551,-72.9431718010493,91,107,658736.657941676,5116478.32235117,-1.175
46.1833281886038,-72.940582001275,91,108,658936.657941674,5116478.32235118,-1.889
46.1832814852193,-72.9379922079081,91,109,659136.657941676,5116478.32235119,-2.977
46.183234723202,-72.9354024209568,91,110,659336.657941676,5116478.32235121,-4.219
46.1831879025524,-72.9328126404291,91,111,659536.657941676,5116478.32235122,-4.371
46.1831410232707,-72.9302228663329,91,112,659736.657941677,5116478.32235124,-4.291
46.1830940853573,-72.9276330986764,91,113,659936.657941678,5116478.32235125,-3.976
46.1830470888127,-72.9250433374675,91,114,660136.657941681,5116478.32235127,-3.602
46.1830000336372,-72.9224535827143,91,115,660336.657941681,5116478.32235128,-3.021
46.1829529198312,-72.9198638344249,91,116,660536.657941678,5116478.3223513,-2.379
46.1829057473951,-72.9172740926071,91,117,660736.657941679,5116478.32235131,-2.652
46.1828585163292,-72.9146843572691,91,118,660936.657941682,5116478.32235133,-12.998
46.1828112266339,-72.9120946284189,91,119,661136.65794168,5116478.32235134,-15.068
46.1827638783096,-72.9095049060646,91,120,661336.657941682,5116478.32235135,-15.128
46.1827164713568,-72.9069151902141,91,121,661536.657941684,5116478.32235137,-14.418
46.1826690057757,-72.9043254808754,91,122,661736.657941684,5116478.32235138,-8.128
46.1826214815667,-72.9017357780567,91,123,661936.657941683,5116478.3223514,-4.08
46.1825738987303,-72.8991460817659,91,124,662136.657941683,5116478.32235141,-2.263
46.1825262572668,-72.8965563920111,91,125,662336.657941686,5116478.32235143,-1.529
46.1824785571767,-72.8939667088002,91,126,662536.657941685,5116478.32235144,-1.605
46.1824307984602,-72.8913770321414,91,127,662736.657941685,5116478.32235146,-1.81
46.1823829811178,-72.8887873620426,91,128,662936.657941686,5116478.32235147,-1.984
46.1823351051498,-72.8861976985119,91,129,663136.657941687,5116478.32235148,-2.279
46.1822871705567,-72.8836080415573,91,130,663336.657941686,5116478.3223515,-2.507
46.1822391773388,-72.8810183911868,91,131,663536.657941691,5116478.32235151,-2.854
46.1821911254966,-72.8784287474085,91,132,663736.657941688,5116478.32235153,-3.26
46.1821430150303,-72.8758391102303,91,133,663936.657941689,5116478.32235154,-3.275
46.1820948459405,-72.8732494796604,91,134,664136.657941689,5116478.32235156,-3.174
46.1820466182274,-72.8706598557067,91,135,664336.657941689,5116478.32235157,-3.057
46.1819983318915,-72.8680702383772,91,136,664536.657941694,5116478.32235159,-3.056
46.1819499869332,-72.86548062768,91,137,664736.657941693,5116478.3223516,-3.111
46.1819015833528,-72.8628910236231,91,138,664936.657941694,5116478.32235161,-3.107
46.1818531211507,-72.8603014262146,91,139,665136.657941692,5116478.32235163,-3.16
46.1818046003274,-72.8577118354624,91,140,665336.657941694,5116478.32235164,-3.131
46.1817560208832,-72.8551222513746,91,141,665536.657941694,5116478.32235166,-3.137
46.1817073828186,-72.8525326739593,91,142,665736.657941695,5116478.32235167,-3.169
46.1816586861338,-72.8499431032243,91,143,665936.657941695,5116478.32235169,-3.224
46.1816099308293,-72.8473535391778,91,144,666136.657941695,5116478.3223517,-3.249
46.1815611169055,-72.8447639818278,91,145,666336.657941696,5116478.32235172,-3.272
46.1815122443628,-72.8421744311823,91,146,666536.657941698,5116478.32235173,-3.365
46.1814633132016,-72.8395848872494,91,147,666736.657941698,5116478.32235174,-3.431
46.1814143234222,-72.836995350037,91,148,666936.657941701,5116478.32235176,-3.43
46.1813652750251,-72.8344058195532,91,149,667136.657941699,5116478.32235177,-3.32
46.1813161680107,-72.831816295806,91,150,667336.657941702,5116478.32235179,-3.293
46.1812670023793,-72.8292267788034,91,151,667536.657941702,5116478.3223518,-3.214
46.1812177781314,-72.8266372685535,91,152,667736.657941703,5116478.32235182,-2.922
46.1811684952674,-72.8240477650643,91,153,667936.657941703,5116478.32235183,-2.756
46.1811191537876,-72.8214582683438,91,154,668136.657941702,5116478.32235185,-2.782
46.1810697536924,-72.8188687784,91,155,668336.657941705,5116478.32235186,-2.576
46.1810202949823,-72.816279295241,91,156,668536.657941703,5116478.32235188,-2.689
46.1809707776576,-72.8136898188747,91,157,668736.657941704,5116478.32235189,-2.999
46.1809212017187,-72.8111003493093,91,158,668936.657941706,5116478.3223519,-3.136
46.1808715671661,-72.8085108865526,91,159,669136.657941707,5116478.32235192,-3.1
46.1808218740002,-72.8059214306128,91,160,669336.657941706,5116478.32235193,-3.092
46.1807721222213,-72.8033319814979,91,161,669536.657941706,5116478.32235195,-3.197
46.1807223118298,-72.8007425392159,91,162,669736.657941709,5116478.32235196,-3.232
46.1806724428262,-72.7981531037747,91,163,669936.65794171,5116478.32235198,-3.166
46.1806225152108,-72.7955636751826,91,164,670136.657941711,5116478.32235199,-2.972
46.180572528984,-72.7929742534473,91,165,670336.657941711,5116478.32235201,-2.775
46.1805224841463,-72.7903848385771,91,166,670536.65794171,5116478.32235202,-2.471
46.1804723806981,-72.7877954305798,91,167,670736.657941712,5116478.32235203,-2.19
46.1804222186397,-72.7852060294636,91,168,670936.657941712,5116478.32235205,-1.949
46.1803719979716,-72.7826166352365,91,169,671136.657941711,5116478.32235206,-1.756
46.1803217186942,-72.7800272479063,91,170,671336.657941712,5116478.32235208,-1.752
46.1802713808078,-72.7774378674813,91,171,671536.657941712,5116478.32235209,-1.865
46.1802209843129,-72.7748484939694,91,172,671736.657941717,5116478.32235211,-1.929
46.1801705292099,-72.7722591273786,91,173,671936.657941717,5116478.32235212,-1.819
46.1801200154992,-72.769669767717,91,174,672136.657941715,5116478.32235214,-1.749
46.1800694431811,-72.7670804149926,91,175,672336.657941717,5116478.32235215,-1.583
46.1800188122562,-72.7644910692133,91,176,672536.657941718,5116478.32235217,-1.176
46.1799681227248,-72.7619017303873,91,177,672736.657941719,5116478.32235218,-0.957
46.1799173745873,-72.7593123985225,91,178,672936.657941721,5116478.32235219,-0.871
46.1798665678441,-72.7567230736269,91,179,673136.65794172,5116478.32235221,-0.774
46.1798157024957,-72.7541337557087,91,180,673336.65794172,5116478.32235222,-0.644
46.1797647785424,-72.7515444447757,91,181,673536.657941722,5116478.32235224,-0.501
46.1797137959847,-72.748955140836,91,182,673736.657941721,5116478.32235225,-0.408
46.179662754823,-72.7463658438977,91,183,673936.657941725,5116478.32235227,-0.475
46.1796116550576,-72.7437765539688,91,184,674136.657941722,5116478.32235228,-0.642
46.179560496689,-72.7411872710572,91,185,674336.657941723,5116478.32235229,-0.684
46.1795092797177,-72.738597995171,91,186,674536.657941724,5116478.32235231,-0.697
46.1794580041439,-72.7360087263182,91,187,674736.657941725,5116478.32235232,-0.732
46.1794066699682,-72.7334194645069,91,188,674936.657941725,5116478.32235234,-0.652
46.1793552771909,-72.730830209745,91,189,675136.657941727,5116478.32235235,-0.439
46.1793038258125,-72.7282409620406,91,190,675336.657941725,5116478.32235237,-0.529
46.1792523158334,-72.7256517214017,91,191,675536.657941729,5116478.32235238,-0.564
46.1792007472539,-72.7230624878362,91,192,675736.65794173,5116478.3223524,-0.551
46.1791491200746,-72.7204732613524,91,193,675936.65794173,5116478.32235241,-0.502
46.1790974342958,-72.717884041958,91,194,676136.65794173,5116478.32235243,-0.545
46.1790456899179,-72.7152948296612,91,195,676336.65794173,5116478.32235244,-0.492
46.1789938869413,-72.71270562447,91,196,676536.657941732,5116478.32235246,-0.494
46.1789420253665,-72.7101164263925,91,197,676736.657941733,5116478.32235247,-0.488
46.178890105194,-72.7075272354365,91,198,676936.657941732,5116478.32235249,-0.422
46.178838126424,-72.7049380516101,91,199,677136.657941732,5116478.3223525,-0.312
46.1824055106865,-72.9898548740627,92,89,655136.657941678,5116278.32235091,-0.215
46.1823599242417,-72.9872650446929,92,90,655336.657941678,5116278.32235092,-0.213
46.1823142791607,-72.9846752215854,92,91,655536.657941681,5116278.32235093,-0.221
46.1822685754439,-72.9820854047481,92,92,655736.657941683,5116278.32235095,-0.078
46.1821769921042,-72.9769057899163,92,94,656136.657941682,5116278.32235098,-0.127
46.1821311124821,-72.9743159919379,92,95,656336.65794168,5116278.32235099,-0.143
46.1820851742256,-72.9717262002619,92,96,656536.657941684,5116278.32235101,-0.302
46.1820391773352,-72.9691364148962,92,97,656736.657941686,5116278.32235102,-0.429
46.1819931218112,-72.966546635849,92,98,656936.657941684,5116278.32235103,-0.725
46.1819470076539,-72.9639568631283,92,99,657136.657941683,5116278.32235105,-1.012
46.1819008348637,-72.961367096742,92,100,657336.657941685,5116278.32235106,-1.359
46.1818546034411,-72.9587773366983,92,101,657536.657941685,5116278.32235108,-1.418
46.1818083133863,-72.956187583005,92,102,657736.657941687,5116278.32235109,-1.088
46.1817619646998,-72.9535978356704,92,103,657936.657941686,5116278.32235111,-1.103
46.1817155573819,-72.9510080947024,92,104,658136.657941689,5116278.32235112,-1.005
46.181669091433,-72.948418360109,92,105,658336.657941686,5116278.32235114,-0.974
46.1816225668534,-72.9458286318983,92,106,658536.657941689,5116278.32235115,-1.32
46.1815759836436,-72.9432389100782,92,107,658736.65794169,5116278.32235117,-1.963
46.181529341804,-72.9406491946569,92,108,658936.657941687,5116278.32235118,-2.814
46.1814826413348,-72.9380594856423,92,109,659136.657941691,5116278.32235119,-4.151
46.1814358822365,-72.9354697830425,92,110,659336.657941689,5116278.32235121,-4.445
46.1813890645095,-72.9328800868655,92,111,659536.657941693,5116278.32235122,-4.431
46.181342188154,-72.9302903971193,92,112,659736.65794169,5116278.32235124,-3.872
46.1812952531706,-72.927700713812,92,113,659936.657941694,5116278.32235125,-3.711
46.1812482595596,-72.9251110369516,92,114,660136.657941692,5116278.32235127,-2.702
46.1812012073213,-72.9225213665461,92,115,660336.657941696,5116278.32235128,-2.109
46.1811540964562,-72.9199317026035,92,116,660536.657941692,5116278.32235129,-2.399
46.1811069269646,-72.917342045132,92,117,660736.657941692,5116278.32235131,-12.018
46.1810596988469,-72.9147523941394,92,118,660936.657941695,5116278.32235132,-15.088
46.1810124121035,-72.9121627496338,92,119,661136.657941695,5116278.32235134,-15.008
46.1809650667347,-72.9095731116233,92,120,661336.657941695,5116278.32235135,-14.138
46.180917662741,-72.9069834801159,92,121,661536.657941699,5116278.32235137,-5.795
46.1808702001227,-72.9043938551196,92,122,661736.657941697,5116278.32235138,-4.132
46.1808226788802,-72.9018042366424,92,123,661936.6579417,5116278.3223514,-2.283
46.180775099014,-72.8992146246924,92,124,662136.6579417,5116278.32235141,-1.454
46.1807274605243,-72.8966250192776,92,125,662336.657941699,5116278.32235143,-1.586
46.1806797634115,-72.894035420406,92,126,662536.6579417,5116278.32235144,-1.879
46.1806320076761,-72.8914458280856,92,127,662736.657941701,5116278.32235146,-2.121
46.1805841933184,-72.8888562423245,92,128,662936.657941699,5116278.32235147,-2.269
46.1805363203389,-72.8862666631307,92,129,663136.657941703,5116278.32235148,-2.559
46.1804883887378,-72.8836770905122,92,130,663336.657941705,5116278.3223515,-2.854
46.1804403985156,-72.8810875244771,92,131,663536.657941703,5116278.32235151,-3.119
46.1803923496728,-72.8784979650333,92,132,663736.657941704,5116278.32235153,-3.244
46.1803442422095,-72.8759084121889,92,133,663936.657941704,5116278.32235154,-3.131
46.1802960761263,-72.873318865952,92,134,664136.657941704,5116278.32235156,-3.044
46.1802478514236,-72.8707293263305,92,135,664336.657941704,5116278.32235157,-2.929
46.1801995681016,-72.8681397933325,92,136,664536.657941707,5116278.32235158,-2.989
46.1801512261609,-72.865550266966,92,137,664736.657941707,5116278.3223516,-2.999
46.1801028256018,-72.862960747239,92,138,664936.657941707,5116278.32235161,-3.062
46.1800543664247,-72.8603712341595,92,139,665136.65794171,5116278.32235163,-3.119
46.18000584863,-72.8577817277356,92,140,665336.657941706,5116278.32235164,-3.097
46.179957272218,-72.8551922279753,92,141,665536.657941711,5116278.32235166,-3.068
46.1799086371893,-72.8526027348867,92,142,665736.657941707,5116278.32235167,-3.094
46.179859943544,-72.8500132484777,92,143,665936.657941709,5116278.32235169,-3.102
46.1798111912828,-72.8474237687563,92,144,666136.657941712,5116278.3223517,-3.204
46.1797623804058,-72.8448342957307,92,145,666336.657941709,5116278.32235172,-3.404
46.1797135109136,-72.8422448294087,92,146,666536.657941713,5116278.32235173,-3.461
46.1796645828066,-72.8396553697985,92,147,666736.657941713,5116278.32235174,-3.382
46.179615596085,-72.8370659169081,92,148,666936.657941713,5116278.32235176,-3.382
46.1795665507494,-72.8344764707455,92,149,667136.657941715,5116278.32235177,-3.266
46.1795174468001,-72.8318870313187,92,150,667336.657941713,5116278.32235179,-3.128
46.1794682842375,-72.8292975986357,92,151,667536.657941715,5116278.3223518,-3.074
46.179419063062,-72.8267081727046,92,152,667736.657941718,5116278.32235182,-3.017
46.1793697832741,-72.8241187535333,92,153,667936.657941715,5116278.32235183,-2.872
46.179320444874,-72.82152934113,92,154,668136.657941718,5116278.32235184,-2.704
46.1792710478622,-72.8189399355026,92,155,668336.65794172,5116278.32235186,-2.573
46.1792215922391,-72.8163505366591,92,156,668536.657941717,5116278.32235188,-2.783
46.1791720780051,-72.8137611446076,92,157,668736.657941718,5116278.32235189,-2.95
46.1791225051607,-72.8111717593561,92,158,668936.65794172,5116278.3223519,-3.051
46.1790728737061,-72.8085823809127,92,159,669136.657941723,5116278.32235192,-3.184
46.1790231836417,-72.8059930092852,92,160,669336.657941724,5116278.32235193,-3.221
46.1789734349681,-72.8034036444818,92,161,669536.657941722,5116278.32235195,-3.123
46.1789236276856,-72.8008142865106,92,162,669736.657941724,5116278.32235196,-2.974
46.1788737617946,-72.7982249353794,92,163,669936.657941725,5116278.32235198,-2.89
46.1788238372955,-72.7956355910963,92,164,670136.657941726,5116278.32235199,-2.637
46.1787738541887,-72.7930462536694,92,165,670336.657941722,5116278.32235201,-2.488
46.1787238124745,-72.7904569231066,92,166,670536.657941724,5116278.32235202,-2.29
46.1786737121535,-72.7878675994161,92,167,670736.657941727,5116278.32235203,-2.038
46.178623553226,-72.7852782826057,92,168,670936.657941724,5116278.32235205,-1.812
46.1785733356925,-72.7826889726836,92,169,671136.657941727,5116278.32235206,-1.76
46.1785230595532,-72.7800996696578,92,170,671336.657941729,5116278.32235208,-1.823
46.1784727248086,-72.7775103735362,92,171,671536.657941729,5116278.32235209,-1.879
46.1784223314592,-72.7749210843269,92,172,671736.65794173,5116278.32235211,-1.88
46.1783718795053,-72.7723318020379,92,173,671936.657941729,5116278.32235212,-1.852
46.1783213689474,-72.7697425266773,92,174,672136.65794173,5116278.32235214,-1.647
46.1782707997858,-72.767153258253,92,175,672336.657941731,5116278.32235215,-1.197
46.178220172021,-72.764563996773,92,176,672536.657941734,5116278.32235216,-0.892
46.1781694856533,-72.7619747422455,92,177,672736.657941733,5116278.32235218,-0.809
46.1781187406832,-72.7593854946784,92,178,672936.657941735,5116278.32235219,-0.835
46.1780679371111,-72.7567962540797,92,179,673136.657941735,5116278.32235221,-0.746
46.1780170749374,-72.7542070204575,92,180,673336.657941734,5116278.32235222,-0.646
46.1779661541625,-72.7516177938197,92,181,673536.657941735,5116278.32235224,-0.444
46.1779151747868,-72.7490285741745,92,182,673736.657941735,5116278.32235225,-0.356
46.1778641368107,-72.7464393615297,92,183,673936.657941735,5116278.32235227,-0.544
46.1778130402346,-72.7438501558935,92,184,674136.657941739,5116278.32235228,-0.667
46.177761885059,-72.7412609572738,92,185,674336.657941738,5116278.32235229,-0.653
46.1777106712842,-72.7386717656787,92,186,674536.657941739,5116278.32235231,-0.674
46.1776593989108,-72.7360825811161,92,187,674736.657941739,5116278.32235232,-0.665
46.177608067939,-72.7334934035942,92,188,674936.657941742,5116278.32235234,-0.578
46.1775566783693,-72.7309042331209,92,189,675136.65794174,5116278.32235235,-0.509
46.1775052302021,-72.7283150697042,92,190,675336.657941741,5116278.32235237,-0.529
46.1774537234378,-72.7257259133522,92,191,675536.657941742,5116278.32235238,-0.539
46.1774021580769,-72.7231367640728,92,192,675736.657941742,5116278.3223524,-0.518
46.1773505341197,-72.7205476218742,92,193,675936.657941743,5116278.32235241,-0.494
46.1772988515667,-72.7179584867642,92,194,676136.657941744,5116278.32235242,-0.505
46.1772471104183,-72.715369358751,92,195,676336.657941745,5116278.32235244,-0.447
46.1771953106749,-72.7127802378425,92,196,676536.657941746,5116278.32235245,-0.461
46.1771434523369,-72.7101911240468,92,197,676736.657941745,5116278.32235247,-0.389
46.1770915354047,-72.7076020173718,92,198,676936.657941748,5116278.32235248,-0.217
46.1770395598788,-72.7050129178257,92,199,677136.657941749,5116278.3223525,-0.008
46.1806066085496,-72.9899204583546,93,89,655136.657941692,5116078.3223509,-0.061
46.1804239223593,-72.9795615159103,93,93,655936.657941694,5116078.32235096,-0.258
46.1803781042322,-72.9769717959931,93,94,656136.657941697,5116078.32235098,-0.309
46.1803322274741,-72.9743820823695,93,95,656336.657941697,5116078.32235099,-0.389
46.1802862920852,-72.9717923750474,93,96,656536.657941697,5116078.32235101,-0.626
46.1802402980661,-72.9692026740351,93,97,656736.657941696,5116078.32235102,-0.922
46.1801942454169,-72.9666129793404,93,98,656936.6579417,5116078.32235103,-1.336
46.1801481341382,-72.9640232909714,93,99,657136.657941699,5116078.32235105,-1.416
46.1801019642303,-72.9614336089361,93,100,657336.657941697,5116078.32235106,-1.413
46.1800557356935,-72.9588439332426,93,101,657536.657941699,5116078.32235108,-1.527
46.1800094485282,-72.956254263899,93,102,657736.6579417,5116078.32235109,-1.277
46.1799631027349,-72.9536646009131,93,103,657936.657941703,5116078.32235111,-1.186
46.1799166983138,-72.9510749442931,93,104,658136.657941702,5116078.32235112,-1.029
46.1798702352654,-72.9484852940469,93,105,658336.657941704,5116078.32235114,-1.408
46.17982371359,-72.9458956501827,93,106,658536.657941701,5116078.32235115,-2.411
46.179777133288,-72.9433060127084,93,107,658736.657941704,5116078.32235117,-3.063
46.1797304943598,-72.940716381632,93,108,658936.657941704,5116078.32235118,-4.239
46.1796837968058,-72.9381267569617,93,109,659136.657941704,5116078.32235119,-4.712
46.1796370406262,-72.9355371387054,93,110,659336.657941706,5116078.32235121,-4.641
46.1795902258216,-72.9329475268711,93,111,659536.657941706,5116078.32235122,-4.107
46.1795433523923,-72.9303579214669,93,112,659736.657941706,5116078.32235124,-3.389
46.1794964203386,-72.9277683225007,93,113,659936.657941707,5116078.32235125,-2.429
46.179449429661,-72.9251787299807,93,114,660136.657941706,5116078.32235127,-1.826
46.1794023803597,-72.9225891439149,93,115,660336.657941706,5116078.32235128,-2.12
46.1793552724353,-72.9199995643113,93,116,660536.657941707,5116078.3223513,-11.388
46.1793081058881,-72.9174099911778,93,117,660736.657941707,5116078.32235131,-14.958
46.1792608807183,-72.9148204245226,93,118,660936.657941709,5116078.32235132,-14.998
46.1792135969266,-72.9122308643536,93,119,661136.657941709,5116078.32235134,-14.108
46.1791662545131,-72.909641310679,93,120,661336.657941709,5116078.32235135,-5.645
46.1791188534784,-72.9070517635066,93,121,661536.657941711,5116078.32235137,-3.695
46.1790713938227,-72.9044622228446,93,122,661736.657941712,5116078.32235138,-2.189
46.1790238755466,-72.9018726887009,93,123,661936.657941713,5116078.3223514,-1.752
46.1789762986502,-72.8992831610837,93,124,662136.657941714,5116078.32235141,-1.711
46.1789286631341,-72.8966936400008,93,125,662336.657941713,5116078.32235143,-1.828
46.1788809689986,-72.8941041254604,93,126,662536.657941714,5116078.32235144,-2.172
46.1788332162441,-72.8915146174705,93,127,662736.657941714,5116078.32235145,-2.448
46.178785404871,-72.8889251160391,93,128,662936.657941717,5116078.32235147,-2.653
46.1787375348796,-72.8863356211741,93,129,663136.657941718,5116078.32235149,-2.865
46.1786896062704,-72.8837461328838,93,130,663336.657941715,5116078.3223515,-3.076
46.1786416190437,-72.8811566511759,93,131,663536.65794172,5116078.32235151,-3.105
46.1785935732,-72.8785671760587,93,132,663736.657941718,5116078.32235153,-3.016
46.1785454687396,-72.8759777075401,93,133,663936.657941718,5116078.32235154,-2.98
46.1784973056629,-72.8733882456281,93,134,664136.65794172,5116078.32235156,-2.992
46.1784490839702,-72.8707987903309,93,135,664336.657941721,5116078.32235157,-2.935
46.1784008036621,-72.8682093416563,93,136,664536.657941719,5116078.32235159,-2.95
46.1783524647388,-72.8656198996124,93,137,664736.657941721,5116078.3223516,-2.99
46.1783040672008,-72.8630304642072,93,138,664936.657941721,5116078.32235162,-2.985
46.1782556110484,-72.8604410354488,93,139,665136.657941722,5116078.32235163,-2.985
46.1782070962821,-72.8578516133452,93,140,665336.657941723,5116078.32235164,-3.044
46.1781585229022,-72.8552621979044,93,141,665536.657941726,5116078.32235166,-3.069
46.1781098909091,-72.8526727891344,93,142,665736.657941722,5116078.32235167,-3.097
46.1780612003032,-72.8500833870433,93,143,665936.657941726,5116078.32235169,-3.159
46.178012451085,-72.8474939916391,93,144,666136.657941725,5116078.3223517,-3.264
46.1779636432547,-72.8449046029298,93,145,666336.657941728,5116078.32235171,-3.336
46.1779147768128,-72.8423152209234,93,146,666536.657941728,5116078.32235173,-3.357
46.1778658517597,-72.8397258456279,93,147,666736.657941729,5116078.32235174,-3.31
46.1778168680958,-72.8371364770515,93,148,666936.657941727,5116078.32235176,-3.285
46.1777678258214,-72.834547115202,93,149,667136.657941729,5116078.32235177,-3.139
46.1777187249371,-72.8319577600875,93,150,667336.657941729,5116078.32235179,-3.006
46.177669565443,-72.8293684117161,93,151,667536.65794173,5116078.3223518,-3.041
46.1776203473398,-72.8267790700957,93,152,667736.65794173,5116078.32235182,-3.084
46.1775710706277,-72.8241897352344,93,153,667936.657941731,5116078.32235183,-2.999
46.1775217353072,-72.8216004071402,93,154,668136.657941733,5116078.32235185,-2.813
46.1774723413786,-72.8190110858212,93,155,668336.657941734,5116078.32235186,-2.824
46.1774228888423,-72.8164217712853,93,156,668536.657941732,5116078.32235187,-2.912
46.1773733776988,-72.8138324635405,93,157,668736.657941734,5116078.32235189,-3.022
46.1773238079485,-72.811243162595,93,158,668936.657941734,5116078.3223519,-3.163
46.1772741795917,-72.8086538684567,93,159,669136.657941736,5116078.32235192,-3.189
46.1772244926289,-72.8060645811336,93,160,669336.657941736,5116078.32235193,-2.601
46.1771747470604,-72.8034753006337,93,161,669536.657941735,5116078.32235195,-2.337
46.1771249428866,-72.8008860269651,93,162,669736.657941737,5116078.32235196,-2.449
46.177075080108,-72.7982967601359,93,163,669936.657941738,5116078.32235197,-2.552
46.1770251587249,-72.7957075001539,93,164,670136.657941737,5116078.32235199,-2.387
46.1769751787378,-72.7931182470273,93,165,670336.657941739,5116078.32235201,-2.198
46.1769251401471,-72.790529000764,93,166,670536.657941739,5116078.32235202,-2.029
46.1768750429531,-72.7879397613721,93,167,670736.65794174,5116078.32235203,-1.666
46.1768248871563,-72.7853505288596,93,168,670936.657941739,5116078.32235205,-1.318
46.176774672757,-72.7827613032346,93,169,671136.657941743,5116078.32235206,-1.429
46.1767243997557,-72.7801720845049,93,170,671336.657941743,5116078.32235208,-1.772
46.1766740681528,-72.7775828726787,93,171,671536.657941741,5116078.32235209,-1.781
46.1766236779487,-72.7749936677641,93,172,671736.657941743,5116078.32235211,-1.703
46.1765732291437,-72.7724044697688,93,173,671936.657941744,5116078.32235212,-1.696
46.1765227217384,-72.7698152787011,93,174,672136.657941746,5116078.32235214,-1.357
46.176472155733,-72.767226094569,93,175,672336.657941747,5116078.32235215,-0.872
46.1764215311281,-72.7646369173804,93,176,672536.657941746,5116078.32235217,-0.756
46.1763708479239,-72.7620477471433,93,177,672736.657941748,5116078.32235218,-0.776
46.176320106121,-72.7594585838659,93,178,672936.657941749,5116078.3223522,-0.744
46.1762693057198,-72.7568694275561,93,179,673136.657941746,5116078.32235221,-0.689
46.1762184467205,-72.7542802782218,93,180,673336.65794175,5116078.32235222,-0.559
46.1761675291238,-72.7516911358713,93,181,673536.657941751,5116078.32235224,-0.266
46.1761165529299,-72.7491020005124,93,182,673736.657941751,5116078.32235225,-0.227
46.1760655181392,-72.7465128721531,93,183,673936.657941752,5116078.32235227,-0.522
46.1760144247523,-72.7439237508016,93,184,674136.657941753,5116078.32235228,-0.603
46.1759632727694,-72.7413346364658,93,185,674336.657941752,5116078.32235229,-0.565
46.1759120621911,-72.7387455291537,93,186,674536.657941751,5116078.32235231,-0.61
46.1758607930176,-72.7361564288734,93,187,674736.657941753,5116078.32235232,-0.592
46.1758094652496,-72.7335673356329,93,188,674936.657941754,5116078.32235234,-0.562
46.1757580788872,-72.7309782494401,93,189,675136.657941755,5116078.32235235,-0.489
46.175706633931,-72.7283891703032,93,190,675336.657941756,5116078.32235237,-0.511
46.1756551303814,-72.72580009823,93,191,675536.657941756,5116078.32235238,-0.474
46.1756035682388,-72.7232110332287,93,192,675736.657941757,5116078.3223524,-0.484
46.1755519475036,-72.7206219753073,93,193,675936.657941758,5116078.32235241,-0.47
46.1755002681762,-72.7180329244737,93,194,676136.65794176,5116078.32235243,-0.412
46.1754485302571,-72.715443880736,93,195,676336.657941761,5116078.32235244,-0.345
46.1753967337466,-72.7128548441022,93,196,676536.657941759,5116078.32235245,-0.219
46.1753448786451,-72.7102658145803,93,197,676736.657941762,5116078.32235247,-0.138
46.1752929649532,-72.7076767921784,93,198,676936.657941762,5116078.32235248,-0.058
46.1786707876248,-72.9822170732007,94,92,655736.657941709,5115878.32235095,-0.196
46.1786250309856,-72.9796274313461,94,93,655936.65794171,5115878.32235096,-0.272
46.1785792157186,-72.9770377957763,94,94,656136.657941711,5115878.32235098,-0.447
46.1785333418242,-72.9744481664994,94,95,656336.65794171,5115878.32235099,-0.925
46.1784874093027,-72.9718585435234,94,96,656536.65794171,5115878.32235101,-1.452
46.1784414181546,-72.9692689268562,94,97,656736.657941711,5115878.32235102,-1.512
46.1783953683802,-72.966679316506,94,98,656936.657941711,5115878.32235103,-1.628
46.1783492599799,-72.9640897124808,94,99,657136.657941714,5115878.32235105,-1.659
46.178303092954,-72.9615001147885,94,100,657336.657941715,5115878.32235106,-1.707
46.1782568673029,-72.9589105234372,94,101,657536.657941715,5115878.32235108,-1.789
46.178210583027,-72.956320938435,94,102,657736.657941716,5115878.32235109,-1.641
46.1781642401266,-72.9537313597899,94,103,657936.657941715,5115878.32235111,-1.529
46.1781178386022,-72.9511417875099,94,104,658136.657941715,5115878.32235112,-1.765
46.1780713784541,-72.9485522216029,94,105,658336.657941716,5115878.32235114,-2.302
46.1780248596827,-72.9459626620772,94,106,658536.657941716,5115878.32235115,-3.329
46.1779782822883,-72.9433731089406,94,107,658736.657941718,5115878.32235117,-4.574
46.1779316462714,-72.9407835622012,94,108,658936.657941718,5115878.32235118,-4.909
46.1778849516322,-72.9381940218671,94,109,659136.657941718,5115878.32235119,-4.78
46.1778381983713,-72.9356044879462,94,110,659336.657941721,5115878.32235121,-4.36
46.1777913864889,-72.9330149604466,94,111,659536.657941722,5115878.32235122,-3.334
46.1777445159854,-72.9304254393763,94,112,659736.65794172,5115878.32235124,-2.162
46.1776975868613,-72.9278359247433,94,113,659936.657941721,5115878.32235125,-1.644
46.1776505991169,-72.9252464165558,94,114,660136.657941721,5115878.32235127,-2.099
46.1776035527525,-72.9226569148215,94,115,660336.657941724,5115878.32235128,-10.128
46.1775564477686,-72.9200674195488,94,116,660536.657941722,5115878.3223513,-15.098
46.1775092841655,-72.9174779307454,94,117,660736.657941723,5115878.32235131,-15.038
46.1774620619436,-72.9148884484196,94,118,660936.657941723,5115878.32235132,-13.888
46.1774147811033,-72.9122989725792,94,119,661136.657941723,5115878.32235134,-5.762
46.177367441645,-72.9097095032323,94,120,661336.657941724,5115878.32235135,-3.788
46.177320043569,-72.907120040387,94,121,661536.657941727,5115878.32235137,-2.331
46.1772725868758,-72.9045305840513,94,122,661736.657941727,5115878.32235138,-2.048
46.1772250715657,-72.9019411342331,94,123,661936.657941727,5115878.3223514,-2.002
46.1771774976391,-72.8993516909406,94,124,662136.657941726,5115878.32235141,-1.907
46.1771298650963,-72.8967622541817,94,125,662336.657941727,5115878.32235143,-2.037
46.1770821739379,-72.8941728239645,94,126,662536.657941728,5115878.32235144,-2.406
46.1770344241641,-72.8915834002969,94,127,662736.657941728,5115878.32235145,-2.808
46.1769866157753,-72.8889939831871,94,128,662936.65794173,5115878.32235147,-2.973
46.176938748772,-72.886404572643,94,129,663136.657941729,5115878.32235148,-2.966
46.1768908231544,-72.8838151686727,94,130,663336.657941731,5115878.3223515,-2.95
46.1768428389231,-72.8812257712842,94,131,663536.657941731,5115878.32235151,-2.98
46.1767947960783,-72.8786363804855,94,132,663736.657941732,5115878.32235153,-2.892
46.1767466946205,-72.8760469962847,94,133,663936.657941732,5115878.32235154,-2.875
46.1766985345501,-72.8734576186897,94,134,664136.657941734,5115878.32235155,-2.979
46.1766503158674,-72.8708682477085,94,135,664336.657941733,5115878.32235157,-3.006
46.1766020385728,-72.8682788833493,94,136,664536.657941736,5115878.32235158,-2.979
46.1765537026668,-72.86568952562,94,137,664736.657941736,5115878.3223516,-2.98
46.1765053081497,-72.8631001745287,94,138,664936.657941737,5115878.32235161,-3.016
46.1764568550218,-72.8605108300833,94,139,665136.657941738,5115878.32235163,-3.052
46.1764083432837,-72.857921492292,94,140,665336.657941736,5115878.32235164,-3.114
46.1763597729356,-72.8553321611627,94,141,665536.657941739,5115878.32235166,-3.154
46.176311143978,-72.8527428367034,94,142,665736.657941737,5115878.32235167,-3.145
46.1762624564113,-72.8501535189221,94,143,665936.657941737,5115878.32235168,-3.138
46.1762137102359,-72.847564207827,94,144,666136.657941741,5115878.3223517,-3.22
46.176164905452,-72.844974903426,94,145,666336.65794174,5115878.32235172,-3.292
46.1761160420603,-72.8423856057271,94,146,666536.65794174,5115878.32235173,-3.289
46.176067120061,-72.8397963147384,94,147,666736.65794174,5115878.32235174,-3.234
46.1760181394545,-72.8372070304678,94,148,666936.657941742,5115878.32235176,-3.123
46.1759691002412,-72.8346177529234,94,149,667136.657941742,5115878.32235177,-3.117
46.1759200024215,-72.8320284821133,94,150,667336.657941745,5115878.32235179,-3.079
46.1758708459959,-72.8294392180454,94,151,667536.657941746,5115878.3223518,-2.987
46.1758216309647,-72.8268499607278,94,152,667736.657941747,5115878.32235182,-2.999
46.1757723573283,-72.8242607101684,94,153,667936.657941748,5115878.32235183,-2.951
46.1757230250871,-72.8216714663754,94,154,668136.657941745,5115878.32235184,-2.997
46.1756736342415,-72.8190822293567,94,155,668336.657941747,5115878.32235186,-3.182
46.1756241847919,-72.8164929991203,94,156,668536.657941747,5115878.32235187,-3.164
46.1755746767387,-72.8139037756743,94,157,668736.657941748,5115878.32235189,-3.112
46.1755251100823,-72.8113145590267,94,158,668936.657941748,5115878.3223519,-3.062
46.1754754848231,-72.8087253491854,94,159,669136.657941749,5115878.32235192,-2.937
46.1754258009615,-72.8061361461587,94,160,669336.657941751,5115878.32235193,-2.506
46.1753760584979,-72.8035469499543,94,161,669536.657941751,5115878.32235195,-2.204
46.1753262574327,-72.8009577605804,94,162,669736.657941752,5115878.32235196,-2.431
46.1752763977663,-72.798368578045,94,163,669936.657941751,5115878.32235198,-2.317
46.1752264794991,-72.7957794023562,94,164,670136.657941753,5115878.32235199,-1.992
46.1751765026315,-72.7931902335218,94,165,670336.657941754,5115878.32235201,-1.778
46.1751264671639,-72.79060107155,94,166,670536.657941754,5115878.32235202,-1.515
46.1750763730968,-72.7880119164488,94,167,670736.657941753,5115878.32235203,-1.221
46.1750262204304,-72.7854227682261,94,168,670936.657941756,5115878.32235205,-1.272
46.1749760091653,-72.7828336268901,94,169,671136.657941756,5115878.32235206,-1.464
46.1749257393018,-72.7802444924486,94,170,671336.657941756,5115878.32235208,-1.689
46.1748754108403,-72.7776553649098,94,171,671536.657941757,5115878.32235209,-1.618
46.1748250237812,-72.7750662442817,94,172,671736.657941759,5115878.32235211,-1.488
46.174774578125,-72.7724771305723,94,173,671936.657941759,5115878.32235212,-1.24
46.174724073872,-72.7698880237895,94,174,672136.657941759,5115878.32235214,-0.873
46.1746735110227,-72.7672989239414,94,175,672336.657941762,5115878.32235215,-0.724
46.1746228895775,-72.7647098310361,94,176,672536.657941762,5115878.32235217,-0.711
46.1745722095367,-72.7621207450816,94,177,672736.657941761,5115878.32235218,-0.722
46.1745214709008,-72.7595316660858,94,178,672936.657941762,5115878.32235219,-0.695
46.1744706736701,-72.7569425940568,94,179,673136.657941763,5115878.32235221,-0.631
46.1744198178452,-72.7543535290025,94,180,673336.657941761,5115878.32235222,-0.479
46.1743689034264,-72.7517644709311,94,181,673536.657941764,5115878.32235224,-0.135
46.174317930414,-72.7491754198506,94,182,673736.657941765,5115878.32235225,-0.15
46.1742668988087,-72.7465863757689,94,183,673936.657941766,5115878.32235227,-0.432
46.1742158086106,-72.7439973386941,94,184,674136.657941765,5115878.32235228,-0.501
46.1741646598203,-72.7414083086341,94,185,674336.657941766,5115878.32235229,-0.529
46.1741134524381,-72.7388192855971,94,186,674536.657941769,5115878.32235231,-0.574
46.1740621864646,-72.736230269591,94,187,674736.657941769,5115878.32235232,-0.596
46.1740108619,-72.7336412606238,94,188,674936.657941769,5115878.32235234,-0.577
46.1739594787448,-72.7310522587035,94,189,675136.657941769,5115878.32235235,-0.421
46.1739080369994,-72.7284632638383,94,190,675336.657941769,5115878.32235237,-0.452
46.1738565366642,-72.725874276036,94,191,675536.657941769,5115878.32235238,-0.409
46.1738049777397,-72.7232852953047,94,192,675736.65794177,5115878.3223524,-0.349
46.1737533602263,-72.7206963216525,94,193,675936.657941775,5115878.32235241,-0.408
46.1737016841243,-72.7181073550873,94,194,676136.657941772,5115878.32235243,-0.366
46.1736499494342,-72.7155183956171,94,195,676336.657941775,5115878.32235244,-0.223
46.1735981561564,-72.71292944325,94,196,676536.657941773,5115878.32235245,-0.124
46.1769175879116,-72.9848724618019,95,91,655536.657941724,5115678.32235093,-0.038
46.1768718927532,-72.9822828980114,95,92,655736.657941725,5115678.32235095,-0.245
46.1768261389702,-72.979693340497,95,93,655936.657941723,5115678.32235096,-0.543
46.1767803265632,-72.9771037892667,95,94,656136.657941722,5115678.32235098,-1.114
46.1767344555323,-72.9745142443285,95,95,656336.657941725,5115678.32235099,-1.712
46.1766885258781,-72.9719247056904,95,96,656536.657941728,5115678.32235101,-1.932
46.1766425376009,-72.9693351733604,95,97,656736.657941727,5115678.32235102,-1.917
46.176596490701,-72.9667456473467,95,98,656936.657941728,5115678.32235103,-2.012
46.1765503851789,-72.9641561276571,95,99,657136.657941728,5115678.32235105,-2.048
46.1765042210348,-72.9615666142998,95,100,657336.657941727,5115678.32235106,-2.149
46.1764579982692,-72.9589771072828,95,101,657536.657941728,5115678.32235108,-2.123
46.1764117168825,-72.956387606614,95,102,657736.657941729,5115678.32235109,-2.131
46.176365376875,-72.9537981123016,95,103,657936.657941729,5115678.32235111,-2.231
46.176318978247,-72.9512086243535,95,104,658136.657941732,5115678.32235112,-2.577
46.176272520999,-72.9486191427778,95,105,658336.657941732,5115678.32235114,-3.551
46.1762260051314,-72.9460296675825,95,106,658536.657941732,5115678.32235115,-4.944
46.1761794306444,-72.9434401987756,95,107,658736.65794173,5115678.32235116,-5.217
46.1761327975386,-72.9408507363651,95,108,658936.657941731,5115678.32235118,-4.782
46.1760861058142,-72.9382612803592,95,109,659136.657941732,5115678.32235119,-4.186
46.1760393554716,-72.9356718307657,95,110,659336.657941733,5115678.32235121,-2.574
46.1759925465113,-72.9330823875928,95,111,659536.657941733,5115678.32235122,-1.846
46.1759456789335,-72.9304929508484,95,112,659736.657941737,5115678.32235123,-1.73
46.1758987527387,-72.9279035205406,95,113,659936.657941737,5115678.32235125,-2.382
46.1758517679273,-72.9253140966774,95,114,660136.657941736,5115678.32235126,-9.628
46.1758047244996,-72.9227246792668,95,115,660336.657941737,5115678.32235128,-15.248
46.175757622456,-72.9201352683168,95,116,660536.657941738,5115678.32235129,-15.048
46.1757104617969,-72.9175458638356,95,117,660736.657941738,5115678.32235131,-13.988
46.1756632425226,-72.914956465831,95,118,660936.65794174,5115678.32235132,-5.96
46.1756159646336,-72.9123670743112,95,119,661136.657941738,5115678.32235134,-3.519
46.1755686281302,-72.9097776892841,95,120,661336.65794174,5115678.32235135,-2.547
46.1755212330128,-72.9071883107578,95,121,661536.65794174,5115678.32235137,-2.38
46.1754737792818,-72.9045989387403,95,122,661736.657941741,5115678.32235138,-2.25
46.1754262669376,-72.9020095732396,95,123,661936.657941741,5115678.3223514,-2.277
46.1753786959806,-72.8994202142638,95,124,662136.65794174,5115678.32235141,-2.472
46.175331066411,-72.8968308618208,95,125,662336.657941743,5115678.32235142,-2.509
46.1752833782294,-72.8942415159188,95,126,662536.657941742,5115678.32235144,-2.79
46.1752356314361,-72.8916521765656,95,127,662736.657941744,5115678.32235145,-2.902
46.1751878260315,-72.8890628437694,95,128,662936.657941746,5115678.32235147,-2.932
46.175139962016,-72.8864735175382,95,129,663136.657941744,5115678.32235148,-2.927
46.1750920393899,-72.8838841978799,95,130,663336.657941748,5115678.3223515,-2.878
46.1750440581537,-72.8812948848027,95,131,663536.657941745,5115678.32235151,-2.878
46.1749960183077,-72.8787055783145,95,132,663736.657941745,5115678.32235153,-2.887
46.1749479198523,-72.8761162784233,95,133,663936.657941748,5115678.32235154,-2.902
46.174899762788,-72.8735269851373,95,134,664136.657941747,5115678.32235156,-2.965
46.174851547115,-72.8709376984643,95,135,664336.65794175,5115678.32235157,-2.998
46.1748032728338,-72.8683484184124,95,136,664536.65794175,5115678.32235158,-2.957
46.1747549399448,-72.8657591449897,95,137,664736.657941751,5115678.3223516,-3.003
46.1747065484484,-72.8631698782042,95,138,664936.657941751,5115678.32235161,-3.1
46.1746580983449,-72.8605806180639,95,139,665136.657941752,5115678.32235163,-3.122
46.1746095896348,-72.8579913645767,95,140,665336.657941753,5115678.32235164,-3.078
46.1745610223184,-72.8554021177508,95,141,665536.657941753,5115678.32235166,-3.045
46.1745123963961,-72.8528128775942,95,142,665736.657941754,5115678.32235167,-3.06
46.1744637118684,-72.8502236441148,95,143,665936.657941755,5115678.32235169,-3.144
46.1744149687355,-72.8476344173208,95,144,666136.657941754,5115678.3223517,-3.246
46.174366166998,-72.84504519722,95,145,666336.657941754,5115678.32235171,-3.268
46.1743173066561,-72.8424559838206,95,146,666536.657941756,5115678.32235173,-3.233
46.1742683877104,-72.8398667771306,95,147,666736.657941756,5115678.32235174,-3.128
46.1742194101611,-72.8372775771579,95,148,666936.657941756,5115678.32235176,-3.032
46.1741703740087,-72.8346883839107,95,149,667136.657941759,5115678.32235177,-3.057
46.1741212792536,-72.8320991973969,95,150,667336.657941758,5115678.32235179,-3.111
46.1740721258961,-72.8295100176245,95,151,667536.657941757,5115678.3223518,-3.062
46.1740229139367,-72.8269208446015,95,152,667736.657941758,5115678.32235181,-2.935
46.1739736433758,-72.8243316783361,95,153,667936.657941762,5115678.32235183,-2.947
46.1739243142138,-72.8217425188362,95,154,668136.657941762,5115678.32235185,-3.192
46.173874926451,-72.8191533661098,95,155,668336.657941762,5115678.32235186,-3.131
46.1738254800878,-72.8165642201649,95,156,668536.657941761,5115678.32235187,-2.779
46.1737759751247,-72.8139750810096,95,157,668736.657941762,5115678.32235189,-2.804
46.1737264115621,-72.8113859486519,95,158,668936.657941764,5115678.3223519,-2.859
46.1736767894003,-72.8087968230998,95,159,669136.657941763,5115678.32235192,-2.772
46.1736271086397,-72.8062077043613,95,160,669336.657941767,5115678.32235193,-2.634
46.1735773692808,-72.8036185924444,95,161,669536.657941766,5115678.32235195,-2.364
46.173527571324,-72.8010294873572,95,162,669736.657941767,5115678.32235196,-2.04
46.1734777147696,-72.7984403891077,95,163,669936.657941767,5115678.32235198,-1.61
46.1734277996181,-72.7958512977039,95,164,670136.657941769,5115678.32235199,-1.301
46.1733778258698,-72.7932622131538,95,165,670336.657941767,5115678.32235201,-1.35
46.1733277935252,-72.7906731354655,95,166,670536.657941767,5115678.32235202,-1.345
46.1732777025846,-72.7880840646468,95,167,670736.657941769,5115678.32235203,-1.254
46.1732275530485,-72.785495000706,95,168,670936.657941769,5115678.32235205,-1.389
46.1731773449173,-72.7829059436509,95,169,671136.65794177,5115678.32235206,-1.446
46.1731270781913,-72.7803168934897,95,170,671336.657941771,5115678.32235208,-1.53
46.1730767528711,-72.7777278502303,95,171,671536.657941773,5115678.32235209,-1.405
46.1730263689569,-72.7751388138807,95,172,671736.657941772,5115678.3223521,-1.269
46.1729759264492,-72.772549784449,95,173,671936.657941776,5115678.32235212,-0.874
46.1729254253484,-72.7699607619431,95,174,672136.657941776,5115678.32235213,-0.644
46.1728748656549,-72.7673717463712,95,175,672336.657941775,5115678.32235215,-0.68
46.1728242473692,-72.7647827377411,95,176,672536.657941775,5115678.32235216,-0.64
46.1727735704915,-72.762193736061,95,177,672736.657941777,5115678.32235218,-0.674
46.1727228350224,-72.7596047413388,95,178,672936.657941776,5115678.32235219,-0.7
46.1726720409622,-72.7570157535826,95,179,673136.657941777,5115678.32235221,-0.672
46.1726211883113,-72.7544267728004,95,180,673336.657941776,5115678.32235222,-0.491
46.1725702770702,-72.7518377990002,95,181,673536.657941779,5115678.32235224,-0.174
46.1725193072393,-72.7492488321899,95,182,673736.657941782,5115678.32235225,-0.038
46.172468278819,-72.7466598723777,95,183,673936.657941781,5115678.32235226,-0.26
46.1724171918096,-72.7440709195716,95,184,674136.657941781,5115678.32235228,-0.399
46.1723660462116,-72.7414819737795,95,185,674336.657941781,5115678.32235229,-0.5
46.1723148420255,-72.7388930350095,95,186,674536.657941782,5115678.32235231,-0.549
46.1722635792515,-72.7363041032695,95,187,674736.657941783,5115678.32235232,-0.539
46.1722122578902,-72.7337151785677,95,188,674936.657941786,5115678.32235234,-0.44
46.172160877942,-72.731126260912,95,189,675136.657941784,5115678.32235235,-0.333
46.1721094394072,-72.7285373503104,95,190,675336.657941784,5115678.32235237,-0.44
46.1720579422863,-72.725948446771,95,191,675536.657941787,5115678.32235238,-0.407
46.1720063865797,-72.7233595503018,95,192,675736.657941788,5115678.32235239,-0.364
46.1719547722878,-72.7207706609107,95,193,675936.657941785,5115678.32235241,-0.389
46.171903099411,-72.7181817786058,95,194,676136.657941788,5115678.32235242,-0.336
46.1718513679497,-72.7155929033951,95,195,676336.657941789,5115678.32235244,-0.151
46.1751186895463,-72.9849381960037,96,91,655536.657941737,5115478.32235093,-0.013
46.1750729972403,-72.9823487165461,96,92,655736.657941738,5115478.32235095,-0.449
46.1750272463134,-72.9797592433639,96,93,655936.657941739,5115478.32235096,-1.438
46.1749814367661,-72.9771697764649,96,94,656136.657941738,5115478.32235097,-1.979
46.1749355685986,-72.9745803158574,96,95,656336.657941739,5115478.32235099,-2.372
46.1748896418115,-72.9719908615492,96,96,656536.657941739,5115478.32235101,-2.589
46.1748436564049,-72.9694014135485,96,97,656736.657941739,5115478.32235102,-2.709
46.1747976123794,-72.9668119718631,96,98,656936.657941741,5115478.32235103,-2.702
46.1747515097353,-72.9642225365013,96,99,657136.657941744,5115478.32235105,-2.61
46.1747053484729,-72.9616331074709,96,100,657336.657941742,5115478.32235106,-2.517
46.1746591285926,-72.95904368478,96,101,657536.657941743,5115478.32235108,-2.586
46.1746128500948,-72.9564542684367,96,102,657736.657941746,5115478.32235109,-2.675
46.1745665129799,-72.953864858449,96,103,657936.657941745,5115478.32235111,-2.909
46.1745201172482,-72.9512754548248,96,104,658136.657941747,5115478.32235112,-3.747
46.1744736629002,-72.9486860575723,96,105,658336.657941747,5115478.32235114,-5.002
46.1744271499361,-72.9460966666994,96,106,658536.657941748,5115478.32235115,-5.221
46.1743805783564,-72.9435072822141,96,107,658736.657941749,5115478.32235117,-4.956
46.1743339481614,-72.9409179041246,96,108,658936.657941748,5115478.32235118,-3.691
46.1742872593516,-72.9383285324388,96,109,659136.657941748,5115478.32235119,-2.559
46.1742405119272,-72.9357391671647,96,110,659336.657941748,5115478.32235121,-1.928
46.1741937058888,-72.9331498083104,96,111,659536.65794175,5115478.32235122,-1.967
46.1741468412365,-72.9305604558839,96,112,659736.65794175,5115478.32235124,-2.725
46.1740999179709,-72.9279711098932,96,113,659936.65794175,5115478.32235125,-10.448
46.1740529360923,-72.9253817703463,96,114,660136.657941749,5115478.32235127,-15.038
46.174005895601,-72.9227924372513,96,115,660336.65794175,5115478.32235128,-14.968
46.1739587964976,-72.9202031106162,96,116,660536.657941751,5115478.32235129,-13.888
46.1739116387822,-72.917613790449,96,117,660736.657941754,5115478.32235131,-6.259
46.1738644224554,-72.9150244767578,96,118,660936.657941752,5115478.32235132,-4.227
46.1738171475175,-72.9124351695505,96,119,661136.657941754,5115478.32235134,-2.718
46.1737698139688,-72.9098458688351,96,120,661336.657941754,5115478.32235135,-2.451
46.1737224218098,-72.9072565746198,96,121,661536.657941757,5115478.32235137,-2.455
46.1736749710409,-72.9046672869125,96,122,661736.657941756,5115478.32235138,-2.549
46.1736274616624,-72.9020780057213,96,123,661936.657941758,5115478.3223514,-2.608
46.1735798936747,-72.8994887310542,96,124,662136.657941757,5115478.32235141,-2.862
46.1735322670782,-72.8968994629191,96,125,662336.657941757,5115478.32235142,-3.062
46.1734845818732,-72.8943102013242,96,126,662536.657941759,5115478.32235144,-2.889
46.1734368380602,-72.8917209462774,96,127,662736.657941759,5115478.32235145,-2.774
46.1733890356396,-72.8891316977868,96,128,662936.657941759,5115478.32235147,-2.801
46.1733411746117,-72.8865424558603,96,129,663136.657941761,5115478.32235148,-2.842
46.1732932549769,-72.8839532205061,96,130,663336.657941761,5115478.3223515,-2.852
46.1732452767356,-72.8813639917321,96,131,663536.65794176,5115478.32235151,-2.861
46.1731972398882,-72.8787747695464,96,132,663736.657941761,5115478.32235153,-2.919
46.1731491444351,-72.8761855539569,96,133,663936.65794176,5115478.32235154,-3.01
46.1731009903766,-72.8735963449718,96,134,664136.657941761,5115478.32235155,-2.984
46.1730527777132,-72.8710071425989,96,135,664336.657941765,5115478.32235157,-2.955
46.1730045064452,-72.8684179468464,96,136,664536.657941764,5115478.32235158,-3.009
46.172956176573,-72.8658287577223,96,137,664736.657941763,5115478.3223516,-3.074
46.1729077880971,-72.8632395752345,96,138,664936.657941766,5115478.32235161,-3.131
46.1728593410178,-72.8606503993912,96,139,665136.657941766,5115478.32235163,-3.111
46.1728108353354,-72.8580612302003,96,140,665336.657941764,5115478.32235164,-3.048
46.1727622710505,-72.8554720676698,96,141,665536.657941766,5115478.32235165,-3.052
46.1727136481633,-72.8528829118078,96,142,665736.657941768,5115478.32235167,-3.147
46.1726649666743,-72.8502937626223,96,143,665936.657941767,5115478.32235168,-3.169
46.1726162265839,-72.8477046201212,96,144,666136.657941771,5115478.3223517,-3.196
46.1725674278924,-72.8451154843128,96,145,666336.657941768,5115478.32235171,-3.115
46.1725185706003,-72.8425263552048,96,146,666536.657941771,5115478.32235173,-3.068
46.1724696547079,-72.8399372328055,96,147,666736.657941769,5115478.32235174,-3.097
46.1724206802157,-72.8373481171227,96,148,666936.657941772,5115478.32235176,-3.097
46.172371647124,-72.8347590081645,96,149,667136.657941771,5115478.32235177,-3.154
46.1723225554332,-72.832169905939,96,150,667336.657941773,5115478.32235179,-3.076
46.1722734051437,-72.8295808104541,96,151,667536.657941775,5115478.3223518,-2.994
46.172224196256,-72.8269917217178,96,152,667736.657941772,5115478.32235182,-2.986
46.1721749287703,-72.8244026397383,96,153,667936.657941775,5115478.32235183,-3.051
46.1721256026872,-72.8218135645235,96,154,668136.657941773,5115478.32235184,-3.042
46.172076218007,-72.8192244960813,96,155,668336.657941777,5115478.32235186,-2.482
46.1720267747301,-72.81663543442,96,156,668536.657941778,5115478.32235187,-2.178
46.1719772728569,-72.8140463795474,96,157,668736.657941777,5115478.32235189,-2.307
46.1719277123878,-72.8114573314715,96,158,668936.657941777,5115478.3223519,-2.451
46.1718780933232,-72.8088682902005,96,159,669136.65794178,5115478.32235192,-2.298
46.1718284156635,-72.8062792557423,96,160,669336.65794178,5115478.32235193,-2.258
46.1717786794091,-72.8036902281049,96,161,669536.65794178,5115478.32235194,-1.81
46.1717288845604,-72.8011012072964,96,162,669736.657941782,5115478.32235196,-1.627
46.1716790311178,-72.7985121933247,96,163,669936.65794178,5115478.32235198,-1.314
46.1716291190817,-72.7959231861979,96,164,670136.65794178,5115478.32235199,-1.152
46.1715791484526,-72.7933341859241,96,165,670336.657941785,5115478.322352,-1.414
46.1715291192307,-72.7907451925111,96,166,670536.657941784,5115478.32235202,-1.402
46.1714790314166,-72.7881562059671,96,167,670736.657941784,5115478.32235203,-1.384
46.1714288850106,-72.7855672263001,96,168,670936.657941784,5115478.32235205,-1.447
46.1713786800131,-72.782978253518,96,169,671136.657941784,5115478.32235206,-1.339
46.1713284164245,-72.7803892876289,96,170,671336.657941784,5115478.32235208,-1.417
46.1712780942452,-72.7778003286409,96,171,671536.657941785,5115478.32235209,-1.284
46.1712277134757,-72.7752113765618,96,172,671736.657941786,5115478.3223521,-0.982
46.1711772741164,-72.7726224313998,96,173,671936.657941789,5115478.32235212,-0.699
46.1711267761675,-72.7700334931629,96,174,672136.657941788,5115478.32235213,-0.662
46.1710762196297,-72.767444561859,96,175,672336.657941788,5115478.32235215,-0.665
46.1710256045032,-72.7648556374962,96,176,672536.657941789,5115478.32235216,-0.617
46.1709749307885,-72.7622667200825,96,177,672736.657941791,5115478.32235218,-0.66
46.1709241984859,-72.759677809626,96,178,672936.65794179,5115478.32235219,-0.689
46.1708734075959,-72.7570889061346,96,179,673136.657941791,5115478.32235221,-0.693
46.170822558119,-72.7545000096163,96,180,673336.657941793,5115478.32235222,-0.587
46.1707716500554,-72.7519111200792,96,181,673536.657941792,5115478.32235224,-0.421
46.1707206834057,-72.7493222375313,96,182,673736.657941796,5115478.32235225,-0.195
46.1706696581702,-72.7467333619806,96,183,673936.657941794,5115478.32235227,-0.098
46.1706185743493,-72.7441444934351,96,184,674136.657941797,5115478.32235228,-0.242
46.1705674319434,-72.7415556319028,96,185,674336.657941794,5115478.32235229,-0.429
46.1705162309531,-72.7389667773918,96,186,674536.657941795,5115478.32235231,-0.479
46.1704649713786,-72.73637792991,96,187,674736.657941799,5115478.32235232,-0.386
46.1704136532204,-72.7337890894656,96,188,674936.657941799,5115478.32235234,-0.304
46.1703622764789,-72.7312002560663,96,189,675136.657941797,5115478.32235235,-0.302
46.1703108411544,-72.7286114297204,96,190,675336.657941799,5115478.32235237,-0.387
46.1702593472476,-72.7260226104359,96,191,675536.657941799,5115478.32235238,-0.463
46.1702077947587,-72.7234337982206,96,192,675736.657941803,5115478.32235239,-0.47
46.1701561836881,-72.7208449930827,96,193,675936.657941801,5115478.32235241,-0.356
46.1701045140363,-72.7182561950301,96,194,676136.657941803,5115478.32235242,-0.17
46.1700527858037,-72.7156674040709,96,195,676336.657941803,5115478.32235244,-0.116
46.1733197905398,-72.9850039239382,97,91,655536.65794175,5115278.32235093,-0.436
46.173274101086,-72.9824145288055,97,92,655736.657941753,5115278.32235095,-1.654
46.1732283530151,-72.9798251399474,97,93,655936.657941752,5115278.32235096,-2.601
46.1731825463273,-72.9772357573719,97,94,656136.657941752,5115278.32235098,-2.772
46.1731366810231,-72.9746463810869,97,95,656336.657941755,5115278.32235099,-3.191
46.1730907571027,-72.9720570111007,97,96,656536.657941755,5115278.32235101,-3.566
46.1730447745667,-72.969467647421,97,97,656736.657941756,5115278.32235102,-3.391
46.1729987334154,-72.9668782900561,97,98,656936.657941757,5115278.32235103,-3.145
46.172952633649,-72.9642889390139,97,99,657136.657941755,5115278.32235105,-3.107
46.1729064752681,-72.9616995943025,97,100,657336.657941759,5115278.32235106,-2.982
46.172860258273,-72.9591102559298,97,101,657536.657941758,5115278.32235108,-2.835
46.172813982664,-72.9565209239038,97,102,657736.657941759,5115278.32235109,-3.029
46.1727676484415,-72.9539315982327,97,103,657936.657941758,5115278.32235111,-3.54
46.1727212556059,-72.9513422789245,97,104,658136.657941757,5115278.32235112,-5.264
46.1726748041576,-72.9487529659871,97,105,658336.657941759,5115278.32235114,-4.871
46.1726282940969,-72.9461636594286,97,106,658536.657941762,5115278.32235115,-3.779
46.1725817254243,-72.943574359257,97,107,658736.657941761,5115278.32235116,-3.489
46.17253509814,-72.9409850654804,97,108,658936.657941759,5115278.32235118,-2.487
46.1724884122445,-72.9383957781067,97,109,659136.657941763,5115278.32235119,-1.89
46.1724416677382,-72.935806497144,97,110,659336.657941763,5115278.32235121,-2.187
46.1723948646214,-72.9332172226003,97,111,659536.657941762,5115278.32235122,-3.161
46.1723480028945,-72.9306279544836,97,112,659736.657941763,5115278.32235124,-10.388
46.1723010825578,-72.928038692802,97,113,659936.657941765,5115278.32235125,-14.318
46.1722541036118,-72.9254494375634,97,114,660136.657941764,5115278.32235127,-14.708
46.1722070660569,-72.922860188776,97,115,660336.657941766,5115278.32235128,-14.158
46.1721599698933,-72.9202709464477,97,116,660536.657941764,5115278.32235129,-6.403
46.1721128151216,-72.9176817105865,97,117,660736.657941769,5115278.32235131,-4.864
46.172065601742,-72.9150924812005,97,118,660936.657941767,5115278.32235133,-3.199
46.172018329755,-72.9125032582977,97,119,661136.65794177,5115278.32235134,-2.665
46.1719709991609,-72.9099140418862,97,120,661336.657941771,5115278.32235135,-2.602
46.1719236099601,-72.9073248319738,97,121,661536.657941769,5115278.32235137,-2.599
46.171876162153,-72.9047356285687,97,122,661736.657941768,5115278.32235138,-2.711
46.17182865574,-72.9021464316789,97,123,661936.657941768,5115278.3223514,-2.777
46.1717810907214,-72.8995572413124,97,124,662136.65794177,5115278.32235141,-2.915
46.1717334670977,-72.8969680574773,97,125,662336.657941771,5115278.32235142,-2.951
46.1716857848693,-72.8943788801814,97,126,662536.65794177,5115278.32235144,-2.776
46.1716380440364,-72.891789709433,97,127,662736.657941774,5115278.32235145,-2.617
46.1715902445995,-72.8892005452399,97,128,662936.657941773,5115278.32235147,-2.665
46.1715423865591,-72.8866113876103,97,129,663136.657941773,5115278.32235148,-2.797
46.1714944699154,-72.8840222365521,97,130,663336.657941774,5115278.3223515,-2.875
46.1714464946688,-72.8814330920733,97,131,663536.657941776,5115278.32235151,-2.943
46.1713984608198,-72.878843954182,97,132,663736.657941776,5115278.32235153,-3.019
46.1713503683687,-72.8762548228862,97,133,663936.657941776,5115278.32235154,-3.02
46.1713022173159,-72.8736656981939,97,134,664136.657941777,5115278.32235155,-2.998
46.1712540076618,-72.8710765801132,97,135,664336.657941779,5115278.32235157,-3.031
46.1712057394069,-72.868487468652,97,136,664536.657941779,5115278.32235158,-3.123
46.1711574125514,-72.8658983638184,97,137,664736.657941781,5115278.3223516,-3.129
46.1711090270957,-72.8633092656205,97,138,664936.657941779,5115278.32235161,-3.101
46.1710605830404,-72.8607201740661,97,139,665136.657941782,5115278.32235163,-3.06
46.1710120803856,-72.8581310891633,97,140,665336.657941782,5115278.32235164,-3.08
46.170963519132,-72.8555420109203,97,141,665536.65794178,5115278.32235166,-3.138
46.1709148992797,-72.8529529393449,97,142,665736.65794178,5115278.32235167,-3.216
46.1708662208293,-72.8503638744452,97,143,665936.657941784,5115278.32235168,-3.195
46.1708174837811,-72.8477748162292,97,144,666136.657941785,5115278.3223517,-3.122
46.1707686881355,-72.8451857647049,97,145,666336.657941782,5115278.32235171,-2.987
46.1707198338929,-72.8425967198804,97,146,666536.657941782,5115278.32235173,-2.97
46.1706709210537,-72.8400076817637,97,147,666736.657941783,5115278.32235174,-3.07
46.1706219496182,-72.8374186503628,97,148,666936.657941783,5115278.32235176,-3.098
46.170572919587,-72.8348296256857,97,149,667136.657941789,5115278.32235177,-3.043
46.1705238309603,-72.8322406077404,97,150,667336.657941786,5115278.32235179,-3.044
46.1704746837387,-72.829651596535,97,151,667536.657941786,5115278.3223518,-3.025
46.1704254779224,-72.8270625920775,97,152,667736.657941789,5115278.32235182,-3.036
46.1703762135118,-72.8244735943758,97,153,667936.657941791,5115278.32235183,-2.85
46.1703268905074,-72.821884603438,97,154,668136.65794179,5115278.32235184,-2.42
46.1702775089096,-72.8192956192722,97,155,668336.657941793,5115278.32235186,-2.139
46.1702280687187,-72.8167066418863,97,156,668536.657941792,5115278.32235187,-1.897
46.1701785699352,-72.8141176712883,97,157,668736.657941791,5115278.32235189,-1.771
46.1701290125595,-72.8115287074864,97,158,668936.657941791,5115278.3223519,-1.786
46.1700793965919,-72.8089397504884,97,159,669136.657941795,5115278.32235192,-1.827
46.1700297220328,-72.8063508003024,97,160,669336.657941794,5115278.32235193,-1.929
46.1699799888828,-72.8037618569365,97,161,669536.657941793,5115278.32235195,-1.929
46.169930197142,-72.8011729203986,97,162,669736.657941794,5115278.32235196,-1.74
46.1698803468111,-72.7985839906968,97,163,669936.657941795,5115278.32235198,-1.22
46.1698304378902,-72.795995067839,97,164,670136.657941795,5115278.32235199,-1.136
46.16978047038,-72.7934061518334,97,165,670336.657941797,5115278.32235201,-1.372
46.1697304442807,-72.7908172426879,97,166,670536.657941797,5115278.32235202,-1.345
46.1696803595927,-72.7882283404104,97,167,670736.657941798,5115278.32235203,-1.452
46.1696302163166,-72.7856394450092,97,168,670936.657941798,5115278.32235205,-1.441
46.1695800144526,-72.7830505564921,97,169,671136.657941799,5115278.32235206,-1.227
46.1695297540012,-72.7804616748672,97,170,671336.6579418,5115278.32235208,-1.079
46.1694794349628,-72.7778728001424,97,171,671536.657941802,5115278.32235209,-0.864
46.1694290573377,-72.7752839323259,97,172,671736.657941804,5115278.32235211,-0.682
46.1693786211265,-72.7726950714256,97,173,671936.657941802,5115278.32235212,-0.626
46.1693281263294,-72.7701062174495,97,174,672136.657941801,5115278.32235213,-0.61
46.169277572947,-72.7675173704057,97,175,672336.657941805,5115278.32235215,-0.632
46.1692269609796,-72.7649285303022,97,176,672536.657941805,5115278.32235216,-0.607
46.1691762904276,-72.7623396971469,97,177,672736.657941806,5115278.32235218,-0.669
46.1691255612914,-72.759750870948,97,178,672936.657941806,5115278.32235219,-0.717
46.1690747735714,-72.7571620517133,97,179,673136.657941805,5115278.32235221,-0.722
46.1690239272681,-72.754573239451,97,180,673336.657941806,5115278.32235222,-0.696
46.1689730223819,-72.7519844341691,97,181,673536.657941809,5115278.32235224,-0.421
46.1689220589131,-72.7493956358754,97,182,673736.657941808,5115278.32235225,-0.1
46.1688710368622,-72.7468068445782,97,183,673936.657941812,5115278.32235227,-0.125
46.1688199562296,-72.7442180602854,97,184,674136.657941811,5115278.32235228,-0.161
46.1687688170157,-72.7416292830049,97,185,674336.657941811,5115278.32235229,-0.399
46.1687176192209,-72.7390405127449,97,186,674536.65794181,5115278.32235231,-0.388
46.1686663628457,-72.7364517495133,97,187,674736.657941811,5115278.32235232,-0.381
46.1686150478904,-72.7338629933181,97,188,674936.657941814,5115278.32235234,-0.346
46.1685636743554,-72.7312742441674,97,189,675136.657941814,5115278.32235235,-0.307
46.1685122422412,-72.7286855020691,97,190,675336.657941816,5115278.32235237,-0.326
46.1684607515481,-72.7260967670314,97,191,675536.657941815,5115278.32235238,-0.405
46.1684092022767,-72.7235080390621,97,192,675736.657941816,5115278.32235239,-0.306
46.1683575944272,-72.7209193181693,97,193,675936.657941818,5115278.32235241,-0.121
46.1683059280002,-72.7183306043611,97,194,676136.657941817,5115278.32235243,-0.048
46.1715665188801,-72.9876589626878,98,90,655336.657941767,5115078.32235092,-0.458
46.1715208908922,-72.9850696456062,98,91,655536.657941765,5115078.32235093,-1.779
46.1714752042905,-72.9824803347903,98,92,655736.657941766,5115078.32235095,-3.288
46.1714294590752,-72.9798910302483,98,93,655936.65794177,5115078.32235096,-3.282
46.1713836552468,-72.9773017319881,98,94,656136.657941768,5115078.32235098,-3.284
46.1713377928056,-72.9747124400178,98,95,656336.65794177,5115078.32235099,-3.396
46.171291871752,-72.9721231543454,98,96,656536.657941771,5115078.32235101,-2.661
46.1712458920862,-72.9695338749789,98,97,656736.657941771,5115078.32235102,-1.454
46.1711998538089,-72.9669446019264,98,98,656936.65794177,5115078.32235103,-1.446
46.1711537569202,-72.9643553351958,98,99,657136.65794177,5115078.32235105,-1.906
46.1711076014205,-72.9617660747952,98,100,657336.657941771,5115078.32235106,-2.334
46.1710613873103,-72.9591768207327,98,101,657536.657941774,5115078.32235108,-2.337
46.1710151145899,-72.9565875730162,98,102,657736.657941771,5115078.32235109,-3.248
46.1709687832597,-72.9539983316537,98,103,657936.657941775,5115078.32235111,-5.017
46.17092239332,-72.9514090966533,98,104,658136.657941776,5115078.32235112,-5.017
46.1708759447713,-72.948819868023,98,105,658336.657941772,5115078.32235113,-3.11
46.1708294376138,-72.9462306457709,98,106,658536.657941775,5115078.32235115,-2.157
46.170782871848,-72.9436414299049,98,107,658736.657941774,5115078.32235117,-2.392
46.1707362474743,-72.9410522204331,98,108,658936.657941777,5115078.32235118,-2.167
46.170689564493,-72.9384630173636,98,109,659136.657941774,5115078.32235119,-2.198
46.1706428229045,-72.9358738207042,98,110,659336.657941776,5115078.32235121,-3.168
46.1705960227091,-72.9332846304631,98,111,659536.657941777,5115078.32235122,-8.448
46.1705491639073,-72.9306954466482,98,112,659736.65794178,5115078.32235124,-14.448
46.1705022464995,-72.9281062692677,98,113,659936.65794178,5115078.32235125,-14.328
46.1704552704859,-72.9255170983295,98,114,660136.657941778,5115078.32235127,-13.268
46.1704082358671,-72.9229279338416,98,115,660336.657941779,5115078.32235128,-8.398
46.1703611426433,-72.920338775812,98,116,660536.657941783,5115078.32235129,-4.835
46.1703139908149,-72.9177496242489,98,117,660736.657941782,5115078.32235131,-3.243
46.1702667803824,-72.9151604791601,98,118,660936.657941783,5115078.32235132,-2.621
46.170219511346,-72.9125713405538,98,119,661136.657941783,5115078.32235134,-2.607
46.1701721837063,-72.9099822084379,98,120,661336.657941782,5115078.32235135,-2.687
46.1701247974635,-72.9073930828205,98,121,661536.657941782,5115078.32235137,-2.611
46.1700773526181,-72.9048039637096,98,122,661736.657941785,5115078.32235138,-2.492
46.1700298491704,-72.9022148511132,98,123,661936.657941786,5115078.3223514,-2.592
46.1699822871209,-72.8996257450394,98,124,662136.657941787,5115078.32235141,-2.624
46.1699346664698,-72.8970366454961,98,125,662336.657941788,5115078.32235142,-2.676
46.1698869872176,-72.8944475524913,98,126,662536.657941785,5115078.32235144,-2.797
46.1698392493647,-72.8918584660332,98,127,662736.657941786,5115078.32235146,-2.752
46.1697914529114,-72.8892693861297,98,128,662936.657941789,5115078.32235147,-2.66
46.1697435978582,-72.8866803127888,98,129,663136.657941789,5115078.32235148,-2.746
46.1696956842053,-72.8840912460186,98,130,663336.657941788,5115078.3223515,-2.93
46.1696477119533,-72.881502185827,98,131,663536.657941792,5115078.32235151,-2.987
46.1695996811025,-72.8789131322221,98,132,663736.657941792,5115078.32235152,-3.041
46.1695515916532,-72.876324085212,98,133,663936.65794179,5115078.32235154,-3.102
46.169503443606,-72.8737350448046,98,134,664136.657941793,5115078.32235156,-3.083
46.169455236961,-72.871146011008,98,135,664336.65794179,5115078.32235157,-3.107
46.1694069717189,-72.8685569838301,98,136,664536.657941793,5115078.32235158,-3.06
46.1693586478798,-72.865967963279,98,137,664736.657941792,5115078.3223516,-3.068
46.1693102654443,-72.8633789493627,98,138,664936.657941796,5115078.32235161,-3.042
46.1692618244127,-72.8607899420893,98,139,665136.657941793,5115078.32235163,-3.072
46.1692133247854,-72.8582009414668,98,140,665336.657941797,5115078.32235164,-3.104
46.1691647665628,-72.855611947503,98,141,665536.657941797,5115078.32235166,-3.116
46.1691161497452,-72.8530229602062,98,142,665736.657941797,5115078.32235167,-3.053
46.1690674743332,-72.8504339795844,98,143,665936.657941798,5115078.32235169,-3.089
46.169018740327,-72.8478450056454,98,144,666136.657941799,5115078.3223517,-3.064
46.168969947727,-72.8452560383973,98,145,666336.657941798,5115078.32235171,-2.965
46.1689210965338,-72.8426670778483,98,146,666536.657941797,5115078.32235173,-2.897
46.1688721867475,-72.8400781240062,98,147,666736.657941799,5115078.32235174,-2.877
46.1688232183688,-72.8374891768791,98,148,666936.657941801,5115078.32235176,-2.971
46.1687741913978,-72.8349002364751,98,149,667136.657941803,5115078.32235177,-2.978
46.1687251058351,-72.832311302802,98,150,667336.657941802,5115078.32235179,-2.877
46.168675961681,-72.8297223758681,98,151,667536.657941804,5115078.3223518,-2.816
46.1686267589359,-72.8271334556812,98,152,667736.657941804,5115078.32235182,-2.659
46.1685774976003,-72.8245445422494,98,153,667936.657941803,5115078.32235183,-2.35
46.1685281776744,-72.8219556355807,98,154,668136.657941805,5115078.32235185,-2.304
46.1684787991588,-72.8193667356831,98,155,668336.657941802,5115078.32235186,-2.059
46.1684293620538,-72.8167778425646,98,156,668536.657941806,5115078.32235187,-1.988
46.1683798663598,-72.8141889562333,98,157,668736.657941807,5115078.32235189,-1.854
46.1683303120772,-72.8116000766972,98,158,668936.657941806,5115078.3223519,-1.857
46.1682806992064,-72.8090112039643,98,159,669136.657941805,5115078.32235192,-2.022
46.1682310277478,-72.8064223380426,98,160,669336.657941807,5115078.32235193,-2.036
46.1681812977018,-72.8038334789401,98,161,669536.65794181,5115078.32235195,-1.833
46.1681315090688,-72.8012446266648,98,162,669736.657941808,5115078.32235196,-1.396
46.1680816618492,-72.7986557812248,98,163,669936.657941811,5115078.32235198,-0.997
46.1680317560435,-72.7960669426281,98,164,670136.65794181,5115078.32235199,-1.129
46.1679817916519,-72.7934781108826,98,165,670336.657941809,5115078.322352,-1.359
46.167931768675,-72.7908892859965,98,166,670536.657941812,5115078.32235202,-1.36
46.1678816871131,-72.7883004679776,98,167,670736.657941811,5115078.32235203,-1.387
46.1678315469666,-72.7857116568341,98,168,670936.657941814,5115078.32235205,-1.277
46.1677813482359,-72.783122852574,98,169,671136.657941815,5115078.32235206,-0.88
46.1677310909214,-72.7805340552052,98,170,671336.657941814,5115078.32235208,-0.734
46.1676807750236,-72.7779452647358,98,171,671536.657941815,5115078.32235209,-0.672
46.1676304005429,-72.7753564811737,98,172,671736.657941815,5115078.32235211,-0.669
46.1675799674795,-72.7727677045271,98,173,671936.657941816,5115078.32235212,-0.636
46.1675294758341,-72.7701789348039,98,174,672136.657941817,5115078.32235213,-0.633
46.1674789256068,-72.7675901720122,98,175,672336.657941818,5115078.32235215,-0.609
46.1674283167983,-72.7650014161599,98,176,672536.657941819,5115078.32235216,-0.609
46.1673776494088,-72.762412667255,98,177,672736.657941821,5115078.32235218,-0.667
46.1673269234388,-72.7598239253057,98,178,672936.657941821,5115078.32235219,-0.708
46.1672761388886,-72.7572351903198,98,179,673136.657941822,5115078.32235221,-0.707
46.1672252957588,-72.7546464623054,98,180,673336.657941823,5115078.32235222,-0.65
46.1671743940497,-72.7520577412705,98,181,673536.657941823,5115078.32235224,-0.368
46.1671234337617,-72.7494690272232,98,182,673736.657941822,5115078.32235225,-0.058
46.1670724148953,-72.7468803201714,98,183,673936.657941826,5115078.32235226,-0.123
46.1670213374507,-72.7442916201232,98,184,674136.657941823,5115078.32235228,-0.194
46.1669702014285,-72.7417029270866,98,185,674336.657941825,5115078.32235229,-0.4
46.1669190068291,-72.7391142410695,98,186,674536.657941824,5115078.32235231,-0.367
46.1668677536529,-72.73652556208,98,187,674736.657941827,5115078.32235232,-0.352
46.1668164419002,-72.7339368901262,98,188,674936.657941828,5115078.32235234,-0.266
46.1667650715716,-72.7313482252159,98,189,675136.657941828,5115078.32235235,-0.184
46.1667136426673,-72.7287595673573,98,190,675336.657941829,5115078.32235237,-0.212
46.1666621551879,-72.7261709165584,98,191,675536.657941829,5115078.32235238,-0.175
46.1666106091337,-72.7235822728271,98,192,675736.657941829,5115078.3223524,-0.068
46.1697676157431,-72.9877245937804,99,90,655336.65794178,5114878.32235092,-1.107
46.1697219906035,-72.9851353610084,99,91,655536.657941783,5114878.32235093,-3.732
46.1696763068536,-72.9825461345013,99,92,655736.65794178,5114878.32235095,-3.652
46.1696305644939,-72.9799569142674,99,93,655936.657941782,5114878.32235096,-3.127
46.1695847635246,-72.9773677003146,99,94,656136.657941782,5114878.32235098,-2.722
46.1695389039462,-72.9747784926509,99,95,656336.657941785,5114878.32235099,-1.599
46.1694929857591,-72.9721892912843,99,96,656536.657941785,5114878.322351,-0.988
46.1694470089635,-72.9696000962229,99,97,656736.657941784,5114878.32235102,-0.576
46.1694009735599,-72.9670109074747,99,98,656936.657941785,5114878.32235103,-0.84
46.1693548795487,-72.9644217250477,99,99,657136.657941786,5114878.32235105,-1.174
46.1693087269302,-72.96183254895,99,100,657336.657941787,5114878.32235106,-1.905
46.1692625157047,-72.9592433791896,99,101,657536.657941786,5114878.32235108,-2.964
46.1692162458727,-72.9566542157744,99,102,657736.657941785,5114878.32235109,-4.642
46.1691699174345,-72.9540650587125,99,103,657936.657941787,5114878.3223511,-5.446
46.1691235303906,-72.951475908012,99,104,658136.657941788,5114878.32235112,-4.041
46.1690770847412,-72.9488867636808,99,105,658336.657941788,5114878.32235113,-2.562
46.1690305804868,-72.9462976257271,99,106,658536.657941791,5114878.32235115,-2.492
46.1689840176276,-72.9437084941587,99,107,658736.657941788,5114878.32235116,-2.407
46.1689373961642,-72.9411193689837,99,108,658936.657941789,5114878.32235118,-2.467
46.1688907160969,-72.9385302502102,99,109,659136.657941793,5114878.32235119,-3.184
46.168843977426,-72.9359411378462,99,110,659336.657941789,5114878.32235121,-8.948
46.168797180152,-72.9333520318996,99,111,659536.657941794,5114878.32235122,-14.848
46.1687503242751,-72.9307629323786,99,112,659736.657941793,5114878.32235123,-14.838
46.1687034097959,-72.9281738392911,99,113,659936.657941792,5114878.32235125,-14.538
46.1686564367146,-72.9255847526451,99,114,660136.657941794,5114878.32235126,-8.558
46.1686094050316,-72.9229956724487,99,115,660336.657941795,5114878.32235128,-4.26
46.1685623147474,-72.92040659871,99,116,660536.657941795,5114878.32235129,-2.732
46.1685151658622,-72.9178175314368,99,117,660736.657941794,5114878.32235131,-2.328
46.1684679583766,-72.9152284706373,99,118,660936.657941795,5114878.32235132,-2.378
46.1684206922907,-72.9126394163194,99,119,661136.657941799,5114878.32235134,-2.372
46.1683733676052,-72.9100503684913,99,120,661336.657941797,5114878.32235135,-2.536
46.1683259843202,-72.9074613271608,99,121,661536.657941799,5114878.32235137,-2.48
46.1682785424363,-72.904872292336,99,122,661736.657941801,5114878.32235138,-2.138
46.1682310419537,-72.902283264025,99,123,661936.6579418,5114878.32235139,-2.167
46.1681834828729,-72.8996942422358,99,124,662136.657941802,5114878.32235141,-2.367
46.1681358651943,-72.8971052269763,99,125,662336.657941803,5114878.32235142,-2.466
46.1680881889182,-72.8945162182546,99,126,662536.6579418,5114878.32235144,-2.676
46.168040454045,-72.8919272160788,99,127,662736.657941804,5114878.32235145,-2.782
46.1679926605751,-72.8893382204568,99,128,662936.657941801,5114878.32235147,-2.804
46.1679448085089,-72.8867492313966,99,129,663136.657941802,5114878.32235148,-2.827
46.1678968978468,-72.8841602489064,99,130,663336.657941804,5114878.3223515,-2.962
46.1678489285891,-72.881571272994,99,131,663536.657941804,5114878.32235151,-3.01
46.1678009007363,-72.8789823036675,99,132,663736.657941805,5114878.32235152,-3.028
46.1677528142887,-72.876393340935,99,133,663936.657941808,5114878.32235154,-3.114
46.1677046692467,-72.8738043848045,99,134,664136.657941805,5114878.32235155,-3.114
46.1676564656107,-72.8712154352839,99,135,664336.657941805,5114878.32235157,-3.069
46.1676082033812,-72.8686264923813,99,136,664536.657941808,5114878.32235158,-2.992
46.1675598825584,-72.8660375561048,99,137,664736.657941809,5114878.3223516,-2.985
46.1675115031428,-72.8634486264622,99,138,664936.657941806,5114878.32235161,-3.019
46.1674630651347,-72.8608597034617,99,139,665136.65794181,5114878.32235163,-2.99
46.1674145685346,-72.8582707871113,99,140,665336.657941811,5114878.32235164,-2.948
46.1673660133429,-72.855681877419,99,141,665536.657941811,5114878.32235165,-2.912
46.1673173995599,-72.8530929743927,99,142,665736.657941812,5114878.32235167,-2.94
46.167268727186,-72.8505040780406,99,143,665936.657941813,5114878.32235168,-2.961
46.1672199962216,-72.8479151883706,99,144,666136.657941811,5114878.3223517,-2.926
46.1671712066672,-72.8453263053908,99,145,666336.657941813,5114878.32235171,-2.842
46.1671223585231,-72.8427374291091,99,146,666536.657941813,5114878.32235173,-2.751
46.1670734517896,-72.8401485595337,99,147,666736.657941814,5114878.32235174,-2.77
46.1670244864672,-72.8375596966724,99,148,666936.657941813,5114878.32235176,-2.744
46.1669754625564,-72.8349708405334,99,149,667136.657941816,5114878.32235177,-2.674
46.1669263800574,-72.8323819911246,99,150,667336.657941818,5114878.32235179,-2.509
46.1668772389707,-72.8297931484541,99,151,667536.657941817,5114878.3223518,-2.415
46.1668280392966,-72.8272043125298,99,152,667736.657941818,5114878.32235181,-2.229
46.1667787810357,-72.8246154833598,99,153,667936.657941817,5114878.32235183,-2.255
46.1667294641882,-72.8220266609522,99,154,668136.657941819,5114878.32235184,-2.158
46.1666800887546,-72.8194378453148,99,155,668336.657941818,5114878.32235186,-2.124
46.1666306547352,-72.8168490364558,99,156,668536.65794182,5114878.32235187,-2.013
46.1665811621305,-72.8142602343832,99,157,668736.65794182,5114878.32235189,-2.029
46.1665316109408,-72.8116714391049,99,158,668936.657941823,5114878.3223519,-2.01
46.1664820011666,-72.809082650629,99,159,669136.65794182,5114878.32235191,-1.855
46.1664323328083,-72.8064938689635,99,160,669336.657941824,5114878.32235193,-1.674
46.1663826058662,-72.8039050941164,99,161,669536.657941821,5114878.32235194,-1.359
46.1663328203408,-72.8013163260958,99,162,669736.657941822,5114878.32235196,-1.111
46.1662829762324,-72.7987275649095,99,163,669936.657941825,5114878.32235197,-1.012
46.1662330735415,-72.7961388105658,99,164,670136.657941823,5114878.32235199,-1.201
46.1661831122685,-72.7935500630725,99,165,670336.657941827,5114878.322352,-1.373
46.1661330924137,-72.7909613224378,99,166,670536.657941826,5114878.32235202,-1.365
46.1660830139776,-72.7883725886695,99,167,670736.657941826,5114878.32235203,-1.242
46.1660328769605,-72.7857838617757,99,168,670936.657941826,5114878.32235205,-0.966
46.165982681363,-72.7831951417645,99,169,671136.657941827,5114878.32235206,-0.801
46.1659324271853,-72.7806064286438,99,170,671336.657941827,5114878.32235208,-0.728
46.1658821144279,-72.7780177224217,99,171,671536.657941829,5114878.32235209,-0.641
46.1658317430912,-72.7754290231062,99,172,671736.65794183,5114878.3223521,-0.65
46.1657813131755,-72.7728403307053,99,173,671936.657941831,5114878.32235212,-0.616
46.1657308246814,-72.7702516452269,99,174,672136.657941832,5114878.32235213,-0.592
46.1656802776092,-72.7676629666792,99,175,672336.657941833,5114878.32235215,-0.574
46.1656296719593,-72.7650742950701,99,176,672536.657941832,5114878.32235216,-0.584
46.1655790077321,-72.7624856304076,99,177,672736.657941833,5114878.32235217,-0.619
46.1655282849281,-72.7598969726998,99,178,672936.657941835,5114878.32235219,-0.688
46.1654775035476,-72.7573083219547,99,179,673136.657941838,5114878.3223522,-0.652
46.165426663591,-72.7547196781803,99,180,673336.657941838,5114878.32235222,-0.5
46.1653248079514,-72.7495424115754,99,182,673736.657941836,5114878.32235225,-0.121
46.1652737922691,-72.7469537887611,99,183,673936.657941838,5114878.32235226,-0.16
46.1652227180125,-72.7443651729495,99,184,674136.65794184,5114878.32235228,-0.245
46.1651715851818,-72.7417765641486,99,185,674336.657941841,5114878.32235229,-0.335
46.1651203937776,-72.7391879623665,99,186,674536.657941839,5114878.32235231,-0.359
46.1650691438001,-72.7365993676112,99,187,674736.657941839,5114878.32235232,-0.257
46.1650178352499,-72.7340107798906,99,188,674936.657941839,5114878.32235233,-0.162
46.1649664681274,-72.7314221992129,99,189,675136.657941841,5114878.32235235,-0.048
46.1649150424329,-72.7288336255859,99,190,675336.657941843,5114878.32235236,-0.168
46.1648635581669,-72.7262450590177,99,191,675536.657941842,5114878.32235238,-0.148
46.1680142756498,-72.9903793733429,100,89,655136.657941795,5114678.3223509,-1.784
46.1679687119652,-72.987790218616,100,90,655336.657941797,5114678.32235092,-4.752
46.1679230896736,-72.9852010701455,100,91,655536.657941795,5114678.32235093,-4.324
46.1678774087754,-72.9826119279393,100,92,655736.657941794,5114678.32235095,-3.426
46.167831669271,-72.9800227920054,100,93,655936.657941794,5114678.32235096,-2.814
46.1677858711608,-72.9774336623519,100,94,656136.657941796,5114678.32235097,-1.607
46.167740014445,-72.9748445389867,100,95,656336.657941796,5114678.32235099,-1.134
46.1676940991242,-72.972255421918,100,96,656536.6579418,5114678.322351,-1.063
46.1676481251986,-72.9696663111537,100,97,656736.657941799,5114678.32235102,-1.11
46.1676020926686,-72.9670772067018,100,98,656936.657941799,5114678.32235103,-1.139
46.1675560015346,-72.9644881085704,100,99,657136.657941799,5114678.32235105,-1.669
46.167509851797,-72.9618990167675,100,100,657336.657941801,5114678.32235106,-2.784
46.1674636434561,-72.9593099313012,100,101,657536.657941802,5114678.32235108,-4.357
46.1674173765123,-72.9567208521793,100,102,657736.657941804,5114678.32235109,-5.318
46.1673710509661,-72.95413177941,100,103,657936.657941802,5114678.3223511,-4.149
46.1673246668176,-72.9515427130014,100,104,658136.657941803,5114678.32235112,-3.014
46.1672782240674,-72.9489536529613,100,105,658336.657941805,5114678.32235113,-2.67
46.1672317227158,-72.9463645992978,100,106,658536.657941806,5114678.32235115,-2.521
46.1671851627632,-72.943775552019,100,107,658736.657941802,5114678.32235116,-2.611
46.1671385442099,-72.9411865111329,100,108,658936.657941806,5114678.32235118,-3.163
46.1670918670564,-72.9385974766474,100,109,659136.657941806,5114678.32235119,-8.818
46.1670451313029,-72.9360084485707,100,110,659336.657941807,5114678.32235121,-14.858
46.16699833695,-72.9334194269107,100,111,659536.657941808,5114678.32235122,-15.008
46.1669514839979,-72.9308304116754,100,112,659736.657941808,5114678.32235123,-14.828
46.1669045724471,-72.9282414028729,100,113,659936.657941809,5114678.32235125,-9.028
46.1668576022978,-72.9256524005112,100,114,660136.657941809,5114678.32235126,-3.564
46.1668105735506,-72.9230634045984,100,115,660336.657941807,5114678.32235128,-2.293
46.1667634862057,-72.9204744151423,100,116,660536.657941809,5114678.32235129,-2.151
46.1667163402636,-72.9178854321511,100,117,660736.657941809,5114678.3223513,-2.237
46.1666691357246,-72.9152964556328,100,118,660936.657941811,5114678.32235132,-2.163
46.1666218725891,-72.9127074855954,100,119,661136.657941812,5114678.32235134,-2.139
46.1665745508575,-72.9101185220469,100,120,661336.657941811,5114678.32235135,-1.992
46.1665271705302,-72.9075295649953,100,121,661536.657941814,5114678.32235137,-1.96
46.1664797316075,-72.9049406144487,100,122,661736.657941811,5114678.32235138,-2.046
46.1664322340899,-72.902351670415,100,123,661936.657941813,5114678.32235139,-2.068
46.1663846779777,-72.8997627329024,100,124,662136.657941815,5114678.32235141,-2.257
46.1663370632713,-72.8971738019187,100,125,662336.657941813,5114678.32235142,-2.44
46.1662893899711,-72.8945848774721,100,126,662536.657941816,5114678.32235144,-2.594
46.1662416580774,-72.8919959595705,100,127,662736.657941816,5114678.32235145,-2.938
46.1661938675907,-72.889407048222,100,128,662936.657941817,5114678.32235147,-2.985
46.1661460185114,-72.8868181434346,100,129,663136.657941817,5114678.32235148,-2.911
46.1660981108397,-72.8842292452163,100,130,663336.657941817,5114678.32235149,-2.877
46.1660501445762,-72.8816403535751,100,131,663536.657941817,5114678.32235151,-2.954
46.1660021197212,-72.879051468519,100,132,663736.657941821,5114678.32235152,-3.036
46.1659540362751,-72.8764625900561,100,133,663936.657941818,5114678.32235154,-3.065
46.1659058942382,-72.8738737181944,100,134,664136.657941821,5114678.32235155,-3.04
46.165857693611,-72.8712848529419,100,135,664336.657941819,5114678.32235157,-2.929
46.1658094343939,-72.8686959943066,100,136,664536.65794182,5114678.32235158,-2.857
46.1657611165871,-72.8661071422965,100,137,664736.657941821,5114678.3223516,-2.827
46.1657127401912,-72.8635182969196,100,138,664936.657941821,5114678.32235161,-2.82
46.1656643052066,-72.8609294581841,100,139,665136.657941822,5114678.32235163,-2.797
46.1656158116335,-72.8583406260978,100,140,665336.657941826,5114678.32235164,-2.772
46.1655672594724,-72.8557518006688,100,141,665536.657941827,5114678.32235166,-2.822
46.1655186487237,-72.8531629819051,100,142,665736.657941828,5114678.32235167,-2.841
46.1654699793879,-72.8505741698147,100,143,665936.657941825,5114678.32235168,-2.809
46.1654212514651,-72.8479853644057,100,144,666136.657941827,5114678.3223517,-2.773
46.1653724649559,-72.8453965656861,100,145,666336.657941826,5114678.32235171,-2.772
46.1653236198607,-72.8428077736638,100,146,666536.657941829,5114678.32235173,-2.708
46.1652747161799,-72.840218988347,100,147,666736.657941826,5114678.32235174,-2.483
46.1652257539137,-72.8376302097435,100,148,666936.657941831,5114678.32235175,-2.439
46.1651767330628,-72.8350414378615,100,149,667136.65794183,5114678.32235177,-2.52
46.1651276536273,-72.8324526727089,100,150,667336.657941829,5114678.32235179,-2.443
46.1650785156078,-72.8298639142938,100,151,667536.657941831,5114678.3223518,-2.385
46.1650293190046,-72.8272751626241,100,152,667736.657941832,5114678.32235181,-2.192
46.1649800638181,-72.824686417708,100,153,667936.657941832,5114678.32235183,-2.141
46.1649307500488,-72.8220976795534,100,154,668136.657941832,5114678.32235184,-2.032
46.164881377697,-72.8195089481682,100,155,668336.657941834,5114678.32235186,-2.04
46.164831946763,-72.8169202235607,100,156,668536.657941833,5114678.32235187,-2.062
46.1647824572474,-72.8143315057386,100,157,668736.657941834,5114678.32235189,-2.058
46.1647329091505,-72.8117427947102,100,158,668936.657941836,5114678.3223519,-1.907
46.1646833024727,-72.8091540904833,100,159,669136.657941835,5114678.32235191,-1.524
46.1646336372144,-72.806565393066,100,160,669336.657941835,5114678.32235193,-1.334
46.164583913376,-72.8039767024663,100,161,669536.657941837,5114678.32235194,-1.135
46.164534130958,-72.8013880186922,100,162,669736.657941839,5114678.32235196,-1.039
46.1644842899606,-72.7987993417518,100,163,669936.657941839,5114678.32235197,-1.208
46.1644343903843,-72.7962106716531,100,164,670136.657941839,5114678.32235199,-1.314
46.1643844322296,-72.793622008404,100,165,670336.65794184,5114678.322352,-1.309
46.1643344154968,-72.7910333520125,100,166,670536.657941842,5114678.32235202,-1.144
46.1642843401863,-72.7884447024868,100,167,670736.657941841,5114678.32235203,-0.867
46.1642342062985,-72.7858560598348,100,168,670936.65794184,5114678.32235205,-0.779
46.1641840138338,-72.7832674240645,100,169,671136.657941844,5114678.32235206,-0.79
46.1641337627927,-72.7806787951839,100,170,671336.657941843,5114678.32235208,-0.722
46.1640834531755,-72.7780901732011,100,171,671536.657941844,5114678.32235209,-0.658
46.1640330849826,-72.7755015581241,100,172,671736.657941843,5114678.3223521,-0.627
46.1639826582145,-72.7729129499608,100,173,671936.657941847,5114678.32235212,-0.589
46.1639321728716,-72.7703243487193,100,174,672136.657941846,5114678.32235213,-0.569
46.1638816289542,-72.7677357544076,100,175,672336.657941849,5114678.32235215,-0.566
46.1638310264627,-72.7651471670337,100,176,672536.657941849,5114678.32235216,-0.584
46.1637803653977,-72.7625585866056,100,177,672736.65794185,5114678.32235217,-0.627
46.1637296457594,-72.7599700131314,100,178,672936.657941849,5114678.32235219,-0.68
46.1636788675483,-72.757381446619,100,179,673136.657941851,5114678.3223522,-0.659
46.1636280307648,-72.7547928870764,100,180,673336.65794185,5114678.32235222,-0.571
46.1635261814822,-72.7496157889329,100,182,673736.657941851,5114678.32235225,-0.171
46.163475168984,-72.7470272503481,100,183,673936.657941852,5114678.32235226,-0.242
46.163424097915,-72.7444387187651,100,184,674136.657941853,5114678.32235228,-0.243
46.1633729682756,-72.741850194192,100,185,674336.657941856,5114678.32235229,-0.166
46.1633217800663,-72.7392616766368,100,186,674536.657941855,5114678.32235231,-0.238
46.1632705332875,-72.7366731661076,100,187,674736.657941854,5114678.32235232,-0.188
46.1632192279396,-72.7340846626123,100,188,674936.657941856,5114678.32235234,-0.151
46.1665326533465,-73.0085685751375,101,82,653736.657941803,5114478.3223508,-2.008
46.1664875027395,-73.0059794611407,101,83,653936.657941804,5114478.32235082,-1.49
46.1664422935266,-73.0033903533433,101,84,654136.657941806,5114478.32235083,-1.047
46.1663970257082,-73.0008012517533,101,85,654336.657941807,5114478.32235084,-0.897
46.1663516992846,-72.9982121563787,101,86,654536.657941806,5114478.32235086,-0.827
46.1663063142563,-72.9956230672277,101,87,654736.65794181,5114478.32235087,-1.036
46.1662608706236,-72.993033984308,101,88,654936.657941808,5114478.32235089,-2.622
46.1662153683868,-72.9904449076279,101,89,655136.657941808,5114478.3223509,-5.66
46.1661698075464,-72.9878558371954,101,90,655336.657941809,5114478.32235092,-4.551
46.1661241881026,-72.9852667730183,101,91,655536.657941808,5114478.32235093,-3.484
46.166078510056,-72.9826777151049,101,92,655736.657941813,5114478.32235095,-2.41
46.1660327734067,-72.980088663463,101,93,655936.65794181,5114478.32235096,-1.079
46.1659869781553,-72.9774996181008,101,94,656136.657941813,5114478.32235098,-0.491
46.165941124302,-72.9749105790262,101,95,656336.657941813,5114478.32235099,-0.809
46.1658952118473,-72.9723215462472,101,96,656536.657941813,5114478.322351,-1.055
46.1658492407914,-72.969732519772,101,97,656736.657941812,5114478.32235102,-1.231
46.1658032111349,-72.9671434996084,101,98,656936.657941814,5114478.32235103,-1.682
46.1657571228779,-72.9645544857646,101,99,657136.657941812,5114478.32235105,-2.395
46.1657109760211,-72.9619654782485,101,100,657336.657941816,5114478.32235106,-3.824
46.1656647705646,-72.9593764770682,101,101,657536.657941816,5114478.32235108,-5.181
46.1656185065088,-72.9567874822317,101,102,657736.657941814,5114478.32235109,-4.327
46.1655721838542,-72.954198493747,101,103,657936.657941818,5114478.3223511,-2.693
46.1655258026011,-72.9516095116221,101,104,658136.657941817,5114478.32235112,-2.797
46.1654793627499,-72.9490205358651,101,105,658336.657941818,5114478.32235113,-2.874
46.165432864301,-72.9464315664839,101,106,658536.657941819,5114478.32235115,-2.654
46.1653863072546,-72.9438426034867,101,107,658736.657941819,5114478.32235116,-3.126
46.1653396916113,-72.9412536468813,101,108,658936.65794182,5114478.32235118,-5.354
46.1652930173714,-72.9386646966759,101,109,659136.657941821,5114478.32235119,-15.158
46.1652462845352,-72.9360757528784,101,110,659336.657941821,5114478.32235121,-15.018
46.1651994931032,-72.9334868154969,101,111,659536.65794182,5114478.32235122,-14.448
46.1651526430757,-72.9308978845394,101,112,659736.657941823,5114478.32235124,-9.228
46.165105734453,-72.928308960014,101,113,659936.657941822,5114478.32235125,-3.193
46.1650587672356,-72.9257200419285,101,114,660136.657941821,5114478.32235126,-1.865
46.1650117414239,-72.9231311302911,101,115,660336.657941822,5114478.32235128,-1.968
46.1649646570182,-72.9205422251098,101,116,660536.657941824,5114478.32235129,-2.154
46.1649175140189,-72.9179533263925,101,117,660736.657941823,5114478.32235131,-1.901
46.1648703124264,-72.9153644341474,101,118,660936.657941824,5114478.32235132,-2.026
46.1648230522411,-72.9127755483824,101,119,661136.657941827,5114478.32235134,-1.852
46.1647757334633,-72.9101866691055,101,120,661336.657941829,5114478.32235135,-1.674
46.1647283560934,-72.9075977963249,101,121,661536.657941826,5114478.32235136,-1.924
46.1646809201318,-72.9050089300484,101,122,661736.657941829,5114478.32235138,-2.106
46.1646334255789,-72.9024200702841,101,123,661936.657941828,5114478.3223514,-2.266
46.1645858724351,-72.89983121704,101,124,662136.657941829,5114478.32235141,-2.287
46.1645382607008,-72.8972423703241,101,125,662336.657941828,5114478.32235142,-2.345
46.1644905903762,-72.8946535301445,101,126,662536.65794183,5114478.32235144,-2.666
46.1644428614619,-72.8920646965092,101,127,662736.657941828,5114478.32235145,-2.877
46.1643950739583,-72.8894758694262,101,128,662936.657941831,5114478.32235147,-2.988
46.1643472278656,-72.8868870489035,101,129,663136.65794183,5114478.32235148,-2.99
46.1642993231842,-72.8842982349491,101,130,663336.657941834,5114478.3223515,-2.905
46.1642513599147,-72.881709427571,101,131,663536.657941832,5114478.32235151,-2.879
46.1642033380573,-72.8791206267774,101,132,663736.657941834,5114478.32235152,-2.843
46.1641552576124,-72.876531832576,101,133,663936.657941835,5114478.32235154,-2.839
46.1641071185805,-72.8739430449751,101,134,664136.657941836,5114478.32235155,-2.806
46.1640589209618,-72.8713542639826,101,135,664336.657941835,5114478.32235157,-2.74
46.1640106647569,-72.8687654896066,101,136,664536.657941836,5114478.32235158,-2.617
46.163962349966,-72.8661767218549,101,137,664736.657941835,5114478.3223516,-2.615
46.1639139765897,-72.8635879607358,101,138,664936.657941839,5114478.32235161,-2.597
46.1638655446282,-72.8609992062571,101,139,665136.657941839,5114478.32235163,-2.683
46.163817054082,-72.8584104584269,101,140,665336.65794184,5114478.32235164,-2.722
46.1637685049513,-72.8558217172532,101,141,665536.65794184,5114478.32235165,-2.753
46.1637198972368,-72.8532329827441,101,142,665736.657941838,5114478.32235167,-2.721
46.1636712309387,-72.8506442549075,101,143,665936.657941843,5114478.32235168,-2.796
46.1636225060574,-72.8480555337514,101,144,666136.657941841,5114478.3223517,-2.786
46.1635737225933,-72.845466819284,101,145,666336.657941843,5114478.32235171,-2.694
46.1635248805468,-72.8428781115131,101,146,666536.657941843,5114478.32235173,-2.559
46.1634759799183,-72.8402894104468,101,147,666736.657941843,5114478.32235174,-2.438
46.1634270207082,-72.8377007160932,101,148,666936.657941844,5114478.32235175,-2.309
46.163378002917,-72.8351120284601,101,149,667136.657941844,5114478.32235177,-2.433
46.1633289265449,-72.8325233475557,101,150,667336.657941846,5114478.32235179,-2.396
46.1632797915923,-72.829934673388,101,151,667536.657941844,5114478.3223518,-2.252
46.1632305980598,-72.827346005965,101,152,667736.657941848,5114478.32235181,-2.15
46.1631813459476,-72.8247573452947,101,153,667936.657941846,5114478.32235183,-1.967
46.1631320352562,-72.822168691385,101,154,668136.657941847,5114478.32235184,-1.964
46.1630826659859,-72.8195800442441,101,155,668336.657941847,5114478.32235186,-1.976
46.1630332381373,-72.8169914038799,101,156,668536.657941848,5114478.32235187,-1.85
46.1629837517105,-72.8144027703005,101,157,668736.657941848,5114478.32235189,-1.725
46.1629342067062,-72.8118141435138,101,158,668936.65794185,5114478.3223519,-1.557
46.1628846031246,-72.809225523528,101,159,669136.65794185,5114478.32235192,-1.281
46.1628349409661,-72.8066369103509,101,160,669336.657941852,5114478.32235193,-1.184
46.1627852202313,-72.8040483039906,101,161,669536.657941852,5114478.32235194,-1.184
46.1627354409203,-72.8014597044551,101,162,669736.657941853,5114478.32235196,-1.269
46.1626856030338,-72.7988711117525,101,163,669936.657941853,5114478.32235197,-1.234
46.162635706572,-72.7962825258907,101,164,670136.657941853,5114478.32235199,-0.964
46.1625857515353,-72.7936939468777,101,165,670336.657941855,5114478.322352,-0.876
46.1625357379243,-72.7911053747217,101,166,670536.657941857,5114478.32235202,-0.812
46.1624856657392,-72.7885168094304,101,167,670736.657941857,5114478.32235203,-0.795
46.1624355349804,-72.7859282510122,101,168,670936.657941857,5114478.32235205,-0.736
46.1623853456485,-72.7833396994748,101,169,671136.657941858,5114478.32235206,-0.723
46.1623350977437,-72.7807511548263,101,170,671336.657941858,5114478.32235207,-0.648
46.1622847912665,-72.7781626170748,101,171,671536.65794186,5114478.32235209,-0.626
46.1622344262173,-72.7755740862281,101,172,671736.65794186,5114478.3223521,-0.621
46.1621840025965,-72.7729855622945,101,173,671936.65794186,5114478.32235212,-0.579
46.1621335204045,-72.7703970452818,101,174,672136.657941859,5114478.32235213,-0.539
46.1620829796417,-72.7678085351981,101,175,672336.657941862,5114478.32235215,-0.556
46.1620323803085,-72.7652200320514,101,176,672536.657941862,5114478.32235216,-0.577
46.1619817224054,-72.7626315358497,101,177,672736.657941862,5114478.32235218,-0.626
46.1619310059326,-72.760043046601,101,178,672936.657941863,5114478.32235219,-0.608
46.1618802308908,-72.7574545643133,101,179,673136.657941863,5114478.3223522,-0.684
46.1618293972801,-72.7548660889947,101,180,673336.657941863,5114478.32235222,-0.517
46.1617275543542,-72.7496891592966,101,182,673736.657941867,5114478.32235225,-0.131
46.1616765450398,-72.7471007049331,101,183,673936.657941867,5114478.32235226,-0.161
46.1616254771582,-72.7445122575707,101,184,674136.657941869,5114478.32235228,-0.151
46.16157435071,-72.7419238172174,101,185,674336.657941868,5114478.32235229,-0.148
46.1615231656954,-72.7393353838811,101,186,674536.657941869,5114478.32235231,-0.194
46.161471922115,-72.73674695757,101,187,674736.657941871,5114478.32235232,-0.123
46.1648238454061,-73.0138115911255,102,80,653336.657941819,5114278.32235077,-1.481
46.164778814823,-73.0112225490469,102,81,653536.657941819,5114278.32235079,-1.797
46.164733725637,-73.0086335131508,102,82,653736.657941821,5114278.3223508,-2.125
46.1646433714576,-73.0034554599386,102,84,654136.65794182,5114278.32235083,-0.093
46.1645981064649,-73.0008664426385,102,85,654336.657941823,5114278.32235084,-0.116
46.1645527828708,-72.9982774315532,102,86,654536.657941822,5114278.32235086,-0.18
46.1645074006755,-72.9956884266905,102,87,654736.657941824,5114278.32235087,-1.522
46.1644619598795,-72.9930994280586,102,88,654936.657941823,5114278.32235089,-5.11
46.1644164604831,-72.9905104356655,102,89,655136.657941821,5114278.3223509,-4.445
46.1643709024866,-72.9879214495191,102,90,655336.657941822,5114278.32235092,-3.197
46.1643252858906,-72.9853324696276,102,91,655536.657941823,5114278.32235093,-1.49
46.1642796106952,-72.9827434959989,102,92,655736.657941824,5114278.32235095,-0.384
46.1642338769009,-72.980154528641,102,93,655936.657941827,5114278.32235096,-0.25
46.1641880845081,-72.977565567562,102,94,656136.657941825,5114278.32235097,-0.362
46.1641422335171,-72.97497661277,102,95,656336.657941827,5114278.32235099,-0.784
46.1640963239283,-72.9723876642728,102,96,656536.657941825,5114278.322351,-1.214
46.164050355742,-72.9697987220786,102,97,656736.657941827,5114278.32235102,-1.66
46.1640043289587,-72.9672097861953,102,98,656936.657941827,5114278.32235103,-2.314
46.1639582435787,-72.964620856631,102,99,657136.657941828,5114278.32235105,-3.16
46.1639120996023,-72.9620319333937,102,100,657336.657941831,5114278.32235106,-4.55
46.16386589703,-72.9594430164915,102,101,657536.657941831,5114278.32235108,-4.789
46.1638196358621,-72.9568541059323,102,102,657736.657941831,5114278.32235109,-2.917
46.163773316099,-72.9542652017241,102,103,657936.65794183,5114278.3223511,-2.823
46.1637269377411,-72.951676303875,102,104,658136.657941832,5114278.32235112,-2.952
46.1636805007887,-72.949087412393,102,105,658336.65794183,5114278.32235113,-2.813
46.1636340052422,-72.9464985272861,102,106,658536.657941833,5114278.32235115,-2.974
46.163587451102,-72.9439096485624,102,107,658736.657941831,5114278.32235116,-4.617
46.1635408383685,-72.9413207762298,102,108,658936.657941835,5114278.32235118,-15.308
46.1634941670419,-72.9387319102964,102,109,659136.657941835,5114278.32235119,-15.568
46.1634474371228,-72.9361430507702,102,110,659336.657941834,5114278.32235121,-14.748
46.1634006486115,-72.9335541976592,102,111,659536.657941834,5114278.32235122,-11.938
46.1633538015084,-72.9309653509715,102,112,659736.657941836,5114278.32235124,-2.444
46.1633068958138,-72.928376510715,102,113,659936.657941836,5114278.32235125,-1.382
46.1632599315281,-72.9257876768977,102,114,660136.657941836,5114278.32235126,-1.713
46.1632129086517,-72.9231988495278,102,115,660336.657941838,5114278.32235128,-2.054
46.163165827185,-72.9206100286132,102,116,660536.65794184,5114278.32235129,-1.816
46.1631186871283,-72.9180212141619,102,117,660736.65794184,5114278.32235131,-1.946
46.1630714884821,-72.9154324061819,102,118,660936.657941842,5114278.32235132,-2.25
46.1630242312467,-72.9128436046813,102,119,661136.657941842,5114278.32235134,-1.584
46.1629769154225,-72.9102548096681,102,120,661336.657941839,5114278.32235135,-1.677
46.1629295410098,-72.9076660211502,102,121,661536.657941843,5114278.32235136,-1.997
46.1628821080092,-72.9050772391358,102,122,661736.657941842,5114278.32235138,-2.157
46.1628346164208,-72.9024884636328,102,123,661936.657941844,5114278.32235139,-2.299
46.1627870662452,-72.8998996946493,102,124,662136.657941844,5114278.32235141,-2.467
46.1627394574827,-72.8973109321932,102,125,662336.657941844,5114278.32235142,-2.507
46.1626917901337,-72.8947221762727,102,126,662536.657941846,5114278.32235144,-2.662
46.1626440641986,-72.8921334268956,102,127,662736.657941845,5114278.32235145,-2.852
46.1625962796777,-72.88954468407,102,128,662936.657941847,5114278.32235147,-2.944
46.1625484365715,-72.886955947804,102,129,663136.657941845,5114278.32235148,-2.89
46.1625005348803,-72.8843672181055,102,130,663336.657941846,5114278.3223515,-2.782
46.1624525746045,-72.8817784949826,102,131,663536.657941848,5114278.32235151,-2.655
46.1624045557445,-72.8791897784433,102,132,663736.657941849,5114278.32235152,-2.625
46.1623564783007,-72.8766010684955,102,133,663936.657941851,5114278.32235154,-2.493
46.1623083422735,-72.8740123651474,102,134,664136.657941848,5114278.32235155,-2.385
46.1622601476632,-72.871423668407,102,135,664336.65794185,5114278.32235157,-2.42
46.1622118944703,-72.8688349782821,102,136,664536.657941849,5114278.32235158,-2.48
46.1621635826951,-72.866246294781,102,137,664736.657941852,5114278.3223516,-2.579
46.1621152123381,-72.8636576179115,102,138,664936.657941851,5114278.32235161,-2.595
46.1620667833996,-72.8610689476817,102,139,665136.657941855,5114278.32235163,-2.624
46.16201829588,-72.8584802840996,102,140,665336.65794185,5114278.32235164,-2.633
46.1619697497796,-72.8558916271732,102,141,665536.657941852,5114278.32235165,-2.704
46.161921145099,-72.8533029769106,102,142,665736.657941856,5114278.32235167,-2.728
46.1618724818385,-72.8507143333197,102,143,665936.657941855,5114278.32235168,-2.807
46.1618237599984,-72.8481256964086,102,144,666136.657941856,5114278.3223517,-2.743
46.1617749795792,-72.8455370661853,102,145,666336.657941855,5114278.32235171,-2.601
46.1617261405813,-72.8429484426578,102,146,666536.657941858,5114278.32235173,-2.526
46.161677243005,-72.840359825834,102,147,666736.657941857,5114278.32235174,-2.48
46.1616282868508,-72.8377712157222,102,148,666936.65794186,5114278.32235176,-2.521
46.161579272119,-72.8351826123301,102,149,667136.657941857,5114278.32235177,-2.219
46.16153019881,-72.8325940156659,102,150,667336.65794186,5114278.32235179,-2.209
46.1614810669243,-72.8300054257376,102,151,667536.65794186,5114278.3223518,-2.084
46.1614318764622,-72.8274168425532,102,152,667736.657941859,5114278.32235181,-1.987
46.1613826274241,-72.8248282661206,102,153,667936.657941859,5114278.32235183,-1.941
46.1613333198104,-72.822239696448,102,154,668136.657941862,5114278.32235184,-1.849
46.1612839536215,-72.8196511335433,102,155,668336.657941861,5114278.32235186,-1.749
46.1612345288579,-72.8170625774145,102,156,668536.657941863,5114278.32235187,-1.581
46.1611850455199,-72.8144740280696,102,157,668736.657941865,5114278.32235189,-1.476
46.1611355036079,-72.8118854855168,102,158,668936.657941865,5114278.3223519,-1.296
46.1610859031223,-72.8092969497639,102,159,669136.657941864,5114278.32235192,-1.115
46.1610362440635,-72.8067084208189,102,160,669336.657941866,5114278.32235193,-1.201
46.1609865264319,-72.80411989869,102,161,669536.657941867,5114278.32235194,-1.295
46.1609367502279,-72.8015313833851,102,162,669736.657941869,5114278.32235196,-1.304
46.160886915452,-72.7989428749122,102,163,669936.657941866,5114278.32235197,-1.057
46.1608370221044,-72.7963543732794,102,164,670136.657941868,5114278.32235199,-0.747
46.1607870701857,-72.7937658784946,102,165,670336.657941869,5114278.322352,-0.802
46.1607370596962,-72.7911773905658,102,166,670536.65794187,5114278.32235202,-0.785
46.1606869906363,-72.7885889095012,102,167,670736.657941869,5114278.32235203,-0.756
46.1606368630064,-72.7860004353086,102,168,670936.657941872,5114278.32235205,-0.689
46.160586676807,-72.7834119679961,102,169,671136.657941872,5114278.32235206,-0.678
46.1605364320383,-72.7808235075717,102,170,671336.657941872,5114278.32235207,-0.59
46.1604861287009,-72.7782350540434,102,171,671536.657941873,5114278.32235209,-0.585
46.1604357667952,-72.7756466074193,102,172,671736.657941876,5114278.3223521,-0.588
46.1603853463215,-72.7730581677073,102,173,671936.657941875,5114278.32235212,-0.572
46.1603348672802,-72.7704697349154,102,174,672136.657941873,5114278.32235213,-0.555
46.1602843296718,-72.7678813090517,102,175,672336.657941874,5114278.32235215,-0.569
46.1602337334967,-72.7652928901242,102,176,672536.657941876,5114278.32235216,-0.566
46.1601830787553,-72.7627044781408,102,177,672736.657941877,5114278.32235218,-0.595
46.1601323654479,-72.7601160731097,102,178,672936.657941879,5114278.32235219,-0.562
46.160081593575,-72.7575276750387,102,179,673136.657941879,5114278.32235221,-0.45
46.160030763137,-72.754939283936,102,180,673336.657941878,5114278.32235222,-0.286
46.1599289265674,-72.7497625226671,102,182,673736.657941878,5114278.32235225,-0.087
46.1598779204365,-72.747174152517,102,183,673936.657941882,5114278.32235226,-0.113
46.1631147911766,-73.0190542884806,103,78,652936.65794183,5114078.32235074,-1.323
46.1630698806041,-73.016465318347,103,79,653136.657941831,5114078.32235076,-2.284
46.1630249114316,-73.0138763543793,103,80,653336.657941834,5114078.32235077,-2.043
46.1629798836595,-73.0112873965854,103,81,653536.657941832,5114078.32235079,-1.008
46.1627538658167,-72.9983427005048,103,86,654536.657941836,5114078.32235086,-2.548
46.1627084864543,-72.9957537799226,103,87,654736.657941837,5114078.32235087,-5.607
46.1626630484948,-72.9931648655704,103,88,654936.657941838,5114078.32235089,-4.379
46.1626175519386,-72.9905759574562,103,89,655136.657941836,5114078.3223509,-2.765
46.162571996786,-72.9879870555881,103,90,655336.657941839,5114078.32235091,-0.943
46.1625263830374,-72.985398159974,103,91,655536.65794184,5114078.32235093,-0.113
46.1624807106931,-72.982809270622,103,92,655736.657941838,5114078.32235094,-0.214
46.1624349797537,-72.9802203875401,103,93,655936.657941839,5114078.32235096,-0.28
46.1623891902193,-72.9776315107364,103,94,656136.657941839,5114078.32235097,-0.417
46.1623433420904,-72.9750426402188,103,95,656336.657941843,5114078.32235099,-0.772
46.1622974353673,-72.9724537759954,103,96,656536.657941841,5114078.322351,-1.465
46.1622514700504,-72.9698649180742,103,97,656736.657941841,5114078.32235102,-2.299
46.1622054461402,-72.9672760664632,103,98,656936.657941843,5114078.32235103,-2.962
46.1621593636368,-72.9646872211705,103,99,657136.657941844,5114078.32235105,-3.959
46.1621132225408,-72.9620983822039,103,100,657336.657941844,5114078.32235106,-4.482
46.1620670228525,-72.9595095495717,103,101,657536.657941843,5114078.32235108,-3.089
46.1620207645723,-72.9569207232817,103,102,657736.657941847,5114078.32235109,-2.578
46.1619744477005,-72.9543319033421,103,103,657936.657941846,5114078.3223511,-2.904
46.1619280722376,-72.9517430897608,103,104,658136.657941846,5114078.32235112,-2.897
46.1618816381838,-72.9491542825458,103,105,658336.657941846,5114078.32235113,-2.881
46.1618351455396,-72.9465654817052,103,106,658536.657941847,5114078.32235115,-3.87
46.1617885943053,-72.943976687247,103,107,658736.657941849,5114078.32235116,-14.668
46.1617419844813,-72.9413878991792,103,108,658936.657941849,5114078.32235118,-15.598
46.161695316068,-72.9387991175098,103,109,659136.65794185,5114078.32235119,-15.188
46.1616485890658,-72.9362103422468,103,110,659336.65794185,5114078.3223512,-13.918
46.161601803475,-72.9336215733983,103,111,659536.657941852,5114078.32235122,-1.934
46.161554959296,-72.9310328109723,103,112,659736.657941852,5114078.32235123,-1.121
46.1615080565293,-72.9284440549767,103,113,659936.657941851,5114078.32235125,-1.385
46.1614610951751,-72.9258553054197,103,114,660136.657941853,5114078.32235126,-1.811
46.1614140752338,-72.9232665623092,103,115,660336.657941853,5114078.32235128,-1.682
46.1613669967059,-72.9206778256532,103,116,660536.657941854,5114078.32235129,-1.944
46.1613198595917,-72.9180890954598,103,117,660736.657941853,5114078.32235131,-2.611
46.1612726638916,-72.915500371737,103,118,660936.657941856,5114078.32235132,-1.917
46.1612254096059,-72.9129116544928,103,119,661136.657941854,5114078.32235134,-1.445
46.1611780967351,-72.9103229437352,103,120,661336.657941854,5114078.32235135,-1.629
46.1611307252795,-72.9077342394722,103,121,661536.657941856,5114078.32235136,-1.814
46.1610832952396,-72.9051455417119,103,122,661736.657941855,5114078.32235138,-1.995
46.1610358066156,-72.9025568504622,103,123,661936.657941858,5114078.32235139,-2.224
46.160988259408,-72.8999681657312,103,124,662136.657941858,5114078.32235141,-2.557
46.1609406536172,-72.8973794875269,103,125,662336.657941858,5114078.32235142,-2.665
46.1608929892435,-72.8947908158573,103,126,662536.657941859,5114078.32235143,-2.599
46.1608452662873,-72.8922021507305,103,127,662736.657941859,5114078.32235145,-2.641
46.1607974847491,-72.8896134921543,103,128,662936.657941862,5114078.32235147,-2.57
46.1607496446291,-72.887024840137,103,129,663136.65794186,5114078.32235148,-2.652
46.1607017459278,-72.8844361946864,103,130,663336.65794186,5114078.32235149,-2.764
46.1606537886456,-72.8818475558106,103,131,663536.657941864,5114078.32235151,-2.398
46.1606057727828,-72.8792589235176,103,132,663736.657941862,5114078.32235152,-2.02
46.1605576983399,-72.8766702978155,103,133,663936.657941864,5114078.32235154,-1.948
46.1605095653172,-72.8740816787121,103,134,664136.657941863,5114078.32235155,-2.164
46.1604613737151,-72.8714930662156,103,135,664336.657941863,5114078.32235157,-2.407
46.1604131235341,-72.868904460334,103,136,664536.657941864,5114078.32235158,-2.516
46.1603648147744,-72.8663158610753,103,137,664736.657941865,5114078.3223516,-2.57
46.1603164474365,-72.8637272684474,103,138,664936.657941868,5114078.32235161,-2.582
46.1602680215207,-72.8611386824585,103,139,665136.657941867,5114078.32235163,-2.589
46.1602195370276,-72.8585501031165,103,140,665336.657941868,5114078.32235164,-2.622
46.1601709939573,-72.8559615304294,103,141,665536.657941868,5114078.32235165,-2.654
46.1601223923104,-72.8533729644053,103,142,665736.65794187,5114078.32235167,-2.69
46.1600737320873,-72.8507844050522,103,143,665936.657941867,5114078.32235168,-2.685
46.1600250132883,-72.848195852378,103,144,666136.65794187,5114078.3223517,-2.617
46.1599762359138,-72.8456073063908,103,145,666336.657941872,5114078.32235171,-2.5
46.1599273999642,-72.8430187670986,103,146,666536.657941871,5114078.32235173,-2.392
46.1598785054399,-72.8404302345095,103,147,666736.657941873,5114078.32235174,-2.487
46.1598295523413,-72.8378417086313,103,148,666936.657941872,5114078.32235176,-2.559
46.1597805406688,-72.8352531894723,103,149,667136.657941874,5114078.32235177,-2.213
46.1597314704227,-72.8326646770402,103,150,667336.657941872,5114078.32235178,-2.135
46.1596823416036,-72.8300761713433,103,151,667536.657941874,5114078.3223518,-2.003
46.1596331542117,-72.8274876723894,103,152,667736.657941875,5114078.32235181,-1.898
46.1595839082476,-72.8248991801866,103,153,667936.657941878,5114078.32235183,-1.775
46.1595346037114,-72.822310694743,103,154,668136.657941877,5114078.32235184,-1.66
46.1594852406038,-72.8197222160665,103,155,668336.657941878,5114078.32235186,-1.542
46.159435818925,-72.817133744165,103,156,668536.657941878,5114078.32235187,-1.427
46.1593863386755,-72.8145452790468,103,157,668736.657941879,5114078.32235189,-1.317
46.1593367998556,-72.8119568207197,103,158,668936.65794188,5114078.3223519,-1.255
46.1592872024658,-72.8093683691918,103,159,669136.657941881,5114078.32235191,-1.132
46.1592375465065,-72.806779924471,103,160,669336.65794188,5114078.32235193,-1.245
46.159187831978,-72.8041914865655,103,161,669536.65794188,5114078.32235194,-1.284
46.1591380588808,-72.8016030554831,103,162,669736.657941882,5114078.32235196,-1.085
46.1590882272152,-72.799014631232,103,163,669936.657941883,5114078.32235197,-0.857
46.1590383369817,-72.7964262138201,103,164,670136.657941881,5114078.32235199,-0.745
46.1589883881807,-72.7938378032554,103,165,670336.657941883,5114078.322352,-0.761
46.1589383808125,-72.791249399546,103,166,670536.657941885,5114078.32235201,-0.726
46.1588883148776,-72.7886610026998,103,167,670736.657941885,5114078.32235203,-0.689
46.1588381903764,-72.786072612725,103,168,670936.657941886,5114078.32235204,-0.68
46.1587880073092,-72.7834842296293,103,169,671136.657941888,5114078.32235206,-0.651
46.1587377656766,-72.780895853421,103,170,671336.657941885,5114078.32235207,-0.583
46.1586874654788,-72.778307484108,103,171,671536.657941887,5114078.32235209,-0.544
46.1586371067163,-72.7757191216983,103,172,671736.657941888,5114078.3223521,-0.502
46.1585866893895,-72.7731307661999,103,173,671936.657941889,5114078.32235212,-0.504
46.1585362134987,-72.7705424176208,103,174,672136.657941891,5114078.32235213,-0.573
46.1584856790446,-72.7679540759691,103,175,672336.657941889,5114078.32235214,-0.544
46.1584350860273,-72.7653657412528,103,176,672536.657941891,5114078.32235216,-0.558
46.1583844344473,-72.7627774134798,103,177,672736.657941892,5114078.32235218,-0.492
46.1583337243051,-72.7601890926581,103,178,672936.657941892,5114078.32235219,-0.235
46.158282955601,-72.7576007787958,103,179,673136.657941894,5114078.3223522,-0.086
46.1582321283354,-72.755012471901,103,180,673336.657941896,5114078.32235222,-0.103
46.1580792951742,-72.7472475931008,103,183,673936.657941896,5114078.32235226,-0.158
46.1614948960578,-73.0294744819166,104,74,652136.657941845,5113878.32235068,-0.421
46.1614502226778,-73.026885571481,104,75,652336.657941844,5113878.3223507,-1.321
46.1614054907,-73.0242966671785,104,76,652536.657941846,5113878.32235071,-2.004
46.1613607001247,-73.0217077690171,104,77,652736.657941843,5113878.32235073,-2.074
46.1613158509524,-73.0191188770047,104,78,652936.657941846,5113878.32235074,-1.765
46.1612709431834,-73.0165299911494,104,79,653136.657941848,5113878.32235076,-0.994
46.1610002660584,-73.0009968057656,104,85,654336.657941849,5113878.32235084,-3.225
46.1609549481225,-72.9984079632345,104,86,654536.657941848,5113878.32235086,-5.651
46.1609095715928,-72.9958191269247,104,87,654736.657941851,5113878.32235087,-4.368
46.1608641364696,-72.9932302968441,104,88,654936.657941851,5113878.32235088,-2.339
46.1608186427534,-72.9906414730009,104,89,655136.657941851,5113878.3223509,-0.456
46.1607730904444,-72.9880526554029,104,90,655336.657941852,5113878.32235091,-0.126
46.1607274795431,-72.9854638440583,104,91,655536.657941851,5113878.32235093,-0.12
46.1606818100498,-72.982875038975,104,92,655736.657941856,5113878.32235094,-0.202
46.1606360819649,-72.9802862401611,104,93,655936.657941855,5113878.32235096,-0.234
46.1605902952888,-72.9776974476246,104,94,656136.657941857,5113878.32235097,-0.587
46.1605444500218,-72.9751086613735,104,95,656336.657941856,5113878.32235098,-1.48
46.1604985461643,-72.9725198814159,104,96,656536.657941856,5113878.322351,-2.377
46.1604525837166,-72.9699311077597,104,97,656736.657941855,5113878.32235101,-2.866
46.1604065626792,-72.9673423404129,104,98,656936.657941858,5113878.32235103,-3.375
46.1603604830524,-72.9647535793836,104,99,657136.657941856,5113878.32235104,-3.987
46.1603143448366,-72.9621648246799,104,100,657336.657941859,5113878.32235106,-3.275
46.1602681480321,-72.9595760763096,104,101,657536.657941859,5113878.32235107,-2.376
46.1602218926394,-72.9569873342809,104,102,657736.657941859,5113878.32235109,-2.746
46.1601755786587,-72.9543985986018,104,103,657936.65794186,5113878.3223511,-3.05
46.1601292060905,-72.9518098692802,104,104,658136.657941859,5113878.32235112,-2.747
46.1600827749352,-72.9492211463243,104,105,658336.657941859,5113878.32235113,-3.24
46.160036285193,-72.9466324297419,104,106,658536.657941861,5113878.32235115,-8.658
46.1599897368645,-72.9440437195412,104,107,658736.65794186,5113878.32235116,-15.708
46.1599431299499,-72.9414550157301,104,108,658936.657941863,5113878.32235117,-15.558
46.1598964644497,-72.9388663183167,104,109,659136.657941862,5113878.32235119,-14.768
46.1598497403641,-72.9362776273089,104,110,659336.657941862,5113878.32235121,-1.619
46.1598029576937,-72.9336889427149,104,111,659536.657941862,5113878.32235122,-0.875
46.1597561164387,-72.9311002645426,104,112,659736.657941867,5113878.32235123,-1.22
46.1597092165996,-72.9285115928,104,113,659936.657941865,5113878.32235125,-1.588
46.1596622581767,-72.9259229274951,104,114,660136.657941868,5113878.32235126,-1.586
46.1596152411704,-72.923334268636,104,115,660336.657941868,5113878.32235128,-1.718
46.1595681655811,-72.9207456162307,104,116,660536.657941869,5113878.32235129,-2.876
46.1595210314091,-72.9181569702872,104,117,660736.657941869,5113878.3223513,-2.51
46.1594738386549,-72.9155683308135,104,118,660936.657941868,5113878.32235132,-1.725
46.1594265873188,-72.9129796978177,104,119,661136.65794187,5113878.32235133,-1.501
46.1593792774012,-72.9103910713077,104,120,661336.657941869,5113878.32235135,-1.521
46.1593319089025,-72.9078024512915,104,121,661536.657941871,5113878.32235136,-1.689
46.1592844818231,-72.9052138377773,104,122,661736.65794187,5113878.32235138,-2.002
46.1592369961633,-72.9026252307729,104,123,661936.657941871,5113878.32235139,-2.397
46.1591894519235,-72.9000366302864,104,124,662136.657941873,5113878.32235141,-2.704
46.1591418491041,-72.8974480363258,104,125,662336.657941874,5113878.32235142,-2.485
46.1590941877056,-72.8948594488992,104,126,662536.657941875,5113878.32235143,-2.117
46.1590464677282,-72.8922708680146,104,127,662736.657941876,5113878.32235145,-1.985
46.1589986891723,-72.8896822936799,104,128,662936.657941873,5113878.32235146,-2.316
46.1589508520385,-72.8870937259032,104,129,663136.657941874,5113878.32235148,-2.542
46.1589029563269,-72.8845051646925,104,130,663336.657941875,5113878.32235149,-2.342
46.1588550020381,-72.8819166100558,104,131,663536.657941875,5113878.32235151,-1.856
46.1588069891723,-72.8793280620011,104,132,663736.657941879,5113878.32235152,-1.712
46.1587589177301,-72.8767395205365,104,133,663936.657941879,5113878.32235154,-1.977
46.1587107877117,-72.8741509856699,104,134,664136.657941878,5113878.32235155,-2.205
46.1586625991176,-72.8715624574095,104,135,664336.657941877,5113878.32235156,-2.391
46.1586143519482,-72.868973935763,104,136,664536.65794188,5113878.32235158,-2.482
46.1585660462038,-72.8663854207387,104,137,664736.657941881,5113878.32235159,-2.538
46.1585176818848,-72.8637969123445,104,138,664936.657941882,5113878.32235161,-2.546
46.1584692589917,-72.8612084105884,104,139,665136.657941882,5113878.32235162,-2.543
46.1584207775247,-72.8586199154785,104,140,665336.657941881,5113878.32235164,-2.566
46.1583722374844,-72.8560314270227,104,141,665536.657941882,5113878.32235165,-2.606
46.1583236388711,-72.8534429452291,104,142,665736.657941883,5113878.32235167,-2.618
46.1582749816851,-72.8508544701056,104,143,665936.657941886,5113878.32235168,-2.574
46.1582262659269,-72.8482660016603,104,144,666136.657941884,5113878.3223517,-2.49
46.1581774915969,-72.8456775399013,104,145,666336.657941883,5113878.32235171,-2.41
46.1581286586955,-72.8430890848364,104,146,666536.657941885,5113878.32235173,-2.287
46.158079767223,-72.8405006364738,104,147,666736.657941888,5113878.32235174,-2.319
46.1580308171798,-72.8379121948215,104,148,666936.657941885,5113878.32235175,-2.342
46.1579818085664,-72.8353237598873,104,149,667136.657941887,5113878.32235177,-2.062
46.1579327413831,-72.8327353316795,104,150,667336.657941887,5113878.32235178,-2.015
46.1578836156304,-72.8301469102059,104,151,667536.65794189,5113878.3223518,-1.876
46.1578344313086,-72.8275584954746,104,152,667736.657941888,5113878.32235181,-1.735
46.1577851884181,-72.8249700874936,104,153,667936.657941892,5113878.32235182,-1.655
46.1577358869593,-72.8223816862709,104,154,668136.65794189,5113878.32235184,-1.501
46.1576865269327,-72.8197932918145,104,155,668336.657941891,5113878.32235186,-1.342
46.1576371083385,-72.8172049041325,104,156,668536.657941892,5113878.32235187,-1.296
46.1575876311773,-72.8146165232328,104,157,668736.657941891,5113878.32235188,-1.297
46.1575380954494,-72.8120281491235,104,158,668936.657941894,5113878.3223519,-1.282
46.1574885011552,-72.8094397818125,104,159,669136.657941895,5113878.32235191,-1.118
46.1574388482951,-72.8068514213079,104,160,669336.657941895,5113878.32235193,-1.139
46.1573891368695,-72.8042630676177,104,161,669536.657941896,5113878.32235194,-1.02
46.1573393668788,-72.8016747207499,104,162,669736.657941895,5113878.32235196,-0.822
46.1572895383235,-72.7990863807125,104,163,669936.657941894,5113878.32235197,-0.802
46.1572396512038,-72.7964980475135,104,164,670136.657941899,5113878.32235198,-0.719
46.1571897055203,-72.793909721161,104,165,670336.6579419,5113878.322352,-0.684
46.1571397012733,-72.7913214016629,104,166,670536.657941898,5113878.32235201,-0.662
46.1570896384632,-72.7887330890272,104,167,670736.657941902,5113878.32235203,-0.641
46.1570395170904,-72.786144783262,104,168,670936.657941898,5113878.32235204,-0.629
46.1569893371553,-72.7835564843753,104,169,671136.6579419,5113878.32235206,-0.694
46.1569390986584,-72.780968192375,104,170,671336.657941901,5113878.32235207,-0.527
46.1568888016,-72.7783799072692,104,171,671536.657941903,5113878.32235209,-0.492
46.1568384459806,-72.775791629066,104,172,671736.657941904,5113878.3223521,-0.479
46.1567880318004,-72.7732033577732,104,173,671936.657941904,5113878.32235212,-0.487
46.1567375590601,-72.7706150933989,104,174,672136.657941906,5113878.32235213,-0.582
46.1566870277599,-72.7680268359512,104,175,672336.657941903,5113878.32235214,-0.558
46.1566364379002,-72.765438585438,104,176,672536.657941908,5113878.32235216,-0.537
46.1565857894816,-72.7628503418673,104,177,672736.657941906,5113878.32235217,-0.266
46.1564843169688,-72.7576738755856,104,179,673136.657941908,5113878.3223522,-0.105
46.159874040435,-73.0398940930076,105,70,651336.657941855,5113678.32235062,-0.178
46.1598296042239,-73.0373052423962,105,71,651536.657941857,5113678.32235064,-0.341
46.1597851094171,-73.034716397885,105,72,651736.657941856,5113678.32235066,-0.551
46.1597405560152,-73.0321275594821,105,73,651936.657941859,5113678.32235067,-1.081
46.1596959440183,-73.0295387271954,105,74,652136.657941857,5113678.32235069,-1.29
46.159651273427,-73.026949901033,105,75,652336.657941859,5113678.3223507,-1.099
46.1596065442415,-73.0243610810029,105,76,652536.65794186,5113678.32235071,-1.001
46.1595617564623,-73.0217722671131,105,77,652736.657941859,5113678.32235073,-0.522
46.1595169100896,-73.0191834593717,105,78,652936.657941858,5113678.32235074,-0.068
46.1592917993373,-73.0062395131704,105,83,653936.657941864,5113678.32235081,-0.173
46.1592466014117,-73.0036507424874,105,84,654136.657941864,5113678.32235083,-1.857
46.1592013448952,-73.001061978009,105,85,654336.657941866,5113678.32235084,-5.018
46.1591560297881,-72.998473219743,105,86,654536.657941866,5113678.32235086,-4.159
46.1591106560909,-72.9958844676975,105,87,654736.657941867,5113678.32235087,-1.931
46.1590652238039,-72.9932957218806,105,88,654936.657941868,5113678.32235088,-0.368
46.1590197329274,-72.9907069823003,105,89,655136.657941867,5113678.3223509,-0.12
46.1589741834619,-72.9881182489645,105,90,655336.657941866,5113678.32235092,-0.162
46.1589285754077,-72.9855295218813,105,91,655536.657941867,5113678.32235093,-0.164
46.1588829087652,-72.9829408010587,105,92,655736.657941869,5113678.32235094,-0.238
46.1588371835348,-72.9803520865048,105,93,655936.65794187,5113678.32235096,-0.626
46.1587913997167,-72.9777633782275,105,94,656136.657941868,5113678.32235097,-1.446
46.1587455573114,-72.9751746762348,105,95,656336.65794187,5113678.32235099,-2.217
46.1586996563193,-72.9725859805349,105,96,656536.657941869,5113678.322351,-2.68
46.1586536967406,-72.9699972911356,105,97,656736.657941872,5113678.32235102,-3.037
46.1586076785759,-72.9674086080451,105,98,656936.657941869,5113678.32235103,-3.401
46.1585616018254,-72.9648199312713,105,99,657136.657941871,5113678.32235104,-3.212
46.1585154664896,-72.9622312608223,105,100,657336.657941871,5113678.32235106,-2.409
46.1584692725688,-72.959642596706,105,101,657536.657941872,5113678.32235107,-2.337
46.1584230200633,-72.9570539389306,105,102,657736.657941876,5113678.32235109,-2.832
46.1583767089736,-72.9544652875039,105,103,657936.657941872,5113678.3223511,-3.112
46.1583303393,-72.9518766424341,105,104,658136.657941876,5113678.32235112,-2.534
46.1582839110429,-72.9492880037291,105,105,658336.657941877,5113678.32235113,-3.872
46.1582374242026,-72.9466993713969,105,106,658536.657941874,5113678.32235115,-15.218
46.1581908787796,-72.9441107454457,105,107,658736.657941877,5113678.32235116,-15.558
46.1581442747743,-72.9415221258833,105,108,658936.657941879,5113678.32235118,-15.248
46.1580976121869,-72.9389335127179,105,109,659136.657941879,5113678.32235119,-10.598
46.1580508910179,-72.9363449059573,105,110,659336.657941879,5113678.3223512,-0.775
46.1580041112676,-72.9337563056097,105,111,659536.657941877,5113678.32235122,-0.976
46.1579572729364,-72.9311677116831,105,112,659736.657941879,5113678.32235123,-1.302
46.1579103760248,-72.9285791241854,105,113,659936.65794188,5113678.32235125,-1.526
46.157863420533,-72.9259905431248,105,114,660136.65794188,5113678.32235126,-1.286
46.1578164064614,-72.9234019685091,105,115,660336.657941883,5113678.32235128,-2.727
46.1577693338105,-72.9208134003464,105,116,660536.657941882,5113678.32235129,-2.994
46.1577222025806,-72.9182248386448,105,117,660736.657941884,5113678.3223513,-2.026
46.1576750127722,-72.9156362834122,105,118,660936.657941881,5113678.32235132,-1.503
46.1576277643854,-72.9130477346567,105,119,661136.657941886,5113678.32235133,-1.439
46.1575804574209,-72.9104591923863,105,120,661336.657941882,5113678.32235135,-1.462
46.1575330918788,-72.9078706566089,105,121,661536.657941886,5113678.32235136,-1.707
46.1574856677597,-72.9052821273327,105,122,661736.657941885,5113678.32235138,-2.022
46.1574381850639,-72.9026936045656,105,123,661936.657941886,5113678.32235139,-2.453
46.1573906437917,-72.9001050883157,105,124,662136.657941889,5113678.32235141,-2.252
46.1573430439436,-72.8975165785909,105,125,662336.657941889,5113678.32235142,-1.944
46.15729538552,-72.8949280753992,105,126,662536.657941889,5113678.32235144,-1.922
46.1572476685212,-72.8923395787487,105,127,662736.657941888,5113678.32235145,-2.122
46.1571998929476,-72.8897510886475,105,128,662936.65794189,5113678.32235146,-2.354
46.1571520587996,-72.8871626051034,105,129,663136.65794189,5113678.32235148,-1.921
46.1571041660776,-72.8845741281246,105,130,663336.657941891,5113678.32235149,-1.663
46.1570562147819,-72.881985657719,105,131,663536.657941889,5113678.32235151,-2.016
46.157008204913,-72.8793971938946,105,132,663736.65794189,5113678.32235152,-2.069
46.1569601364713,-72.8768087366595,105,133,663936.657941893,5113678.32235154,-2.133
46.1569120094571,-72.8742202860217,105,134,664136.657941891,5113678.32235155,-2.261
46.1568638238707,-72.8716318419892,105,135,664336.657941894,5113678.32235157,-2.354
46.1568155797127,-72.86904340457,105,136,664536.657941893,5113678.32235158,-2.464
46.1567672769834,-72.8664549737721,105,137,664736.657941896,5113678.32235159,-2.502
46.1567189156832,-72.8638665496035,105,138,664936.657941894,5113678.32235161,-2.499
46.1566704958125,-72.8612781320722,105,139,665136.657941896,5113678.32235162,-2.507
46.1566220173716,-72.8586897211863,105,140,665336.657941897,5113678.32235164,-2.546
46.1565734803609,-72.8561013169538,105,141,665536.657941897,5113678.32235165,-2.556
46.1565248847809,-72.8535129193827,105,142,665736.657941896,5113678.32235167,-2.5
46.156476230632,-72.8509245284809,105,143,665936.657941898,5113678.32235168,-2.384
46.1564275179144,-72.8483361442565,105,144,666136.657941897,5113678.3223517,-2.296
46.1563787466287,-72.8457477667176,105,145,666336.657941899,5113678.32235171,-2.197
46.1563299167752,-72.8431593958721,105,146,666536.657941902,5113678.32235172,-2.179
46.1562810283543,-72.840571031728,105,147,666736.6579419,5113678.32235174,-2.219
46.1562320813664,-72.8379826742933,105,148,666936.657941902,5113678.32235175,-2.361
46.1561830758119,-72.8353943235761,105,149,667136.657941901,5113678.32235177,-2.099
46.1561340116912,-72.8328059795844,105,150,667336.657941901,5113678.32235178,-1.912
46.1560848890046,-72.8302176423262,105,151,667536.657941902,5113678.3223518,-1.714
46.1560357077527,-72.8276293118094,105,152,667736.657941905,5113678.32235181,-1.644
46.1559864679357,-72.8250409880422,105,153,667936.657941906,5113678.32235183,-1.55
46.1559371695541,-72.8224526710325,105,154,668136.657941905,5113678.32235184,-1.359
46.1558878126082,-72.8198643607883,105,155,668336.657941907,5113678.32235186,-1.302
46.1558383970985,-72.8172760573176,105,156,668536.657941907,5113678.32235187,-1.317
46.1557889230254,-72.8146877606285,105,157,668736.657941907,5113678.32235188,-1.262
46.1557393903892,-72.8120994707289,105,158,668936.657941907,5113678.3223519,-1.135
46.1556897991904,-72.8095111876269,105,159,669136.65794191,5113678.32235191,-0.99
46.1556401494294,-72.8069229113304,105,160,669336.657941908,5113678.32235193,-0.966
46.1555904411065,-72.8043346418476,105,161,669536.657941908,5113678.32235194,-0.901
46.1555406742222,-72.8017463791863,105,162,669736.657941912,5113678.32235196,-0.805
46.1554908487768,-72.7991581233546,105,163,669936.657941912,5113678.32235197,-0.778
46.1554409647708,-72.7965698743606,105,164,670136.657941914,5113678.32235198,-0.69
46.1553910222045,-72.7939816322121,105,165,670336.657941912,5113678.322352,-0.649
46.1553410210785,-72.7913933969173,105,166,670536.657941912,5113678.32235201,-0.619
46.155290961393,-72.7888051684841,105,167,670736.657941914,5113678.32235203,-0.576
46.1552408431484,-72.7862169469206,105,168,670936.657941913,5113678.32235204,-0.542
46.1551906663453,-72.7836287322347,105,169,671136.657941913,5113678.32235206,-0.65
46.1551404309839,-72.7810405244345,105,170,671336.657941917,5113678.32235207,-0.503
46.1550901370647,-72.778452323528,105,171,671536.657941917,5113678.32235209,-0.478
46.1550397845881,-72.7758641295231,105,172,671736.657941916,5113678.3223521,-0.475
46.1549893735545,-72.773275942428,105,173,671936.657941918,5113678.32235212,-0.47
46.1549389039642,-72.7706877622505,105,174,672136.657941918,5113678.32235213,-0.528
46.1548883758178,-72.7680995889987,105,175,672336.65794192,5113678.32235215,-0.535
46.1548377891156,-72.7655114226807,105,176,672536.657941922,5113678.32235216,-0.326
46.1547871438581,-72.7629232633043,105,177,672736.657941921,5113678.32235217,-0.148
46.1581194514852,-73.0425467675292,106,69,651136.65794187,5113478.32235061,-0.121
46.1580750766402,-73.0399579950944,106,70,651336.65794187,5113478.32235062,-0.717
46.1580306432029,-73.037369228751,106,71,651536.657941872,5113478.32235064,-1.705
46.1579861511737,-73.0347804685071,106,72,651736.657941871,5113478.32235065,-1.939
46.1579416005529,-73.0321917143707,106,73,651936.657941873,5113478.32235067,-1.166
46.1578969913409,-73.0296029663499,106,74,652136.657941872,5113478.32235069,-0.268
46.1575380084045,-73.008893203305,106,82,653736.657941878,5113478.3223508,-0.268
46.1574928718878,-73.0063045106848,106,83,653936.657941876,5113478.32235081,-1.797
46.1574476767835,-73.0037158242604,106,84,654136.657941878,5113478.32235083,-4.789
46.157402423092,-73.0011271440398,106,85,654336.65794188,5113478.32235084,-4.077
46.1573571108136,-72.9985384700309,106,86,654536.657941878,5113478.32235086,-2.142
46.1573117399487,-72.9959498022418,106,87,654736.65794188,5113478.32235087,-0.078
46.1572663104976,-72.9933611406805,106,88,654936.65794188,5113478.32235088,-0.078
46.1572208224608,-72.9907724853551,106,89,655136.657941879,5113478.3223509,-0.116
46.1571752758386,-72.9881838362734,106,90,655336.657941881,5113478.32235092,-0.131
46.1571296706313,-72.9855951934436,106,91,655536.657941882,5113478.32235093,-0.228
46.1570840068394,-72.9830065568737,106,92,655736.657941883,5113478.32235094,-0.754
46.1570382844631,-72.9804179265717,106,93,655936.657941884,5113478.32235096,-1.52
46.156992503503,-72.9778293025456,106,94,656136.657941884,5113478.32235097,-2.052
46.1569466639592,-72.9752406848034,106,95,656336.657941885,5113478.32235099,-2.455
46.1569007658322,-72.9726520733532,106,96,656536.657941886,5113478.322351,-2.652
46.1568548091225,-72.9700634682029,106,97,656736.657941887,5113478.32235102,-2.885
46.1568087938302,-72.9674748693606,106,98,656936.657941884,5113478.32235103,-2.941
46.1567627199559,-72.9648862768342,106,99,657136.657941887,5113478.32235105,-2.395
46.1567165874999,-72.9622976906319,106,100,657336.657941886,5113478.32235106,-2.078
46.1566703964625,-72.9597091107617,106,101,657536.657941886,5113478.32235107,-2.394
46.1566241468441,-72.9571205372314,106,102,657736.657941887,5113478.32235109,-2.996
46.1565778386451,-72.9545319700492,106,103,657936.657941889,5113478.3223511,-2.987
46.156531471866,-72.9519434092231,106,104,658136.657941888,5113478.32235112,-2.389
46.1564850465069,-72.9493548547611,106,105,658336.657941889,5113478.32235113,-5.085
46.1564385625684,-72.9467663066712,106,106,658536.65794189,5113478.32235115,-15.608
46.1563920200507,-72.9441777649614,106,107,658736.657941889,5113478.32235116,-15.628
46.1563454189544,-72.9415892296397,106,108,658936.657941889,5113478.32235118,-13.928
46.1562987592796,-72.9390007007142,106,109,659136.657941892,5113478.32235119,-0.887
46.1562520410269,-72.9364121781928,106,110,659336.657941895,5113478.3223512,-0.687
46.1562052641966,-72.9338236620837,106,111,659536.657941892,5113478.32235122,-1.179
46.1561584287891,-72.9312351523947,106,112,659736.657941894,5113478.32235123,-1.495
46.1561115348047,-72.9286466491339,106,113,659936.657941894,5113478.32235125,-1.304
46.1560645822439,-72.9260581523094,106,114,660136.657941894,5113478.32235126,-1.889
46.1560175711069,-72.9234696619291,106,115,660336.657941897,5113478.32235128,-3.417
46.1559705013942,-72.9208811780011,106,116,660536.657941897,5113478.32235129,-2.09
46.1559233731062,-72.9182927005333,106,117,660736.657941898,5113478.3223513,-1.115
46.1558761862432,-72.9157042295339,106,118,660936.657941897,5113478.32235132,-1.109
46.1558289408057,-72.9131157650107,106,119,661136.657941897,5113478.32235133,-1.287
46.155781636794,-72.9105273069718,106,120,661336.657941897,5113478.32235135,-1.394
46.1557342742084,-72.9079388554253,106,121,661536.657941899,5113478.32235136,-1.532
46.1556868530494,-72.9053504103791,106,122,661736.657941902,5113478.32235138,-2.029
46.1556393733174,-72.9027619718413,106,123,661936.657941898,5113478.32235139,-1.962
46.1555918350127,-72.9001735398198,106,124,662136.657941902,5113478.32235141,-1.552
46.1555442381357,-72.8975851143227,106,125,662336.6579419,5113478.32235142,-1.681
46.1554965826868,-72.894996695358,106,126,662536.657941901,5113478.32235144,-2.665
46.1554488686663,-72.8924082829337,106,127,662736.657941903,5113478.32235145,-2.565
46.1554010960748,-72.8898198770578,106,128,662936.657941905,5113478.32235147,-1.718
46.1553532649125,-72.8872314777384,106,129,663136.657941903,5113478.32235148,-1.549
46.1553053751798,-72.8846430849834,106,130,663336.657941905,5113478.32235149,-1.726
46.1552574268771,-72.8820546988009,106,131,663536.657941907,5113478.32235151,-2.141
46.1552094200049,-72.8794663191988,106,132,663736.657941907,5113478.32235152,-2.229
46.1551613545634,-72.8768779461852,106,133,663936.657941908,5113478.32235154,-2.19
46.1551132305532,-72.8742895797682,106,134,664136.657941906,5113478.32235155,-2.331
46.1550650479744,-72.8717012199556,106,135,664336.657941909,5113478.32235157,-2.453
46.1550168068277,-72.8691128667556,106,136,664536.657941909,5113478.32235158,-2.477
46.1549685071133,-72.866524520176,106,137,664736.657941909,5113478.3223516,-2.457
46.1549201488316,-72.8639361802251,106,138,664936.657941909,5113478.32235161,-2.445
46.1548717319831,-72.8613478469106,106,139,665136.657941908,5113478.32235163,-2.409
46.154823256568,-72.8587595202408,106,140,665336.657941912,5113478.32235164,-2.422
46.1547747225869,-72.8561712002235,106,141,665536.65794191,5113478.32235165,-2.409
46.15472613004,-72.8535828868668,106,142,665736.657941912,5113478.32235167,-2.397
46.1546774789279,-72.8509945801788,106,143,665936.657941912,5113478.32235168,-2.351
46.1546287692508,-72.8484062801673,106,144,666136.657941915,5113478.3223517,-2.316
46.1545800010091,-72.8458179868404,106,145,666336.657941914,5113478.32235171,-2.206
46.1545311742034,-72.8432297002062,106,146,666536.657941913,5113478.32235172,-2.165
46.1544822888339,-72.8406414202727,106,147,666736.657941916,5113478.32235174,-2.264
46.154433344901,-72.8380531470477,106,148,666936.657941916,5113478.32235175,-2.191
46.1543843424052,-72.8354648805395,106,149,667136.657941916,5113478.32235177,-1.97
46.1543352813469,-72.8328766207559,106,150,667336.657941918,5113478.32235178,-1.837
46.1542861617263,-72.830288367705,106,151,667536.657941918,5113478.3223518,-1.652
46.154236983544,-72.8277001213948,106,152,667736.657941918,5113478.32235181,-1.546
46.1541877468003,-72.8251118818333,106,153,667936.657941921,5113478.32235183,-1.399
46.1541384514956,-72.8225236490285,106,154,668136.657941919,5113478.32235184,-1.301
46.1540890976304,-72.8199354229885,106,155,668336.657941922,5113478.32235186,-1.36
46.1540396852049,-72.8173472037212,106,156,668536.65794192,5113478.32235187,-1.308
46.1539902142197,-72.8147589912346,106,157,668736.657941922,5113478.32235188,-1.209
46.1539406846751,-72.8121707855367,106,158,668936.657941921,5113478.3223519,-1.074
46.1538910965715,-72.8095825866356,106,159,669136.657941924,5113478.32235191,-0.871
46.1538414499093,-72.8069943945393,106,160,669336.657941924,5113478.32235193,-0.906
46.1537917446889,-72.8044062092558,106,161,669536.657941926,5113478.32235194,-0.908
46.1537419809107,-72.8018180307931,106,162,669736.657941924,5113478.32235196,-0.816
46.1536921585752,-72.7992298591591,106,163,669936.657941923,5113478.32235197,-0.712
46.1536422776826,-72.796641694362,106,164,670136.657941925,5113478.32235199,-0.651
46.1535923382335,-72.7940535364096,106,165,670336.657941927,5113478.322352,-0.599
46.1535423402281,-72.7914653853101,106,166,670536.657941927,5113478.32235201,-0.569
46.153492283667,-72.7888772410714,106,167,670736.65794193,5113478.32235203,-0.504
46.1534421685505,-72.7862891037016,106,168,670936.657941929,5113478.32235204,-0.5
46.1533919948791,-72.7837009732086,106,169,671136.65794193,5113478.32235206,-0.51
46.153341762653,-72.7811128496004,106,170,671336.657941931,5113478.32235207,-0.503
46.1532914718728,-72.7785247328851,106,171,671536.657941929,5113478.32235209,-0.457
46.1532411225388,-72.7759366230706,106,172,671736.657941932,5113478.3223521,-0.426
46.1531907146515,-72.7733485201651,106,173,671936.657941931,5113478.32235212,-0.44
46.1531402482112,-72.7707604241764,106,174,672136.657941935,5113478.32235213,-0.442
46.1530897232184,-72.7681723351126,106,175,672336.657941933,5113478.32235214,-0.24
46.1530391396734,-72.7655842529816,106,176,672536.657941935,5113478.32235216,-0.108
46.1564090526657,-73.0477879738524,107,67,650736.657941883,5113278.32235058,-0.056
46.156364797769,-73.0451992735207,107,68,650936.657941885,5113278.3223506,-0.431
46.1563204842831,-73.0426105792639,107,69,651136.657941884,5113278.32235061,-1.603
46.1562761122081,-73.0400218910897,107,70,651336.657941886,5113278.32235062,-1.943
46.1562316815445,-73.0374332090063,107,71,651536.657941886,5113278.32235064,-0.488
46.1557390774977,-73.0089581103724,107,82,653736.657941893,5113278.3223508,-1.965
46.1556939437986,-73.0063695020035,107,83,653936.657941891,5113278.32235081,-4.595
46.1556487515155,-73.0037808998297,107,84,654136.657941893,5113278.32235083,-3.834
46.1556035006488,-73.0011923038589,107,85,654336.657941893,5113278.32235084,-2.092
46.1555581911989,-72.998603714099,107,86,654536.657941895,5113278.32235086,-0.948
46.1554673965508,-72.9934265532446,107,88,654936.657941895,5113278.32235088,-0.095
46.1554219113535,-72.990837982166,107,89,655136.657941897,5113278.3223509,-0.146
46.1553763675743,-72.9882494173305,107,90,655336.657941895,5113278.32235092,-0.173
46.1553307652138,-72.9856608587461,107,91,655536.657941896,5113278.32235093,-0.467
46.1552851042723,-72.9830723064209,107,92,655736.657941896,5113278.32235094,-1.235
46.1552393847501,-72.9804837603628,107,93,655936.657941896,5113278.32235096,-1.878
46.1551936066476,-72.9778952205798,107,94,656136.657941899,5113278.32235097,-2.306
46.1551477699652,-72.97530668708,107,95,656336.657941898,5113278.32235099,-2.497
46.1551018747032,-72.9727181598715,107,96,656536.657941901,5113278.322351,-2.535
46.1550559208621,-72.9701296389621,107,97,656736.657941899,5113278.32235102,-2.637
46.1550099084422,-72.96754112436,107,98,656936.657941902,5113278.32235103,-2.496
46.1549638374438,-72.9649526160731,107,99,657136.6579419,5113278.32235104,-1.941
46.1549177078674,-72.9623641141095,107,100,657336.657941903,5113278.32235106,-2.045
46.1548715197132,-72.9597756184772,107,101,657536.657941901,5113278.32235107,-2.6
46.1548252729818,-72.9571871291842,107,102,657736.657941904,5113278.32235109,-3.099
46.1547789676734,-72.9545986462384,107,103,657936.657941902,5113278.3223511,-2.621
46.1547326037884,-72.952010169648,107,104,658136.657941905,5113278.32235112,-2.794
46.1546861813272,-72.9494216994209,107,105,658336.657941904,5113278.32235113,-14.968
46.1546397002902,-72.9468332355652,107,106,658536.657941907,5113278.32235115,-15.828
46.1545931606778,-72.9442447780888,107,107,658736.657941906,5113278.32235116,-15.618
46.1545465624902,-72.9416563269999,107,108,658936.657941906,5113278.32235117,-8.898
46.154499905728,-72.9390678823063,107,109,659136.657941908,5113278.32235119,-0.582
46.1544531903914,-72.9364794440161,107,110,659336.657941908,5113278.3223512,-0.829
46.1544064164809,-72.9338910121374,107,111,659536.65794191,5113278.32235122,-1.318
46.1543595839968,-72.9313025866781,107,112,659736.65794191,5113278.32235123,-1.179
46.1543126929395,-72.9287141676462,107,113,659936.657941907,5113278.32235125,-1.392
46.1542657433093,-72.9261257550498,107,114,660136.65794191,5113278.32235126,-3.428
46.1542187351068,-72.9235373488969,107,115,660336.657941911,5113278.32235128,-2.692
46.1541716683321,-72.9209489491955,107,116,660536.657941909,5113278.32235129,-1.026
46.1541245429858,-72.9183605559536,107,117,660736.657941909,5113278.3223513,-0.88
46.1540773590682,-72.9157721691792,107,118,660936.657941913,5113278.32235132,-0.985
46.1540301165796,-72.9131837888803,107,119,661136.657941912,5113278.32235133,-1.265
46.1539828155205,-72.910595415065,107,120,661336.657941914,5113278.32235135,-1.292
46.1539354558913,-72.9080070477413,107,121,661536.657941914,5113278.32235136,-1.586
46.1538880376922,-72.9054186869171,107,122,661736.657941913,5113278.32235138,-1.95
46.1538405609238,-72.9028303326005,107,123,661936.657941914,5113278.32235139,-2.096
46.1537930255863,-72.9002419847995,107,124,662136.657941914,5113278.32235141,-2.425
46.1537454316802,-72.8976536435221,107,125,662336.657941915,5113278.32235142,-3.116
46.1536977792058,-72.8950653087764,107,126,662536.657941915,5113278.32235143,-2.754
46.1536500681636,-72.8924769805702,107,127,662736.65794192,5113278.32235145,-2.088
46.1536022985539,-72.8898886589118,107,128,662936.657941918,5113278.32235146,-1.632
46.1535544703771,-72.8873003438089,107,129,663136.657941917,5113278.32235148,-1.487
46.1535065836336,-72.8847120352698,107,130,663336.657941918,5113278.32235149,-1.707
46.1534586383237,-72.8821237333023,107,131,663536.657941918,5113278.32235151,-1.979
46.1534106344479,-72.8795354379146,107,132,663736.65794192,5113278.32235152,-2.304
46.1533625720066,-72.8769471491145,107,133,663936.657941921,5113278.32235154,-2.452
46.153314451,-72.8743588669101,107,134,664136.657941922,5113278.32235155,-2.365
46.1532662714287,-72.8717705913095,107,135,664336.657941922,5113278.32235157,-2.28
46.153218033293,-72.8691823223206,107,136,664536.657941922,5113278.32235158,-2.314
46.1531697365933,-72.8665940599515,107,137,664736.657941924,5113278.32235159,-2.351
46.15312138133,-72.8640058042101,107,138,664936.657941926,5113278.32235161,-2.341
46.1530729675034,-72.8614175551045,107,139,665136.657941924,5113278.32235162,-2.379
46.153024495114,-72.8588293126427,107,140,665336.657941926,5113278.32235164,-2.364
46.1529759641622,-72.8562410768327,107,141,665536.657941927,5113278.32235165,-2.399
46.1529273746483,-72.8536528476825,107,142,665736.657941927,5113278.32235167,-2.447
46.1528787265728,-72.8510646252,107,143,665936.657941927,5113278.32235168,-2.362
46.1528300199359,-72.8484764093934,107,144,666136.657941928,5113278.3223517,-2.344
46.1527812547382,-72.8458882002707,107,145,666336.657941927,5113278.32235171,-2.299
46.15273243098,-72.8432999978398,107,146,666536.657941931,5113278.32235172,-2.2
46.1526835486617,-72.8407118021087,107,147,666736.657941929,5113278.32235174,-2.213
46.1526346077837,-72.8381236130855,107,148,666936.657941931,5113278.32235175,-1.912
46.1525856083464,-72.8355354307782,107,149,667136.65794193,5113278.32235177,-1.718
46.1525365503502,-72.8329472551947,107,150,667336.657941932,5113278.32235178,-1.621
46.1524874337955,-72.8303590863432,107,151,667536.65794193,5113278.3223518,-1.481
46.1524382586826,-72.8277709242315,107,152,667736.657941933,5113278.32235181,-1.43
46.152389025012,-72.8251827688677,107,153,667936.657941932,5113278.32235182,-1.331
46.1523397327841,-72.8225946202599,107,154,668136.657941936,5113278.32235184,-1.287
46.1522903819992,-72.8200064784159,107,155,668336.657941934,5113278.32235186,-1.27
46.1522409726578,-72.8174183433439,107,156,668536.657941936,5113278.32235187,-1.158
46.1521915047603,-72.8148302150519,107,157,668736.657941935,5113278.32235188,-1.065
46.152141978307,-72.8122420935478,107,158,668936.657941937,5113278.3223519,-0.973
46.1520923932984,-72.8096539788397,107,159,669136.657941938,5113278.32235191,-0.831
46.1520427497349,-72.8070658709355,107,160,669336.657941938,5113278.32235193,-0.881
46.1519930476168,-72.8044777698433,107,161,669536.65794194,5113278.32235194,-0.819
46.1519432869446,-72.801889675571,107,162,669736.657941939,5113278.32235196,-0.67
46.1518934677186,-72.7993015881268,107,163,669936.65794194,5113278.32235197,-0.599
46.1518435899393,-72.7967135075186,107,164,670136.65794194,5113278.32235199,-0.577
46.151793653607,-72.7941254337543,107,165,670336.657941941,5113278.322352,-0.579
46.1517436587222,-72.7915373668421,107,166,670536.657941943,5113278.32235201,-0.55
46.1516936052853,-72.7889493067899,107,167,670736.657941941,5113278.32235203,-0.486
46.1516434932967,-72.7863612536057,107,168,670936.657941944,5113278.32235204,-0.469
46.1515933227567,-72.7837732072975,107,169,671136.657941945,5113278.32235206,-0.435
46.1515430936658,-72.7811851678734,107,170,671336.657941945,5113278.32235207,-0.491
46.1514928060244,-72.7785971353413,107,171,671536.657941946,5113278.32235208,-0.474
46.1514424598328,-72.7760091097092,107,172,671736.657941945,5113278.3223521,-0.419
46.1513920550916,-72.7734210909853,107,173,671936.657941947,5113278.32235212,-0.3
46.151341591801,-72.7708330791773,107,174,672136.657941946,5113278.32235213,-0.2
46.1547424841822,-73.055617495593,108,64,650136.657941895,5113078.32235054,-0.098
46.1546984078074,-73.0530288613416,108,65,650336.657941898,5113078.32235055,-0.481
46.1546542728458,-73.0504402331402,108,66,650536.657941898,5113078.32235057,-1.848
46.1546100792977,-73.0478516109967,108,67,650736.657941899,5113078.32235058,-2.308
46.1545658271637,-73.0452629949192,108,68,650936.657941898,5113078.3223506,-2.023
46.1545215164439,-73.0426743849157,108,69,651136.657941898,5113078.32235061,-1.038
46.1539852182528,-73.0116115415647,108,81,653536.657941905,5113078.32235079,-2.321
46.1539401459517,-73.0090230112528,108,82,653736.657941907,5113078.3223508,-5.002
46.1538950150698,-73.0064344871273,108,83,653936.657941908,5113078.32235081,-3.692
46.1538498256077,-73.0038459691959,108,84,654136.657941907,5113078.32235083,-1.607
46.1538045775656,-73.0012574574669,108,85,654336.65794191,5113078.32235084,-0.271
46.1537139057432,-72.9960804526477,108,87,654736.657941911,5113078.32235087,-0.079
46.1536684819636,-72.9934919595736,108,88,654936.657941909,5113078.32235089,-0.14
46.1536229996054,-72.9909034727339,108,89,655136.657941911,5113078.3223509,-0.143
46.1535774586692,-72.9883149921365,108,90,655336.657941912,5113078.32235092,-0.234
46.1535318591552,-72.9857265177895,108,91,655536.657941912,5113078.32235093,-0.965
46.1534862010639,-72.9831380497009,108,92,655736.657941911,5113078.32235094,-1.522
46.1534404843956,-72.9805495878786,108,93,655936.657941914,5113078.32235096,-2.042
46.1533947091506,-72.9779611323308,108,94,656136.657941912,5113078.32235097,-2.371
46.1533488753294,-72.9753726830655,108,95,656336.657941913,5113078.32235099,-2.357
46.1533029829323,-72.9727842400906,108,96,656536.657941913,5113078.322351,-2.286
46.1532570319596,-72.9701958034142,108,97,656736.657941914,5113078.32235102,-2.304
46.1532110224118,-72.9676073730442,108,98,656936.657941913,5113078.32235103,-1.962
46.1531649542892,-72.9650189489888,108,99,657136.657941915,5113078.32235105,-1.832
46.1531188275922,-72.9624305312559,108,100,657336.657941917,5113078.32235106,-2.194
46.1530726423211,-72.9598421198535,108,101,657536.657941918,5113078.32235107,-2.837
46.1530263984764,-72.9572537147896,108,102,657736.657941918,5113078.32235109,-2.937
46.1529800960584,-72.9546653160723,108,103,657936.657941918,5113078.3223511,-2.16
46.1529337350674,-72.9520769237096,108,104,658136.65794192,5113078.32235112,-3.817
46.152887315504,-72.9494885377095,108,105,658336.657941918,5113078.32235113,-15.858
46.1528408373683,-72.9469001580799,108,106,658536.657941917,5113078.32235115,-15.938
46.1527943006608,-72.944311784829,108,107,658736.657941921,5113078.32235116,-14.788
46.1527477053819,-72.9417234179647,108,108,658936.657941922,5113078.32235117,-0.796
46.1527010515319,-72.939135057495,108,109,659136.657941923,5113078.32235119,-0.539
46.1526543391113,-72.936546703428,108,110,659336.657941922,5113078.3223512,-0.959
46.1526075681204,-72.9339583557716,108,111,659536.657941923,5113078.32235122,-1.166
46.1525607385595,-72.931370014534,108,112,659736.657941923,5113078.32235123,-1.137
46.1525138504291,-72.928781679723,108,113,659936.657941925,5113078.32235125,-3.111
46.1524669037295,-72.9261933513467,108,114,660136.657941923,5113078.32235126,-3.387
46.1524198984611,-72.9236050294132,108,115,660336.657941925,5113078.32235128,-1.595
46.1523728346243,-72.9210167139304,108,116,660536.657941923,5113078.32235129,-1.347
46.1523257122195,-72.9184284049063,108,117,660736.657941923,5113078.32235131,-1.23
46.152278531247,-72.915840102349,108,118,660936.657941924,5113078.32235132,-1.465
46.1522312917073,-72.9132518062664,108,119,661136.657941926,5113078.32235133,-1.279
46.1521839936006,-72.9106635166667,108,120,661336.657941928,5113078.32235135,-1.382
46.1521366369275,-72.9080752335577,108,121,661536.657941928,5113078.32235136,-1.982
46.1520892216882,-72.9054869569475,108,122,661736.657941931,5113078.32235138,-2.717
46.1520417478831,-72.9028986868442,108,123,661936.65794193,5113078.32235139,-3.289
46.1519942155127,-72.9003104232556,108,124,662136.657941929,5113078.32235141,-3.198
46.1519466245773,-72.89772216619,108,125,662336.657941932,5113078.32235142,-2.449
46.1518989750773,-72.8951339156551,108,126,662536.657941929,5113078.32235144,-1.854
46.1518512670131,-72.8925456716591,108,127,662736.657941933,5113078.32235145,-1.644
46.151803500385,-72.88995743421,108,128,662936.657941932,5113078.32235147,-1.514
46.1517556751935,-72.8873692033158,108,129,663136.657941933,5113078.32235148,-1.442
46.151707791439,-72.8847809789845,108,130,663336.657941932,5113078.32235149,-1.609
46.1516598491217,-72.8821927612241,108,131,663536.657941933,5113078.32235151,-2.05
46.1516118482422,-72.8796045500426,108,132,663736.657941934,5113078.32235152,-2.261
46.1515637888007,-72.877016345448,108,133,663936.657941937,5113078.32235154,-2.367
46.1515156707977,-72.8744281474484,108,134,664136.657941936,5113078.32235155,-2.266
46.1514674942336,-72.8718399560517,108,135,664336.657941935,5113078.32235156,-2.149
46.1514192591088,-72.869251771266,108,136,664536.657941938,5113078.32235158,-2.148
46.1513709654236,-72.8666635930992,108,137,664736.657941936,5113078.32235159,-2.287
46.1513226131784,-72.8640754215594,108,138,664936.657941937,5113078.32235161,-2.41
46.1512742023737,-72.8614872566546,108,139,665136.657941937,5113078.32235162,-2.47
46.1512257330097,-72.8588990983928,108,140,665336.657941938,5113078.32235164,-2.341
46.151177205087,-72.856310946782,108,141,665536.657941942,5113078.32235165,-2.29
46.1511286186059,-72.8537228018302,108,142,665736.657941938,5113078.32235167,-2.242
46.1510799735667,-72.8511346635455,108,143,665936.65794194,5113078.32235168,-2.082
46.15103126997,-72.8485465319358,108,144,666136.657941942,5113078.3223517,-2.087
46.1509825078159,-72.8459584070091,108,145,666336.657941943,5113078.32235171,-2.107
46.1509336871051,-72.8433702887734,108,146,666536.657941944,5113078.32235172,-2.036
46.1508848078378,-72.8407821772369,108,147,666736.657941944,5113078.32235174,-2.027
46.1508358700145,-72.8381940724074,108,148,666936.657941945,5113078.32235176,-1.679
46.1507868736355,-72.835605974293,108,149,667136.657941945,5113078.32235177,-1.479
46.1507378187012,-72.8330178829016,108,150,667336.657941946,5113078.32235178,-1.559
46.1506887052121,-72.8304297982414,108,151,667536.657941948,5113078.3223518,-1.485
46.1506395331685,-72.8278417203202,108,152,667736.657941949,5113078.32235181,-1.408
46.1505903025708,-72.8252536491462,108,153,667936.657941947,5113078.32235183,-1.359
46.1505410134194,-72.8226655847273,108,154,668136.657941947,5113078.32235184,-1.355
46.1504916657148,-72.8200775270715,108,155,668336.65794195,5113078.32235186,-1.331
46.1504422594572,-72.8174894761868,108,156,668536.657941951,5113078.32235187,-1.156
46.1503927946472,-72.8149014320813,108,157,668736.657941949,5113078.32235188,-0.98
46.1503432712851,-72.8123133947629,108,158,668936.657941952,5113078.3223519,-0.882
46.1502936893713,-72.8097253642397,108,159,669136.657941951,5113078.32235191,-0.76
46.1502440489062,-72.8071373405196,108,160,669336.657941952,5113078.32235193,-0.749
46.1501943498902,-72.8045493236108,108,161,669536.657941954,5113078.32235194,-0.713
46.1501445923237,-72.801961313521,108,162,669736.657941952,5113078.32235196,-0.611
46.1500947762071,-72.7993733102585,108,163,669936.657941953,5113078.32235197,-0.574
46.1500449015408,-72.7967853138312,108,164,670136.657941954,5113078.32235198,-0.572
46.1499949683253,-72.794197324247,108,165,670336.657941956,5113078.322352,-0.577
46.1499449765608,-72.791609341514,108,166,670536.657941956,5113078.32235201,-0.578
46.1498949262479,-72.7890213656403,108,167,670736.657941956,5113078.32235203,-0.527
46.1498448173869,-72.7864333966338,108,168,670936.657941957,5113078.32235204,-0.506
46.1497946499782,-72.7838454345024,108,169,671136.657941959,5113078.32235206,-0.486
46.1497444240222,-72.7812574792543,108,170,671336.657941958,5113078.32235207,-0.514
46.1496941395194,-72.7786695308974,108,171,671536.657941961,5113078.32235209,-0.483
46.1496437964701,-72.7760815894398,108,172,671736.657941958,5113078.3223521,-0.313
46.1495933948747,-72.7734936548894,108,173,671936.657941963,5113078.32235211,-0.135
46.1530314734084,-73.0608579920506,109,62,649736.65794191,5112878.32235051,-0.418
46.1529875169523,-73.058269429973,109,63,649936.657941912,5112878.32235052,-1.32
46.1529435019124,-73.0556808739287,109,64,650136.657941911,5112878.32235054,-2.795
46.1528994282889,-73.0530923239256,109,65,650336.65794191,5112878.32235055,-4.307
46.1528552960824,-73.0505037799717,109,66,650536.657941913,5112878.32235057,-4.021
46.1528111052931,-73.047915242075,109,67,650736.657941913,5112878.32235058,-3.712
46.1527668559214,-73.0453267102437,109,68,650936.657941911,5112878.32235059,-3.667
46.1527225479677,-73.0427381844856,109,69,651136.657941913,5112878.32235061,-8.238
46.1522312941641,-73.0142648042762,109,80,653336.65794192,5112878.32235077,-3.207
46.1521862832538,-73.0116763520229,109,81,653536.657941921,5112878.32235078,-5.412
46.1521412137661,-73.009087905947,109,82,653736.657941921,5112878.3223508,-4.052
46.1520960857015,-73.0064994660567,109,83,653936.657941919,5112878.32235081,-1.717
46.1520508990601,-73.0039110323599,109,84,654136.657941921,5112878.32235083,-0.548
46.1520056538426,-73.0013226048646,109,85,654336.657941921,5112878.32235084,-0.048
46.1519603500491,-72.9987341835789,109,86,654536.657941922,5112878.32235085,-0.088
46.15191498768,-72.9961457685108,109,87,654736.657941924,5112878.32235087,-0.131
46.1518695667358,-72.9935573596683,109,88,654936.657941923,5112878.32235088,-0.113
46.1518240872167,-72.9909689570594,109,89,655136.657941923,5112878.3223509,-0.193
46.1517785491232,-72.9883805606921,109,90,655336.657941924,5112878.32235091,-0.582
46.1517329524556,-72.9857921705744,109,91,655536.657941923,5112878.32235093,-1.218
46.1516872972143,-72.9832037867144,109,92,655736.657941926,5112878.32235094,-1.848
46.1516415833997,-72.9806154091201,109,93,655936.657941927,5112878.32235096,-2.181
46.151595811012,-72.9780270377994,109,94,656136.657941928,5112878.32235097,-2.337
46.1515499800518,-72.9754386727605,109,95,656336.657941927,5112878.32235099,-2.245
46.1515040905193,-72.9728503140113,109,96,656536.65794193,5112878.322351,-2.057
46.1514581424149,-72.9702619615597,109,97,656736.65794193,5112878.32235102,-1.965
46.151412135739,-72.967673615414,109,98,656936.657941931,5112878.32235103,-1.865
46.151366070492,-72.9650852755819,109,99,657136.657941929,5112878.32235104,-1.985
46.1513199466743,-72.9624969420717,109,100,657336.657941931,5112878.32235106,-2.5
46.1512737642861,-72.9599086148912,109,101,657536.65794193,5112878.32235107,-3.035
46.1512275233279,-72.9573202940485,109,102,657736.657941932,5112878.32235109,-2.737
46.1511812238001,-72.9547319795516,109,103,657936.657941931,5112878.3223511,-2.352
46.151134865703,-72.9521436714086,109,104,658136.657941934,5112878.32235112,-5.237
46.151088449037,-72.9495553696274,109,105,658336.657941933,5112878.32235113,-15.958
46.1510419738025,-72.946967074216,109,106,658536.657941936,5112878.32235115,-16.208
46.1509954399998,-72.9443787851825,109,107,658736.657941935,5112878.32235116,-12.678
46.1509488476293,-72.9417905025348,109,108,658936.657941936,5112878.32235118,-0.597
46.1509021966915,-72.9392022262811,109,109,659136.657941937,5112878.32235119,-0.664
46.1508554871866,-72.9366139564292,109,110,659336.657941937,5112878.3223512,-1.059
46.150808719115,-72.9340256929872,109,111,659536.657941936,5112878.32235122,-1.359
46.1507618924772,-72.9314374359632,109,112,659736.657941937,5112878.32235123,-2.514
46.1507150072735,-72.9288491853651,109,113,659936.657941937,5112878.32235125,-3.964
46.1506680635043,-72.926260941201,109,114,660136.657941938,5112878.32235126,-2.659
46.1506210611699,-72.9236727034787,109,115,660336.657941938,5112878.32235128,-1.727
46.1505740002708,-72.9210844722065,109,116,660536.657941939,5112878.32235129,-1.325
46.1505268808073,-72.9184962473923,109,117,660736.657941938,5112878.32235131,-1.319
46.1504797027798,-72.915908029044,109,118,660936.657941941,5112878.32235132,-1.149
46.1504324661886,-72.9133198171698,109,119,661136.657941942,5112878.32235133,-1.185
46.1503851710342,-72.9107316117775,109,120,661336.657941942,5112878.32235135,-1.927
46.150337817317,-72.9081434128753,109,121,661536.657941944,5112878.32235136,-3.212
46.1502904050372,-72.9055552204711,109,122,661736.657941944,5112878.32235138,-3.724
46.1502429341954,-72.902967034573,109,123,661936.657941945,5112878.32235139,-3.134
46.1501954047918,-72.9003788551889,109,124,662136.657941944,5112878.32235141,-2.099
46.150147816827,-72.8977906823269,109,125,662336.657941946,5112878.32235142,-1.587
46.1501001703011,-72.895202515995,109,126,662536.657941947,5112878.32235143,-1.416
46.1500524652147,-72.8926143562012,109,127,662736.657941946,5112878.32235145,-1.39
46.1500047015681,-72.8900262029534,109,128,662936.657941946,5112878.32235146,-1.502
46.1499568793617,-72.8874380562598,109,129,663136.657941949,5112878.32235148,-1.577
46.1499089985959,-72.8848499161283,109,130,663336.657941947,5112878.32235149,-1.643
46.1498610592711,-72.8822617825669,109,131,663536.657941947,5112878.32235151,-1.895
46.1498130613876,-72.8796736555837,109,132,663736.65794195,5112878.32235152,-2.049
46.1497650049459,-72.8770855351866,109,133,663936.65794195,5112878.32235154,-2.205
46.1497168899462,-72.8744974213837,109,134,664136.657941952,5112878.32235155,-2.166
46.1496687163892,-72.8719093141829,109,135,664336.657941949,5112878.32235157,-2.226
46.149620484275,-72.8693212135923,109,136,664536.657941953,5112878.32235158,-2.364
46.1495721936041,-72.8667331196199,109,137,664736.657941955,5112878.32235159,-2.422
46.1495238443769,-72.8641450322737,109,138,664936.657941953,5112878.32235161,-2.4
46.1494754365938,-72.8615569515617,109,139,665136.657941953,5112878.32235162,-2.282
46.1494269702551,-72.8589688774919,109,140,665336.657941953,5112878.32235164,-2.156
46.1493784453613,-72.8563808100723,109,141,665536.657941957,5112878.32235165,-2.097
46.1493298619127,-72.853792749311,109,142,665736.657941956,5112878.32235167,-2.028
46.1492812199098,-72.8512046952159,109,143,665936.657941955,5112878.32235168,-1.929
46.1492325193528,-72.848616647795,109,144,666136.657941955,5112878.3223517,-1.887
46.1491837602423,-72.8460286070564,109,145,666336.657941957,5112878.32235171,-1.925
46.1491349425787,-72.8434405730081,109,146,666536.65794196,5112878.32235172,-1.854
46.1490860663622,-72.840852545658,109,147,666736.657941961,5112878.32235174,-1.785
46.1490371315933,-72.8382645250142,109,148,666936.65794196,5112878.32235175,-1.547
46.1489881382724,-72.8356765110847,109,149,667136.65794196,5112878.32235177,-1.406
46.1489390863999,-72.8330885038774,109,150,667336.657941962,5112878.32235178,-1.469
46.1488899759761,-72.8305005034005,109,151,667536.657941959,5112878.3223518,-1.452
46.1488408070016,-72.8279125096619,109,152,667736.65794196,5112878.32235181,-1.424
46.1487915794766,-72.8253245226695,109,153,667936.657941964,5112878.32235182,-1.358
46.1487422934016,-72.8227365424316,109,154,668136.657941963,5112878.32235184,-1.28
46.148692948777,-72.8201485689559,109,155,668336.657941966,5112878.32235185,-1.149
46.1486435456031,-72.8175606022506,109,156,668536.657941964,5112878.32235187,-1.02
46.1485940838803,-72.8149726423236,109,157,668736.657941964,5112878.32235188,-0.911
46.1485445636092,-72.8123846891829,109,158,668936.657941966,5112878.3223519,-0.807
46.14849498479,-72.8097967428366,109,159,669136.657941965,5112878.32235191,-0.66
46.1484453474231,-72.8072088032927,109,160,669336.657941967,5112878.32235193,-0.672
46.148395651509,-72.8046208705591,109,161,669536.657941966,5112878.32235194,-0.642
46.1483458970481,-72.8020329446439,109,162,669736.657941967,5112878.32235196,-0.584
46.1482960840407,-72.799445025555,109,163,669936.657941967,5112878.32235197,-0.568
46.1482462124873,-72.7968571133005,109,164,670136.657941971,5112878.32235198,-0.577
46.1481962823882,-72.7942692078885,109,165,670336.657941973,5112878.322352,-0.589
46.1481462937439,-72.7916813093268,109,166,670536.657941969,5112878.32235201,-0.575
46.1480962465548,-72.7890934176235,109,167,670736.657941973,5112878.32235203,-0.549
46.1480461408212,-72.7865055327866,109,168,670936.657941971,5112878.32235204,-0.532
46.1479959765436,-72.7839176548241,109,169,671136.657941971,5112878.32235206,-0.451
46.1479457537223,-72.781329783744,109,170,671336.657941974,5112878.32235207,-0.408
46.1478954723579,-72.7787419195544,109,171,671536.657941974,5112878.32235209,-0.333
46.1478451324506,-72.7761540622631,109,172,671736.657941977,5112878.3223521,-0.135
46.1477947340009,-72.7735662118783,109,173,671936.657941978,5112878.32235211,-0.078
46.151407714051,-73.0712751673704,110,58,648936.657941923,5112678.32235045,-0.105
46.151363994663,-73.0686866654848,110,59,649136.657941925,5112678.32235047,-0.609
46.1513202166934,-73.0660981695996,110,60,649336.657941922,5112678.32235048,-1.105
46.1512763801426,-73.0635096797228,110,61,649536.657941926,5112678.32235049,-1.943
46.1512324850109,-73.0609211958624,110,62,649736.657941927,5112678.32235051,-3.587
46.1511885312987,-73.0583327180266,110,63,649936.657941923,5112678.32235052,-4.731
46.1511445190064,-73.0557442462232,110,64,650136.657941927,5112678.32235054,-4.074
46.1511004481342,-73.0531557804603,110,65,650336.657941927,5112678.32235055,-0.688
46.1509235788544,-73.0428019779741,110,69,651136.657941926,5112678.32235061,-8.608
46.1508792150885,-73.040213542534,110,70,651336.657941931,5112678.32235062,-9.358
46.1505221961948,-73.0195062788759,110,78,652936.657941931,5112678.32235074,-1.483
46.1504773052427,-73.0169178985217,110,79,653136.657941934,5112678.32235075,-4.377
46.1504323557162,-73.0143295243283,110,80,653336.657941935,5112678.32235077,-5.645
46.1503873476155,-73.0117411563036,110,81,653536.657941933,5112678.32235078,-4.077
46.1503422809412,-73.0091527944557,110,82,653736.657941933,5112678.3223508,-2.031
46.1502971556935,-73.0065644387926,110,83,653936.657941934,5112678.32235081,-0.438
46.1502067294795,-73.0013877460528,110,85,654336.657941937,5112678.32235084,-0.038
46.1501614285139,-72.9987994089921,110,86,654536.657941935,5112678.32235085,-0.132
46.1501160689765,-72.9962110781483,110,87,654736.657941937,5112678.32235087,-0.132
46.1500706508675,-72.9936227535293,110,88,654936.657941938,5112678.32235088,-0.151
46.1500251741873,-72.9910344351432,110,89,655136.657941939,5112678.3223509,-0.326
46.1499796389364,-72.988446122998,110,90,655336.657941938,5112678.32235091,-0.792
46.1499340451149,-72.9858578171017,110,91,655536.657941937,5112678.32235093,-1.549
46.1498883927235,-72.9832695174623,110,92,655736.657941942,5112678.32235094,-1.924
46.1498426817623,-72.9806812240879,110,93,655936.657941939,5112678.32235096,-2.221
46.1497969122318,-72.9780929369864,110,94,656136.657941942,5112678.32235097,-2.211
46.1497510841324,-72.9755046561658,110,95,656336.65794194,5112678.32235098,-2.032
46.1497051974643,-72.9729163816342,110,96,656536.65794194,5112678.322351,-1.814
46.1496592522281,-72.9703281133996,110,97,656736.657941943,5112678.32235101,-1.915
46.1496132484239,-72.9677398514699,110,98,656936.657941943,5112678.32235103,-1.997
46.1495671860523,-72.9651515958533,110,99,657136.657941943,5112678.32235104,-2.182
46.1495210651136,-72.9625633465577,110,100,657336.657941943,5112678.32235106,-2.708
46.1494748856082,-72.9599751035911,110,101,657536.657941945,5112678.32235107,-3.052
46.1494286475363,-72.9573868669616,110,102,657736.657941945,5112678.32235109,-1.995
46.1493823508985,-72.9547986366772,110,103,657936.657941946,5112678.3223511,-2.81
46.1493359956951,-72.9522104127457,110,104,658136.657941947,5112678.32235111,-13.318
46.1492895819264,-72.9496221951754,110,105,658336.657941947,5112678.32235113,-16.358
46.1492431095928,-72.9470339839742,110,106,658536.65794195,5112678.32235115,-16.258
46.1491965786947,-72.9444457791501,110,107,658736.65794195,5112678.32235116,-1.804
46.1491499892326,-72.9418575807111,110,108,658936.657941949,5112678.32235117,-0.577
46.1491033412066,-72.9392693886652,110,109,659136.657941949,5112678.32235119,-0.834
46.1490566346173,-72.9366812030205,110,110,659336.657941952,5112678.3223512,-1.285
46.149009869465,-72.9340930237849,110,111,659536.65794195,5112678.32235122,-2.316
46.14896304575,-72.9315048509665,110,112,659736.657941951,5112678.32235123,-4.235
46.1489161634728,-72.9289166845733,110,113,659936.657941952,5112678.32235125,-2.806
46.1488692226338,-72.9263285246132,110,114,660136.657941954,5112678.32235126,-2.078
46.1488222232332,-72.9237403710943,110,115,660336.657941954,5112678.32235128,-1.369
46.1487751652715,-72.9211522240247,110,116,660536.657941956,5112678.32235129,-1.251
46.1487280487491,-72.9185640834122,110,117,660736.657941956,5112678.3223513,-1.117
46.1486808736664,-72.915975949265,110,118,660936.657941956,5112678.32235132,-1.07
46.1486336400237,-72.9133878215911,110,119,661136.657941954,5112678.32235133,-1.911
46.1485863478213,-72.9107997003983,110,120,661336.657941954,5112678.32235135,-3.728
46.1485389970598,-72.9082115856949,110,121,661536.657941956,5112678.32235136,-4.199
46.1484915877394,-72.9056234774887,110,122,661736.657941956,5112678.32235138,-3.169
46.1484441198606,-72.9030353757878,110,123,661936.65794196,5112678.32235139,-1.802
46.1483965934237,-72.9004472806001,110,124,662136.657941959,5112678.32235141,-1.341
46.1483490084292,-72.8978591919338,110,125,662336.65794196,5112678.32235142,-1.347
46.1483013648773,-72.8952711097968,110,126,662536.657941958,5112678.32235143,-1.336
46.1482536627685,-72.8926830341971,110,127,662736.657941962,5112678.32235145,-1.435
46.1482059021032,-72.8900949651427,110,128,662936.657941962,5112678.32235146,-1.579
46.1481580828817,-72.8875069026416,110,129,663136.65794196,5112678.32235148,-1.719
46.1481102051045,-72.884918846702,110,130,663336.657941961,5112678.32235149,-1.715
46.1480622687718,-72.8823307973316,110,131,663536.657941962,5112678.32235151,-1.724
46.1480142738842,-72.8797427545386,110,132,663736.657941966,5112678.32235152,-1.891
46.147966220442,-72.877154718331,110,133,663936.657941964,5112678.32235154,-2.26
46.1479181084456,-72.8745666887168,110,134,664136.657941964,5112678.32235155,-2.394
46.1478699378953,-72.8719786657039,110,135,664336.657941967,5112678.32235156,-2.526
46.1478217087916,-72.8693906493005,110,136,664536.657941965,5112678.32235158,-2.42
46.1477734211348,-72.8668026395144,110,137,664736.657941968,5112678.32235159,-2.25
46.1477250749254,-72.8642146363538,110,138,664936.657941967,5112678.32235161,-2.131
46.1476766701637,-72.8616266398266,110,139,665136.65794197,5112678.32235162,-1.994
46.1476282068501,-72.8590386499408,110,140,665336.65794197,5112678.32235164,-1.975
46.147579684985,-72.8564506667044,110,141,665536.65794197,5112678.32235165,-1.907
46.1475311045688,-72.8538626901255,110,142,665736.65794197,5112678.32235167,-1.865
46.1474824656018,-72.851274720212,110,143,665936.657941972,5112678.32235168,-1.809
46.1474337680846,-72.848686756972,110,144,666136.657941969,5112678.32235169,-1.786
46.1473850120174,-72.8460988004135,110,145,666336.657941971,5112678.32235171,-1.802
46.1473361974007,-72.8435108505444,110,146,666536.657941971,5112678.32235172,-1.713
46.1472873242348,-72.8409229073728,110,147,666736.657941971,5112678.32235174,-1.654
46.1472383925202,-72.8383349709067,110,148,666936.657941975,5112678.32235175,-1.541
46.1471894022572,-72.8357470411541,110,149,667136.657941973,5112678.32235177,-1.471
46.1471403534462,-72.8331591181229,110,150,667336.657941975,5112678.32235178,-1.447
46.1470912460877,-72.8305712018213,110,151,667536.657941973,5112678.3223518,-1.364
46.147042080182,-72.8279832922572,110,152,667736.657941978,5112678.32235181,-1.242
46.1469928557296,-72.8253953894386,110,153,667936.657941977,5112678.32235182,-1.075
46.1469435727307,-72.8228074933735,110,154,668136.657941977,5112678.32235184,-0.945
46.1468942311858,-72.82021960407,110,155,668336.65794198,5112678.32235185,-0.849
46.1468448310954,-72.8176317215359,110,156,668536.657941981,5112678.32235187,-0.774
46.1467953724598,-72.8150438457795,110,157,668736.657941979,5112678.32235188,-0.684
46.1467458552794,-72.8124559768085,110,158,668936.657941978,5112678.3223519,-0.638
46.1466962795546,-72.8098681146311,110,159,669136.65794198,5112678.32235191,-0.603
46.1466466452858,-72.8072802592553,110,160,669336.657941982,5112678.32235193,-0.654
46.1465969524734,-72.804692410689,110,161,669536.657941981,5112678.32235194,-0.622
46.1465472011178,-72.8021045689403,110,162,669736.657941983,5112678.32235195,-0.571
46.1464973912194,-72.7995167340171,110,163,669936.657941984,5112678.32235197,-0.557
46.1464475227786,-72.7969289059276,110,164,670136.657941987,5112678.32235198,-0.534
46.1463975957958,-72.7943410846796,110,165,670336.657941987,5112678.322352,-0.443
46.1463476102714,-72.7917532702811,110,166,670536.657941986,5112678.32235201,-0.291
46.1462975662059,-72.7891654627403,110,167,670736.657941986,5112678.32235203,-0.489
46.1462474635995,-72.7865776620651,110,168,670936.657941987,5112678.32235204,-0.509
46.1461973024528,-72.7839898682634,110,169,671136.657941987,5112678.32235206,-0.374
46.1461470827661,-72.7814020813433,110,170,671336.657941986,5112678.32235207,-0.198
46.1460968045399,-72.7788143013129,110,171,671536.65794199,5112678.32235208,-0.109
46.1497395125846,-73.0791033170815,111,55,648336.657941936,5112478.32235041,-0.528
46.1496959716617,-73.0765148814814,111,56,648536.657941935,5112478.32235042,-0.986
46.1496523721597,-73.0739264518569,111,57,648736.657941936,5112478.32235044,-1.282
46.1496087140792,-73.0713380282161,111,58,648936.657941937,5112478.32235045,-1.903
46.1495649974203,-73.068749610567,111,59,649136.657941937,5112478.32235047,-2.585
46.1495212221836,-73.0661611989175,111,60,649336.657941938,5112478.32235048,-3.506
46.1494773883692,-73.0635727932758,111,61,649536.657941937,5112478.32235049,-4.387
46.1494334959776,-73.0609843936499,111,62,649736.657941941,5112478.32235051,-3.694
46.1493895450092,-73.0583960000477,111,63,649936.65794194,5112478.32235052,-0.868
46.1490802481075,-73.0402774141706,111,70,651336.657941944,5112478.32235062,-8.478
46.1490358285369,-73.037689069047,111,71,651536.657941945,5112478.32235064,-8.068
46.1489913503926,-73.0351007300193,111,72,651736.657941944,5112478.32235066,-3.649
46.148946813675,-73.0325123970955,111,73,651936.657941946,5112478.32235067,-1.594
46.1489022183844,-73.0299240702836,111,74,652136.657941945,5112478.32235068,-1.367
46.1488575645213,-73.0273357495916,111,75,652336.657941945,5112478.3223507,-1.813
46.1488128520859,-73.0247474350277,111,76,652536.657941945,5112478.32235071,-2.918
46.1487680810786,-73.0221591265996,111,77,652736.657941945,5112478.32235073,-8.058
46.1487232514998,-73.0195708243156,111,78,652936.657941947,5112478.32235074,-6.227
46.1486783633499,-73.0169825281836,111,79,653136.657941948,5112478.32235076,-5.406
46.1486334166292,-73.0143942382116,111,80,653336.65794195,5112478.32235077,-3.34
46.1485884113381,-73.0118059544076,111,81,653536.657941947,5112478.32235078,-1.49
46.1485433474769,-73.0092176767796,111,82,653736.657941949,5112478.3223508,-0.578
46.1484530440458,-73.0040411400839,111,84,654136.657941953,5112478.32235083,-0.038
46.1483625063387,-72.9988646281885,111,86,654536.657941952,5112478.32235086,-0.092
46.1483171496327,-72.9962763815609,111,87,654736.657941952,5112478.32235087,-0.132
46.1482717343587,-72.9936881411575,111,88,654936.657941953,5112478.32235088,-0.25
46.1482262605173,-72.9910999069862,111,89,655136.657941953,5112478.3223509,-0.609
46.1481807281086,-72.9885116790551,111,90,655336.657941952,5112478.32235091,-1.316
46.1481351371333,-72.9859234573721,111,91,655536.657941954,5112478.32235093,-2.134
46.1480894875914,-72.9833352419453,111,92,655736.657941955,5112478.32235094,-2.49
46.1480437794836,-72.9807470327827,111,93,655936.657941954,5112478.32235096,-2.508
46.1479980128101,-72.9781588298923,111,94,656136.657941956,5112478.32235097,-2.226
46.1479521875712,-72.9755706332821,111,95,656336.657941956,5112478.32235099,-2.086
46.1479063037674,-72.9729824429601,111,96,656536.657941959,5112478.322351,-1.946
46.1478603613991,-72.9703942589344,111,97,656736.657941959,5112478.32235102,-2.216
46.1478143604665,-72.9678060812129,111,98,656936.657941957,5112478.32235103,-2.358
46.1477683009701,-72.9652179098037,111,99,657136.65794196,5112478.32235104,-2.631
46.1477221829103,-72.9626297447147,111,100,657336.65794196,5112478.32235106,-3.116
46.1476760062874,-72.960041585954,111,101,657536.657941961,5112478.32235107,-2.695
46.1476297711017,-72.9574534335297,111,102,657736.657941959,5112478.32235109,-1.824
46.1475834773537,-72.9548652874496,111,103,657936.657941961,5112478.3223511,-3.341
46.1475371250437,-72.9522771477218,111,104,658136.657941959,5112478.32235112,-12.528
46.1474907141722,-72.9496890143544,111,105,658336.657941964,5112478.32235113,-16.648
46.1474442447394,-72.9471008873553,111,106,658536.657941962,5112478.32235114,-15.338
46.1473977167457,-72.9445127667326,111,107,658736.657941962,5112478.32235116,-1.908
46.1473511301916,-72.9419246524943,111,108,658936.657941965,5112478.32235117,-0.987
46.1473044850774,-72.9393365446482,111,109,659136.657941966,5112478.32235119,-1.426
46.1472577814034,-72.9367484432026,111,110,659336.657941966,5112478.3223512,-2.335
46.1472110191701,-72.9341603481654,111,111,659536.657941963,5112478.32235122,-4.233
46.1471641983778,-72.9315722595446,111,112,659736.657941966,5112478.32235123,-4.516
46.147117319027,-72.9289841773482,111,113,659936.657941966,5112478.32235125,-2.554
46.1470703811179,-72.9263961015842,111,114,660136.657941966,5112478.32235126,-1.366
46.147023384651,-72.9238080322607,111,115,660336.657941966,5112478.32235128,-1.197
46.1469763296266,-72.9212199693856,111,116,660536.657941967,5112478.32235129,-1.152
46.1469292160451,-72.918631912967,111,117,660736.65794197,5112478.3223513,-1.157
46.1468820439069,-72.9160438630128,111,118,660936.657941969,5112478.32235132,-1.813
46.1468348132124,-72.9134558195311,111,119,661136.65794197,5112478.32235134,-4.001
46.146787523962,-72.9108677825299,111,120,661336.65794197,5112478.32235135,-4.188
46.146740176156,-72.9082797520172,111,121,661536.65794197,5112478.32235136,-2.682
46.1466927697948,-72.905691728001,111,122,661736.657941972,5112478.32235138,-1.512
46.1466453048788,-72.9031037104892,111,123,661936.657941974,5112478.32235139,-1.321
46.1465977814084,-72.9005156994901,111,124,662136.657941974,5112478.32235141,-1.239
46.1465501993839,-72.8979276950114,111,125,662336.657941976,5112478.32235142,-1.359
46.1465025588058,-72.8953396970613,111,126,662536.657941974,5112478.32235143,-1.456
46.1464548596745,-72.8927517056477,111,127,662736.657941974,5112478.32235145,-1.446
46.1464071019902,-72.8901637207786,111,128,662936.657941977,5112478.32235146,-1.577
46.1463592857535,-72.8875757424622,111,129,663136.657941976,5112478.32235148,-1.726
46.1463114109646,-72.8849877707063,111,130,663336.657941978,5112478.32235149,-1.947
46.146263477624,-72.8823998055189,111,131,663536.657941975,5112478.32235151,-2.056
46.1462154857321,-72.8798118469082,111,132,663736.657941977,5112478.32235152,-2.102
46.1461674352892,-72.8772238948821,111,133,663936.657941978,5112478.32235154,-2.257
46.1461193262957,-72.8746359494485,111,134,664136.657941978,5112478.32235155,-2.354
46.1460711587521,-72.8720480106156,111,135,664336.657941979,5112478.32235156,-2.464
46.1460229326587,-72.8694600783912,111,136,664536.657941979,5112478.32235158,-2.278
46.1459746480158,-72.8668721527835,111,137,664736.657941983,5112478.32235159,-2.012
46.145926304824,-72.8642842338005,111,138,664936.65794198,5112478.32235161,-1.929
46.1458779030835,-72.86169632145,111,139,665136.657941984,5112478.32235162,-1.864
46.1458294427947,-72.8591084157402,111,140,665336.657941984,5112478.32235164,-1.859
46.1457809239581,-72.8565205166791,111,141,665536.657941986,5112478.32235165,-1.821
46.1457323465741,-72.8539326242746,111,142,665736.657941986,5112478.32235167,-1.781
46.145683710643,-72.8513447385347,111,143,665936.657941986,5112478.32235168,-1.727
46.1456350161652,-72.8487568594676,111,144,666136.657941987,5112478.3223517,-1.666
46.1455862631411,-72.8461689870811,111,145,666336.657941987,5112478.32235171,-1.697
46.1455374515712,-72.8435811213833,111,146,666536.657941987,5112478.32235172,-1.634
46.1454885814557,-72.8409932623822,111,147,666736.657941988,5112478.32235174,-1.551
46.1454396527952,-72.8384054100857,111,148,666936.657941988,5112478.32235175,-1.476
46.1453906655899,-72.835817564502,111,149,667136.657941987,5112478.32235177,-1.385
46.1453416198403,-72.833229725639,111,150,667336.657941991,5112478.32235178,-1.26
46.1452925155468,-72.8306418935046,111,151,667536.65794199,5112478.3223518,-1.067
46.1452433527098,-72.828054068107,111,152,667736.657941992,5112478.32235181,-0.725
46.1451941313296,-72.8254662494541,111,153,667936.65794199,5112478.32235182,-0.496
46.1451448514067,-72.822878437554,111,154,668136.657941991,5112478.32235184,-0.444
46.1450955129415,-72.8202906324145,111,155,668336.657941994,5112478.32235186,-0.577
46.1450461159343,-72.8177028340438,111,156,668536.657941994,5112478.32235187,-0.6
46.1449966603856,-72.8151150424498,111,157,668736.657941995,5112478.32235188,-0.601
46.1449471462957,-72.8125272576406,111,158,668936.657941995,5112478.3223519,-0.582
46.1448975736651,-72.8099394796241,111,159,669136.657941994,5112478.32235191,-0.545
46.1448479424941,-72.8073517084084,111,160,669336.657941995,5112478.32235193,-0.613
46.1447982527832,-72.8047639440014,111,161,669536.657941997,5112478.32235194,-0.537
46.1447485045328,-72.8021761864112,111,162,669736.657941999,5112478.32235196,-0.375
46.1446986977432,-72.7995884356457,111,163,669936.657941997,5112478.32235197,-0.399
46.1446488324148,-72.797000691713,111,164,670136.657941996,5112478.32235199,-0.281
46.1445989085481,-72.7944129546211,111,165,670336.657941998,5112478.322352,-0.262
46.1445489261435,-72.7918252243779,111,166,670536.657941999,5112478.32235201,-0.108
46.1444988852013,-72.7892375009915,111,167,670736.657942001,5112478.32235203,-0.358
46.144448785722,-72.7866497844699,111,168,670936.657942,5112478.32235204,-0.164
46.144398627706,-72.7840620748211,111,169,671136.657942003,5112478.32235206,-0.09
46.1443484111536,-72.781474372053,111,170,671336.657942001,5112478.32235207,-0.058
46.1480274044952,-73.0843426398777,112,53,647936.65794195,5112278.32235038,-0.808
46.147983983442,-73.0817542765824,112,54,648136.657941949,5112278.32235039,-1.446
46.1479405038127,-73.0791659192459,112,55,648336.657941951,5112278.32235041,-1.759
46.1478969656078,-73.0765775678763,112,56,648536.657941949,5112278.32235042,-1.91
46.1478533688275,-73.0739892224817,112,57,648736.65794195,5112278.32235043,-1.857
46.1478097134723,-73.0714008830701,112,58,648936.657941952,5112278.32235045,-1.864
46.1477659995424,-73.0688125496495,112,59,649136.657941953,5112278.32235046,-2.366
46.1477222270382,-73.0662242222278,112,60,649336.657941954,5112278.32235048,-2.814
46.1476783959602,-73.0636359008131,112,61,649536.657941951,5112278.32235049,-0.908
46.1472368636914,-73.0377530188156,112,71,651536.657941957,5112278.32235064,-0.535
46.1471923883235,-73.0351647640071,112,72,651736.657941958,5112278.32235065,-2.087
46.147147854386,-73.0325765153018,112,73,651936.657941959,5112278.32235066,-4.039
46.1471032618792,-73.0299882727076,112,74,652136.657941959,5112278.32235068,-4.707
46.1470586108035,-73.0274000362327,112,75,652336.657941963,5112278.32235069,-5.314
46.1470139011591,-73.024811805885,112,76,652536.657941959,5112278.32235071,-6.306
46.1469691329466,-73.0222235816726,112,77,652736.657941961,5112278.32235072,-5.552
46.1469243061662,-73.0196353636034,112,78,652936.657941959,5112278.32235074,-3.607
46.1468794208183,-73.0170471516854,112,79,653136.65794196,5112278.32235075,-1.817
46.1468344769032,-73.0144589459268,112,80,653336.657941961,5112278.32235077,-1.1
46.1466992937589,-73.0066943656868,112,83,653936.657941966,5112278.32235081,-0.052
46.1466541155789,-73.0041061846454,112,84,654136.657941966,5112278.32235082,-0.091
46.1466088788336,-73.0015180098034,112,85,654336.657941966,5112278.32235084,-0.102
46.1465635835234,-72.9989298411687,112,86,654536.657941966,5112278.32235085,-0.038
46.1465182296485,-72.9963416787495,112,87,654736.657941967,5112278.32235087,-0.106
46.1464728172094,-72.9937535225536,112,88,654936.657941967,5112278.32235088,-0.244
46.1464273462065,-72.9911653725891,112,89,655136.657941966,5112278.3223509,-0.862
46.1463818166401,-72.988577228864,112,90,655336.657941968,5112278.32235091,-1.85
46.1463362285105,-72.9859890913863,112,91,655536.65794197,5112278.32235093,-2.254
46.1462905818182,-72.9834009601641,112,92,655736.65794197,5112278.32235094,-2.332
46.1462448765634,-72.9808128352054,112,93,655936.657941969,5112278.32235095,-2.107
46.1461991127467,-72.978224716518,112,94,656136.65794197,5112278.32235097,-1.908
46.1461532903683,-72.9756366041102,112,95,656336.657941973,5112278.32235099,-1.896
46.1461074094286,-72.9730484979898,112,96,656536.657941973,5112278.322351,-1.889
46.1460614699279,-72.970460398165,112,97,656736.657941972,5112278.32235101,-2.422
46.1460154718668,-72.9678723046436,112,98,656936.65794197,5112278.32235103,-2.457
46.1459694152454,-72.9652842174337,112,99,657136.657941974,5112278.32235104,-2.742
46.1459233000642,-72.9626961365434,112,100,657336.657941974,5112278.32235106,-2.752
46.1458771263236,-72.9601080619806,112,101,657536.657941975,5112278.32235107,-1.939
46.145830894024,-72.9575199937534,112,102,657736.657941974,5112278.32235109,-1.929
46.1457846031656,-72.9549319318697,112,103,657936.657941974,5112278.3223511,-3.715
46.1457382537489,-72.9523438763376,112,104,658136.657941976,5112278.32235111,-14.468
46.1456918457743,-72.949755827165,112,105,658336.657941978,5112278.32235113,-16.178
46.145645379242,-72.9471677843601,112,106,658536.657941976,5112278.32235114,-12.158
46.1455988541526,-72.9445797479307,112,107,658736.657941978,5112278.32235116,-1.94
46.1455522705064,-72.941991717885,112,108,658936.65794198,5112278.32235117,-1.318
46.1455056283037,-72.9394036942309,112,109,659136.65794198,5112278.32235119,-2.329
46.1454589275449,-72.9368156769764,112,110,659336.657941981,5112278.3223512,-4.257
46.1454121682305,-72.9342276661295,112,111,659536.657941981,5112278.32235122,-4.831
46.1453653503607,-72.9316396616983,112,112,659736.657941982,5112278.32235123,-3.046
46.145318473936,-72.9290516636908,112,113,659936.657941982,5112278.32235125,-1.372
46.1452715389567,-72.9264636721149,112,114,660136.65794198,5112278.32235126,-1.204
46.1452245454232,-72.9238756869786,112,115,660336.657941981,5112278.32235127,-1.259
46.1451774933359,-72.9212877082901,112,116,660536.657941984,5112278.32235129,-1.209
46.1451303826951,-72.9186997360573,112,117,660736.657941984,5112278.3223513,-1.674
46.1450832135013,-72.9161117702881,112,118,660936.657941985,5112278.32235132,-3.941
46.1450359857549,-72.9135238109907,112,119,661136.657941983,5112278.32235133,-4.034
46.1449886994561,-72.910935858173,112,120,661336.657941984,5112278.32235134,-2.341
46.1449413546055,-72.908347911843,112,121,661536.657941986,5112278.32235136,-1.294
46.1448939512033,-72.9057599720087,112,122,661736.657941985,5112278.32235138,-1.255
46.1448464892499,-72.9031720386782,112,123,661936.657941988,5112278.32235139,-1.326
46.1447989687458,-72.9005841118594,112,124,662136.657941987,5112278.3223514,-1.299
46.1447513896913,-72.8979961915604,112,125,662336.657941988,5112278.32235142,-1.385
46.1447037520868,-72.8954082777892,112,126,662536.657941989,5112278.32235143,-1.592
46.1446560559326,-72.8928203705537,112,127,662736.657941991,5112278.32235145,-1.718
46.1446083012293,-72.890232469862,112,128,662936.657941991,5112278.32235146,-1.847
46.1445604879771,-72.8876445757221,112,129,663136.657941991,5112278.32235148,-2.021
46.1445126161764,-72.885056688142,112,130,663336.657941992,5112278.32235149,-2.201
46.1444646858276,-72.8824688071297,112,131,663536.657941992,5112278.3223515,-2.224
46.1444166969312,-72.8798809326932,112,132,663736.657941991,5112278.32235152,-2.012
46.1443686494874,-72.8772930648405,112,133,663936.657941992,5112278.32235153,-2.036
46.1443205434967,-72.8747052035796,112,134,664136.657941995,5112278.32235155,-2.239
46.1442723789595,-72.8721173489186,112,135,664336.657941994,5112278.32235156,-2.344
46.1442241558761,-72.8695295008654,112,136,664536.657941994,5112278.32235158,-2.061
46.144175874247,-72.866941659428,112,137,664736.657941997,5112278.32235159,-1.891
46.1441275340725,-72.8643538246145,112,138,664936.657941996,5112278.32235161,-1.806
46.1440791353531,-72.8617659964328,112,139,665136.657941995,5112278.32235162,-1.755
46.144030678089,-72.859178174891,112,140,665336.657941997,5112278.32235163,-1.742
46.1439821622808,-72.8565903599971,112,141,665536.657941999,5112278.32235165,-1.72
46.1439335879287,-72.854002551759,112,142,665736.657941998,5112278.32235166,-1.68
46.1438849550332,-72.8514147501848,112,143,665936.657941998,5112278.32235168,-1.609
46.1438362635947,-72.8488269552825,112,144,666136.657941998,5112278.32235169,-1.482
46.1437875136135,-72.84623916706,112,145,666336.657941999,5112278.32235171,-1.501
46.1437387050902,-72.8436513855255,112,146,666536.657942001,5112278.32235172,-1.487
46.1436898380249,-72.8410636106868,112,147,666736.657942003,5112278.32235174,-1.419
46.1436409124182,-72.8384758425521,112,148,666936.657942,5112278.32235175,-1.361
46.1435919282705,-72.8358880811292,112,149,667136.657942004,5112278.32235176,-1.273
46.1435428855821,-72.8333003264263,112,150,667336.657942005,5112278.32235178,-0.907
46.1434937843534,-72.8307125784512,112,151,667536.657942003,5112278.32235179,-0.587
46.1434446245848,-72.8281248372121,112,152,667736.657942005,5112278.32235181,-0.437
46.1433954062767,-72.8255371027169,112,153,667936.657942005,5112278.32235182,-0.238
46.1433461294296,-72.8229493749737,112,154,668136.657942009,5112278.32235184,-0.146
46.1432967940437,-72.8203616539903,112,155,668336.657942008,5112278.32235185,-0.272
46.1432474001196,-72.8177739397749,112,156,668536.65794201,5112278.32235187,-0.494
46.1431979476576,-72.8151862323355,112,157,668736.657942009,5112278.32235188,-0.506
46.1431484366581,-72.8125985316799,112,158,668936.657942008,5112278.3223519,-0.487
46.1430988671215,-72.8100108378163,112,159,669136.657942008,5112278.32235191,-0.458
46.1430492390482,-72.8074231507527,112,160,669336.65794201,5112278.32235192,-0.481
46.1429995524386,-72.804835470497,112,161,669536.657942011,5112278.32235194,-0.29
46.142949807293,-72.8022477970573,112,162,669736.657942011,5112278.32235195,-0.175
46.142900003612,-72.7996601304415,112,163,669936.657942012,5112278.32235197,-0.008
46.1428002206451,-72.7944848177138,112,165,670336.657942013,5112278.322352,-0.088
46.1463150506309,-73.0895816436133,113,51,647536.657941962,5112078.32235035,-0.868
46.146271749434,-73.0869933526495,113,52,647736.657941961,5112078.32235036,-1.876
46.146228389664,-73.0844050676279,113,53,647936.657941963,5112078.32235038,-2.024
46.1461849713214,-73.0818167885565,113,54,648136.657941963,5112078.32235039,-1.949
46.1461414944063,-73.0792285154433,113,55,648336.657941965,5112078.32235041,-1.37
46.1460979589192,-73.0766402482963,113,56,648536.657941965,5112078.32235042,-0.833
46.1460543648604,-73.0740519871236,113,57,648736.657941964,5112078.32235043,-0.991
46.1460107122303,-73.0714637319331,113,58,648936.657941964,5112078.32235045,-1.462
46.1459670010292,-73.0688754827329,113,59,649136.657941968,5112078.32235046,-0.438
46.1455266676923,-73.0429933219592,113,69,651136.657941972,5112078.32235061,-1.038
46.1454823122338,-73.0404051391809,113,70,651336.657941971,5112078.32235062,-1.126
46.1454378982086,-73.0378169624891,113,71,651536.657941973,5112078.32235064,-1.569
46.145393425617,-73.0352287918917,113,72,651736.657941971,5112078.32235065,-2.289
46.1453488944594,-73.0326406273968,113,73,651936.657941974,5112078.32235067,-1.957
46.1453043047362,-73.0300524690124,113,74,652136.657941974,5112078.32235068,-1.926
46.1452596564476,-73.0274643167465,113,75,652336.657941976,5112078.3223507,-3.901
46.1452149495942,-73.0248761706071,113,76,652536.657941977,5112078.32235071,-3.035
46.1451701841761,-73.0222880306022,113,77,652736.657941976,5112078.32235072,-1.406
46.1451253601939,-73.0196998967398,113,78,652936.657941977,5112078.32235074,-0.69
46.1450804776478,-73.017111769028,113,79,653136.657941976,5112078.32235075,-0.248
46.1449454786301,-73.009347422876,113,82,653736.657941977,5112078.3223508,-0.065
46.1449003618322,-73.0067593198465,113,83,653936.657941978,5112078.32235081,-0.08
46.1448551864724,-73.0041712230076,113,84,654136.657941981,5112078.32235083,-0.113
46.1448099525508,-73.0015831323673,113,85,654336.65794198,5112078.32235084,-0.088
46.1447646600679,-72.9989950479336,113,86,654536.65794198,5112078.32235085,-0.048
46.1447193090241,-72.9964069697146,113,87,654736.657941979,5112078.32235087,-0.095
46.1446738994197,-72.9938188977182,113,88,654936.657941983,5112078.32235088,-0.279
46.1446284312551,-72.9912308319525,113,89,655136.657941981,5112078.3223509,-1.051
46.1445829045307,-72.9886427724255,113,90,655336.657941981,5112078.32235091,-2.032
46.1445373192467,-72.9860547191451,113,91,655536.657941985,5112078.32235093,-2.143
46.1444916754037,-72.9834666721195,113,92,655736.657941986,5112078.32235094,-1.692
46.1444459730019,-72.9808786313565,113,93,655936.657941983,5112078.32235096,-1.597
46.1444002120417,-72.9782905968643,113,94,656136.657941984,5112078.32235097,-1.72
46.1443543925236,-72.9757025686508,113,95,656336.657941985,5112078.32235098,-1.748
46.1443085144478,-72.973114546724,113,96,656536.657941985,5112078.322351,-2.024
46.1442625778147,-72.970526531092,113,97,656736.657941985,5112078.32235101,-2.874
46.1442165826247,-72.9679385217628,113,98,656936.657941986,5112078.32235103,-2.731
46.1441705288782,-72.9653505187443,113,99,657136.65794199,5112078.32235104,-2.625
46.1441244165755,-72.9627625220446,113,100,657336.657941987,5112078.32235106,-2.126
46.144078245717,-72.9601745316717,113,101,657536.65794199,5112078.32235107,-1.613
46.1440320163032,-72.9575865476336,113,102,657736.657941989,5112078.32235109,-2.021
46.1439857283343,-72.9549985699383,113,103,657936.65794199,5112078.3223511,-4.166
46.1439393818107,-72.9524105985938,113,104,658136.657941989,5112078.32235111,-14.738
46.1438929767328,-72.9498226336081,113,105,658336.65794199,5112078.32235113,-16.008
46.143846513101,-72.9472346749893,113,106,658536.657941992,5112078.32235114,-9.818
46.1437999909156,-72.9446467227453,113,107,658736.65794199,5112078.32235116,-2.11
46.143753410177,-72.9420587768842,113,108,658936.657941993,5112078.32235117,-1.924
46.1437067708857,-72.9394708374139,113,109,659136.657941991,5112078.32235119,-4.099
46.1436600730419,-72.9368829043425,113,110,659336.657941993,5112078.3223512,-5.033
46.1436133166461,-72.934294977678,113,111,659536.657941993,5112078.32235122,-3.937
46.1435665016986,-72.9317070574284,113,112,659736.657941996,5112078.32235123,-1.377
46.1435196281998,-72.9291191436016,113,113,659936.657941996,5112078.32235124,-0.924
46.1434726961501,-72.9265312362058,113,114,660136.657941994,5112078.32235126,-0.99
46.1434257055499,-72.9239433352489,113,115,660336.657941995,5112078.32235127,-1.09
46.1433786563995,-72.9213554407389,113,116,660536.657941998,5112078.32235129,-1.822
46.1433315486993,-72.9187675526839,113,117,660736.657941999,5112078.3223513,-4.271
46.1432843824497,-72.9161796710917,113,118,660936.657942,5112078.32235132,-3.596
46.1432371576511,-72.9135917959706,113,119,661136.657941998,5112078.32235133,-1.791
46.1431898743038,-72.9110039273283,113,120,661336.657941999,5112078.32235135,-1.148
46.1431425324083,-72.9084160651731,113,121,661536.657942,5112078.32235136,-1.45
46.1430951319649,-72.9058282095127,113,122,661736.657942002,5112078.32235137,-1.52
46.143047672974,-72.9032403603554,113,123,661936.657942,5112078.32235139,-1.458
46.143000155436,-72.9006525177091,113,124,662136.657942001,5112078.3223514,-1.448
46.1429525793512,-72.8980646815817,113,125,662336.657942005,5112078.32235142,-1.561
46.1429049447201,-72.8954768519813,113,126,662536.657942003,5112078.32235143,-1.424
46.142857251543,-72.892889028916,113,127,662736.657942005,5112078.32235145,-1.612
46.1428094998203,-72.8903012123936,113,128,662936.657942005,5112078.32235146,-1.828
46.1427616895525,-72.8877134024223,113,129,663136.657942004,5112078.32235148,-1.947
46.1427138207398,-72.88512559901,113,130,663336.657942007,5112078.32235149,-2.139
46.1426658933827,-72.8825378021646,113,131,663536.657942004,5112078.3223515,-2.226
46.1426179074815,-72.8799500118944,113,132,663736.657942007,5112078.32235152,-2.036
46.1425698630367,-72.8773622282071,113,133,663936.657942007,5112078.32235153,-1.834
46.1425217600486,-72.8747744511109,113,134,664136.657942008,5112078.32235155,-1.945
46.1424735985176,-72.8721866806138,113,135,664336.657942007,5112078.32235156,-2.189
46.1424253784441,-72.8695989167237,113,136,664536.657942011,5112078.32235158,-1.92
46.1423770998285,-72.8670111594487,113,137,664736.657942011,5112078.32235159,-1.8
46.1423287626712,-72.8644234087967,113,138,664936.65794201,5112078.32235161,-1.731
46.1422803669726,-72.8618356647758,113,139,665136.657942012,5112078.32235162,-1.689
46.142231912733,-72.859247927394,113,140,665336.65794201,5112078.32235164,-1.654
46.1421833999529,-72.8566601966592,113,141,665536.657942011,5112078.32235165,-1.619
46.1421348286326,-72.8540724725795,113,142,665736.657942011,5112078.32235166,-1.582
46.1420861987725,-72.8514847551629,113,143,665936.657942015,5112078.32235168,-1.508
46.1420375103731,-72.8488970444175,113,144,666136.657942017,5112078.32235169,-1.412
46.1419887634347,-72.8463093403511,113,145,666336.657942017,5112078.32235171,-1.384
46.1419399579577,-72.8437216429718,113,146,666536.657942017,5112078.32235172,-1.342
46.1418910939425,-72.8411339522876,113,147,666736.657942017,5112078.32235174,-1.302
46.1418421713894,-72.8385462683065,113,148,666936.657942016,5112078.32235175,-1.072
46.141793190299,-72.8359585910365,113,149,667136.657942018,5112078.32235176,-0.646
46.1417441506715,-72.8333709204857,113,150,667336.657942019,5112078.32235178,-0.539
46.1416950525075,-72.8307832566619,113,151,667536.657942019,5112078.32235179,-0.442
46.1416458958071,-72.8281955995733,113,152,667736.65794202,5112078.32235181,-0.297
46.141596680571,-72.8256079492278,113,153,667936.657942021,5112078.32235182,-0.175
46.1415474067994,-72.8230203056334,113,154,668136.657942022,5112078.32235184,-0.142
46.1414980744928,-72.8204326687982,113,155,668336.657942021,5112078.32235185,-0.168
46.1414486836515,-72.8178450387301,113,156,668536.657942023,5112078.32235187,-0.353
46.141399234276,-72.8152574154371,113,157,668736.657942023,5112078.32235188,-0.397
46.1413497263666,-72.8126697989273,113,158,668936.657942025,5112078.3223519,-0.459
46.1413001599238,-72.8100821892086,113,159,669136.657942024,5112078.32235191,-0.411
46.141250534948,-72.8074945862891,113,160,669336.657942023,5112078.32235192,-0.364
46.1412008514394,-72.8049069901767,113,161,669536.657942028,5112078.32235194,-0.178
46.1411511093987,-72.8023194008794,113,162,669736.657942026,5112078.32235195,-0.028
46.1446024510338,-73.0948203282643,114,49,647136.657941976,5111878.32235032,-1.033
46.1445592696798,-73.092232109659,114,50,647336.657941978,5111878.32235033,-2.426
46.1445160297558,-73.0896438969791,114,51,647536.657941976,5111878.32235035,-2.319
46.144472731262,-73.0870556902327,114,52,647736.657941976,5111878.32235036,-2.101
46.1444293741987,-73.0844674894278,114,53,647936.657941976,5111878.32235038,-1.47
46.1443859585664,-73.0818792945724,114,54,648136.657941977,5111878.32235039,-0.884
46.1443424843653,-73.0792911056745,114,55,648336.657941979,5111878.32235041,-0.344
46.1442989515959,-73.0767029227421,114,56,648536.657941978,5111878.32235042,-0.907
46.1442553602584,-73.0741147457832,114,57,648736.657941981,5111878.32235044,-0.568
46.1437719901572,-73.045645195781,114,68,650936.657941986,5111878.3223506,-0.46
46.1437276960309,-73.0430570911297,114,69,651136.657941984,5111878.32235061,-1.076
46.1436833433412,-73.040468992556,114,70,651336.657941987,5111878.32235062,-2.409
46.1436389320884,-73.0378809000681,114,71,651536.657941988,5111878.32235064,-2.846
46.1435944622729,-73.0352928136739,114,72,651736.657941989,5111878.32235065,-0.823
46.143549933895,-73.0327047333814,114,73,651936.657941986,5111878.32235067,-2.737
46.1435053469552,-73.0301166591987,114,74,652136.657941988,5111878.32235068,-3.382
46.1434607014537,-73.0275285911338,114,75,652336.657941989,5111878.32235069,-1.86
46.1434159973909,-73.0249405291947,114,76,652536.65794199,5111878.32235071,-0.591
46.1432365955343,-73.0145883428562,114,80,653336.657941991,5111878.32235077,-0.08
46.1431915986705,-73.0120003116661,114,81,653536.657941991,5111878.32235078,-0.125
46.1431465432477,-73.0094122866499,114,82,653736.657941992,5111878.3223508,-0.116
46.1431014292661,-73.0068242678156,114,83,653936.657941992,5111878.32235081,-0.136
46.1430562567261,-73.0042362551711,114,84,654136.657941993,5111878.32235083,-0.1
46.1430110256281,-73.0016482487245,114,85,654336.657941996,5111878.32235084,-0.102
46.1429657359724,-72.9990602484838,114,86,654536.657941994,5111878.32235085,-0.124
46.1429203877594,-72.9964722544571,114,87,654736.657941994,5111878.32235087,-0.151
46.1428749809895,-72.9938842666522,114,88,654936.657941997,5111878.32235088,-0.435
46.1428295156631,-72.9912962850773,114,89,655136.657941997,5111878.3223509,-1.315
46.1427839917804,-72.9887083097403,114,90,655336.657941994,5111878.32235091,-2.044
46.142738409342,-72.9861203406492,114,91,655536.657941996,5111878.32235093,-1.446
46.142692768348,-72.9835323778121,114,92,655736.657942,5111878.32235094,-1.233
46.142647068799,-72.980944421237,114,93,655936.657941998,5111878.32235095,-1.404
46.1426013106952,-72.9783564709318,114,94,656136.657941998,5111878.32235097,-1.5
46.1425554940371,-72.9757685269047,114,95,656336.657942,5111878.32235098,-1.462
46.142509618825,-72.9731805891635,114,96,656536.657942001,5111878.322351,-2.051
46.1424636850593,-72.9705926577164,114,97,656736.657942,5111878.32235101,-3.417
46.1424176927403,-72.9680047325712,114,98,656936.657942002,5111878.32235103,-2.754
46.1423716418685,-72.9654168137361,114,99,657136.657942001,5111878.32235104,-2.325
46.1423255324441,-72.962828901219,114,100,657336.657942001,5111878.32235106,-1.69
46.1422793644676,-72.9602409950279,114,101,657536.657942005,5111878.32235107,-1.483
46.1422331379393,-72.9576530951709,114,102,657736.657942002,5111878.32235108,-2.097
46.1421868528597,-72.955065201656,114,103,657936.657942006,5111878.3223511,-4.8
46.142140509229,-72.9524773144911,114,104,658136.657942006,5111878.32235111,-15.238
46.1420941070477,-72.9498894336843,114,105,658336.657942007,5111878.32235113,-15.598
46.142047646316,-72.9473015592436,114,106,658536.657942008,5111878.32235114,-4.933
46.1420011270345,-72.944713691177,114,107,658736.657942005,5111878.32235116,-2.732
46.1419545492035,-72.9421258294925,114,108,658936.657942007,5111878.32235117,-3.234
46.1419079128233,-72.939537974198,114,109,659136.657942009,5111878.32235119,-4.707
46.1418612178944,-72.9369501253017,114,110,659336.657942008,5111878.3223512,-4.269
46.141814464417,-72.9343622828116,114,111,659536.65794201,5111878.32235122,-1.88
46.1417676523916,-72.9317744467355,114,112,659736.65794201,5111878.32235123,-0.964
46.1417207818186,-72.9291866170816,114,113,659936.657942008,5111878.32235124,-0.89
46.1416738526983,-72.9265987938578,114,114,660136.657942012,5111878.32235126,-1.156
46.1416268650311,-72.9240109770722,114,115,660336.657942012,5111878.32235127,-2.639
46.1415798188174,-72.9214231667328,114,116,660536.65794201,5111878.32235129,-4.628
46.1415327140576,-72.9188353628475,114,117,660736.657942013,5111878.3223513,-3.104
46.141485550752,-72.9162475654244,114,118,660936.657942013,5111878.32235132,-1.367
46.1414383289011,-72.9136597744715,114,119,661136.657942014,5111878.32235133,-0.913
46.1413910485051,-72.9110719899967,114,120,661336.657942013,5111878.32235135,-0.925
46.1413437095645,-72.9084842120082,114,121,661536.657942016,5111878.32235136,-1.431
46.1412963120797,-72.9058964405138,114,122,661736.657942017,5111878.32235138,-1.423
46.1412488560511,-72.9033086755217,114,123,661936.657942016,5111878.32235139,-1.197
46.141201341479,-72.9007209170397,114,124,662136.657942014,5111878.3223514,-1.226
46.1411537683637,-72.898133165076,114,125,662336.657942018,5111878.32235142,-1.338
46.1411061367058,-72.8955454196385,114,126,662536.657942016,5111878.32235143,-1.111
46.1410584465056,-72.8929576807353,114,127,662736.657942018,5111878.32235145,-1.423
46.1410106977634,-72.8903699483742,114,128,662936.657942017,5111878.32235146,-1.704
46.1409628904797,-72.8877822225634,114,129,663136.657942021,5111878.32235148,-1.815
46.1409150246548,-72.8851945033109,114,130,663336.657942021,5111878.32235149,-2.037
46.1408671002891,-72.8826067906245,114,131,663536.657942021,5111878.32235151,-2.165
46.1408191173831,-72.8800190845125,114,132,663736.65794202,5111878.32235152,-2.102
46.140771075937,-72.8774313849827,114,133,663936.657942021,5111878.32235153,-1.811
46.1407229759513,-72.8748436920432,114,134,664136.657942022,5111878.32235155,-1.806
46.1406748174263,-72.8722560057019,114,135,664336.657942025,5111878.32235156,-1.826
46.1406266003626,-72.8696683259669,114,136,664536.657942022,5111878.32235158,-1.747
46.1405783247603,-72.8670806528462,114,137,664736.657942026,5111878.32235159,-1.686
46.14052999062,-72.8644929863478,114,138,664936.657942024,5111878.32235161,-1.642
46.140481597942,-72.8619053264797,114,139,665136.657942028,5111878.32235162,-1.561
46.1404331467267,-72.8593176732498,114,140,665336.657942026,5111878.32235163,-1.561
46.1403846369745,-72.8567300266662,114,141,665536.657942025,5111878.32235165,-1.53
46.1403360686858,-72.854142386737,114,142,665736.657942029,5111878.32235166,-1.483
46.140287441861,-72.85155475347,114,143,665936.657942027,5111878.32235168,-1.446
46.1402387565004,-72.8489671268733,114,144,666136.657942029,5111878.32235169,-1.389
46.1401900126045,-72.846379506955,114,145,666336.657942027,5111878.32235171,-1.329
46.1401412101737,-72.843791893723,114,146,666536.657942031,5111878.32235172,-1.045
46.1400923492083,-72.8412042871852,114,147,666736.65794203,5111878.32235174,-0.668
46.1400434297087,-72.8386166873498,114,148,666936.657942032,5111878.32235175,-0.461
46.1399944516754,-72.8360290942247,114,149,667136.657942032,5111878.32235177,-0.343
46.1399454151087,-72.8334415078179,114,150,667336.657942033,5111878.32235178,-0.269
46.1398963200091,-72.8308539281375,114,151,667536.657942032,5111878.32235179,-0.261
46.1398471663768,-72.8282663551914,114,152,667736.657942036,5111878.32235181,-0.194
46.1397979542124,-72.8256787889876,114,153,667936.657942032,5111878.32235182,-0.1
46.1397486835162,-72.8230912295341,114,154,668136.657942034,5111878.32235184,-0.068
46.1396499665299,-72.8179161309102,114,156,668536.657942036,5111878.32235187,-0.15
46.1396005202407,-72.8153285917557,114,157,668736.657942038,5111878.32235188,-0.16
46.1395510154213,-72.8127410593836,114,158,668936.657942037,5111878.32235189,-0.215
46.1395014520721,-72.8101535338018,114,159,669136.657942038,5111878.32235191,-0.284
46.1394518301935,-72.8075660150183,114,160,669336.657942039,5111878.32235193,-0.211
46.1394021497859,-72.8049785030412,114,161,669536.657942041,5111878.32235194,-0.118
46.142889605746,-73.1000586938072,115,47,646736.657941988,5111678.32235029,-0.448
46.1428465442216,-73.0974705475872,115,48,646936.657941991,5111678.32235031,-2.736
46.1428034241301,-73.0948824072759,115,49,647136.657941991,5111678.32235032,-3.059
46.1427602454717,-73.0922942728813,115,50,647336.657941989,5111678.32235033,-2.256
46.1427170082469,-73.0897061444116,115,51,647536.657941993,5111678.32235035,-1.296
46.1426737124559,-73.0871180218745,115,52,647736.657941991,5111678.32235036,-0.822
46.1426303580992,-73.0845299052783,115,53,647936.65794199,5111678.32235038,-0.526
46.142586945177,-73.0819417946308,115,54,648136.657941992,5111678.32235039,-0.176
46.1420614221357,-73.0508849337836,115,66,650536.657942,5111678.32235057,-0.278
46.142017247895,-73.0482969011996,115,67,650736.657942,5111678.32235058,-0.797
46.1419730150938,-73.0457088746766,115,68,650936.657941999,5111678.3223506,-2.268
46.1419287237324,-73.0431208542225,115,69,651136.657942001,5111678.32235061,-3.138
46.1418843738113,-73.0405328398454,115,70,651336.657942002,5111678.32235062,-2.321
46.1418399653308,-73.0379448315534,115,71,651536.657942,5111678.32235064,-4.08
46.1417954982912,-73.0353568293543,115,72,651736.657942001,5111678.32235065,-3.625
46.1417509726929,-73.0327688332563,115,73,651936.657942003,5111678.32235067,-2.23
46.1417063885362,-73.0301808432673,115,74,652136.657942004,5111678.32235068,-0.96
46.1415274663334,-73.0198289445619,115,78,652936.657942004,5111678.32235074,-0.023
46.1414825893904,-73.0172409852382,115,79,653136.657942006,5111678.32235075,-0.073
46.1414376538913,-73.0146530320717,115,80,653336.657942004,5111678.32235077,-0.071
46.1413926598363,-73.0120650850703,115,81,653536.657942005,5111678.32235078,-0.09
46.1413476072259,-73.009477144242,115,82,653736.657942005,5111678.3223508,-0.092
46.1413024960603,-73.0068892095948,115,83,653936.657942006,5111678.32235081,-0.089
46.14125732634,-73.0043012811368,115,84,654136.657942007,5111678.32235083,-0.11
46.1412120980654,-73.0017133588759,115,85,654336.657942008,5111678.32235084,-0.134
46.1411668112368,-72.9991254428202,115,86,654536.657942011,5111678.32235086,-0.107
46.1411214658545,-72.9965375329776,115,87,654736.65794201,5111678.32235087,-0.484
46.1410760619189,-72.9939496293563,115,88,654936.65794201,5111678.32235088,-1.342
46.1410305994304,-72.9913617319641,115,89,655136.657942013,5111678.3223509,-2.2
46.1409850783894,-72.9887738408091,115,90,655336.657942013,5111678.32235091,-1.104
46.1409394987962,-72.9861859558993,115,91,655536.657942014,5111678.32235093,-0.978
46.1408938606512,-72.9835980772428,115,92,655736.657942015,5111678.32235094,-1.22
46.1408481639547,-72.9810102048475,115,93,655936.657942013,5111678.32235096,-1.386
46.1408024087072,-72.9784223387214,115,94,656136.657942013,5111678.32235097,-0.977
46.1407565949089,-72.9758344788726,115,95,656336.657942014,5111678.32235099,-1.128
46.1407107225603,-72.973246625309,115,96,656536.657942016,5111678.322351,-1.962
46.1406647916618,-72.9706587780386,115,97,656736.657942016,5111678.32235101,-3.834
46.1406188022136,-72.9680709370696,115,98,656936.657942014,5111678.32235103,-2.619
46.1405727542163,-72.9654831024098,115,99,657136.657942017,5111678.32235104,-2.069
46.14052664767,-72.9628952740673,115,100,657336.657942016,5111678.32235106,-1.429
46.1404804825753,-72.9603074520501,115,101,657536.657942019,5111678.32235107,-1.437
46.1404342589324,-72.9577196363662,115,102,657736.657942017,5111678.32235109,-2.263
46.1403879767419,-72.9551318270236,115,103,657936.657942018,5111678.3223511,-10.478
46.1403416360039,-72.9525440240304,115,104,658136.657942017,5111678.32235111,-15.348
46.1402952367189,-72.9499562273944,115,105,658336.657942022,5111678.32235113,-15.148
46.1402487788874,-72.9473684371238,115,106,658536.657942019,5111678.32235114,-4.839
46.1402022625095,-72.9447806532266,115,107,658736.657942021,5111678.32235116,-3.412
46.1401556875858,-72.9421928757106,115,108,658936.657942022,5111678.32235117,-4.413
46.1401090541166,-72.9396051045841,115,109,659136.657942023,5111678.32235119,-4.905
46.1400623621023,-72.9370173398548,115,110,659336.657942021,5111678.3223512,-3.057
46.1400156115432,-72.934429581531,115,111,659536.657942022,5111678.32235122,-1.463
46.1399688024397,-72.9318418296205,115,112,659736.657942023,5111678.32235123,-1.224
46.1399219347923,-72.9292540841314,115,113,659936.657942026,5111678.32235124,-1.261
46.1398750086012,-72.9266663450717,115,114,660136.657942023,5111678.32235126,-3.259
46.1398280238669,-72.9240786124494,115,115,660336.657942024,5111678.32235127,-4.649
46.1397809805897,-72.9214908862725,115,116,660536.657942027,5111678.32235129,-2.485
46.13973387877,-72.918903166549,115,117,660736.657942028,5111678.3223513,-1.039
46.1396867184083,-72.9163154532869,115,118,660936.657942029,5111678.32235132,-1.029
46.1396394995048,-72.9137277464942,115,119,661136.657942027,5111678.32235133,-1.302
46.1395922220599,-72.9111400461789,115,120,661336.657942027,5111678.32235135,-1.202
46.1395448860741,-72.9085523523491,115,121,661536.657942028,5111678.32235136,-1.407
46.1394974915477,-72.9059646650127,115,122,661736.657942029,5111678.32235138,-1.365
46.1394500384811,-72.9033769841777,115,123,661936.657942032,5111678.32235139,-1.296
46.1394025268747,-72.9007893098522,115,124,662136.65794203,5111678.3223514,-1.235
46.1393549567289,-72.8982016420441,115,125,662336.65794203,5111678.32235142,-1.287
46.139307328044,-72.8956139807614,115,126,662536.657942034,5111678.32235143,-0.911
46.1392596408204,-72.8930263260123,115,127,662736.657942034,5111678.32235145,-1.127
46.1392118950585,-72.8904386778045,115,128,662936.657942034,5111678.32235146,-1.429
46.1391640907588,-72.8878510361463,115,129,663136.657942035,5111678.32235148,-1.714
46.1391162279215,-72.8852634010455,115,130,663336.657942034,5111678.32235149,-1.957
46.1390683065471,-72.8826757725102,115,131,663536.657942037,5111678.32235151,-2.113
46.1390203266359,-72.8800881505484,115,132,663736.657942037,5111678.32235152,-2.185
46.1389722881884,-72.877500535168,115,133,663936.657942038,5111678.32235153,-2.01
46.1389241912049,-72.8749129263772,115,134,664136.657942035,5111678.32235155,-1.778
46.1388760356858,-72.8723253241838,115,135,664336.657942035,5111678.32235156,-1.757
46.1388278216315,-72.8697377285959,115,136,664536.657942037,5111678.32235158,-1.666
46.1387795490424,-72.8671501396215,115,137,664736.657942037,5111678.32235159,-1.585
46.1387312179189,-72.8645625572686,115,138,664936.65794204,5111678.32235161,-1.542
46.1386828282613,-72.8619749815452,115,139,665136.65794204,5111678.32235162,-1.485
46.1386343800701,-72.8593874124594,115,140,665336.657942041,5111678.32235164,-1.462
46.1385858733456,-72.856799850019,115,141,665536.65794204,5111678.32235165,-1.423
46.1385373080883,-72.8542122942321,115,142,665736.657942044,5111678.32235166,-1.374
46.1384886842985,-72.8516247451068,115,143,665936.657942043,5111678.32235168,-1.347
46.1384400019767,-72.8490372026509,115,144,666136.657942044,5111678.3223517,-1.317
46.1383912611231,-72.8464496668726,115,145,666336.657942044,5111678.32235171,-0.927
46.1383424617382,-72.8438621377798,115,146,666536.657942047,5111678.32235172,-0.545
46.1382936038225,-72.8412746153806,115,147,666736.657942043,5111678.32235174,-0.376
46.1382446873762,-72.8386870996828,115,148,666936.657942044,5111678.32235175,-0.245
46.1381957123998,-72.8360995906946,115,149,667136.657942048,5111678.32235177,-0.156
46.1381466788937,-72.8335120884239,115,150,667336.657942047,5111678.32235178,-0.116
46.1380975868582,-72.8309245928787,115,151,667536.65794205,5111678.3223518,-0.131
46.1380484362938,-72.8283371040671,115,152,667736.657942051,5111678.32235181,-0.128
46.1377523038221,-72.8128123130495,115,158,668936.657942053,5111678.3223519,-0.188
46.1377027435663,-72.8102248715966,115,159,669136.657942052,5111678.32235191,-0.166
46.1376531247847,-72.8076374369412,115,160,669336.657942051,5111678.32235193,-0.093
46.1376034474778,-72.8050500090914,115,161,669536.657942052,5111678.32235194,-0.065
46.1411335731013,-73.1027086664103,116,46,646536.657942005,5111478.32235028,-3.353
46.1410905728289,-73.1001205984944,116,47,646736.657942005,5111478.32235029,-3.774
46.1410475139926,-73.0975325364786,116,48,646936.657942004,5111478.3223503,-2.414
46.1410043965928,-73.0949444803707,116,49,647136.657942005,5111478.32235032,-0.872
46.1409612206299,-73.0923564301789,116,50,647336.657942003,5111478.32235033,-0.421
46.1409179861041,-73.0897683859112,116,51,647536.657942006,5111478.32235035,-0.31
46.1403065538429,-73.053536392675,116,65,650336.657942011,5111478.32235055,-0.898
46.1402624409168,-73.0509484382294,116,66,650536.657942014,5111478.32235056,-2.097
46.1402182694336,-73.0483604898361,116,67,650736.657942015,5111478.32235058,-3.281
46.1401740393935,-73.0457725475031,116,68,650936.657942015,5111478.3223506,-2.906
46.140129750797,-73.0431846112383,116,69,651136.657942014,5111478.32235061,-2.128
46.1400854036443,-73.0405966810498,116,70,651336.657942015,5111478.32235062,-4.472
46.1400409979358,-73.0380087569456,116,71,651536.657942017,5111478.32235064,-3.467
46.139996533672,-73.0354208389337,116,72,651736.657942017,5111478.32235065,-2.398
46.1397285184452,-73.0198934592489,116,78,652936.657942018,5111478.32235074,-0.078
46.1396836443035,-73.0173055841073,116,79,653136.657942021,5111478.32235075,-0.074
46.1396387116093,-73.0147177151221,116,80,653336.657942019,5111478.32235077,-0.039
46.1395937203629,-73.0121298523013,116,81,653536.657942022,5111478.32235078,-0.067
46.1395486705647,-73.0095419956529,116,82,653736.65794202,5111478.32235079,-0.088
46.139503562215,-73.0069541451849,116,83,653936.657942021,5111478.32235081,-0.09
46.1394583953143,-73.0043663009053,116,84,654136.657942024,5111478.32235082,-0.085
46.1394131698628,-73.0017784628221,116,85,654336.657942022,5111478.32235084,-0.479
46.139367885861,-72.9991906309433,116,86,654536.657942024,5111478.32235085,-1.679
46.1393225433092,-72.996602805277,116,87,654736.657942025,5111478.32235087,-3.013
46.1392771422078,-72.9940149858311,116,88,654936.657942025,5111478.32235088,-2.302
46.1392316825571,-72.9914271726137,116,89,655136.657942025,5111478.3223509,-0.818
46.1391861643575,-72.9888393656327,116,90,655336.657942025,5111478.32235091,-0.731
46.1391405876094,-72.9862515648962,116,91,655536.657942024,5111478.32235093,-0.762
46.1390949523131,-72.9836637704122,116,92,655736.657942025,5111478.32235094,-1.143
46.139049258469,-72.9810759821887,116,93,655936.657942029,5111478.32235096,-0.933
46.1390035060775,-72.9784882002337,116,94,656136.657942029,5111478.32235097,-0.594
46.138957695139,-72.9759004245552,116,95,656336.657942026,5111478.32235098,-1.283
46.1389118256537,-72.9733126551612,116,96,656536.657942031,5111478.322351,-1.941
46.1388658976222,-72.9707248920597,116,97,656736.657942028,5111478.32235101,-3.905
46.1388199110447,-72.9681371352587,116,98,656936.657942032,5111478.32235103,-2.431
46.1387738659216,-72.9655493847663,116,99,657136.65794203,5111478.32235104,-1.813
46.1387277622533,-72.9629616405904,116,100,657336.65794203,5111478.32235106,-1.208
46.1386816000401,-72.960373902739,116,101,657536.657942031,5111478.32235107,-1.432
46.1386353792825,-72.9577861712202,116,102,657736.657942032,5111478.32235109,-2.479
46.1385890999808,-72.955198446042,116,103,657936.657942034,5111478.3223511,-12.798
46.1385427621354,-72.9526107272123,116,104,658136.657942034,5111478.32235111,-15.118
46.1384963657466,-72.9500230147392,116,105,658336.657942033,5111478.32235113,-14.498
46.1384499108149,-72.9474353086307,116,106,658536.657942037,5111478.32235114,-4.833
46.1384033973405,-72.9448476088948,116,107,658736.657942035,5111478.32235116,-4.037
46.1383568253239,-72.9422599155395,116,108,658936.657942037,5111478.32235117,-4.86
46.1383101947655,-72.9396722285727,116,109,659136.657942035,5111478.32235119,-4.134
46.1382635056656,-72.9370845480026,116,110,659336.657942039,5111478.3223512,-1.864
46.1382167580246,-72.9344968738371,116,111,659536.657942039,5111478.32235122,-1.511
46.1381699518429,-72.9319092060842,116,112,659736.657942039,5111478.32235123,-1.668
46.1381230871208,-72.9293215447519,116,113,659936.657942037,5111478.32235124,-3.671
46.1380761638588,-72.9267338898482,116,114,660136.657942038,5111478.32235126,-3.786
46.1380291820571,-72.9241462413812,116,115,660336.657942039,5111478.32235127,-1.922
46.1379821417163,-72.9215585993588,116,116,660536.657942041,5111478.32235129,-1.944
46.1379350428366,-72.918970963789,116,117,660736.657942042,5111478.3223513,-1.726
46.1378878854184,-72.9163833346799,116,118,660936.65794204,5111478.32235132,-1.074
46.1378406694622,-72.9137957120395,116,119,661136.657942042,5111478.32235133,-0.925
46.1377933949683,-72.9112080958757,116,120,661336.657942042,5111478.32235135,-0.887
46.1377460619371,-72.9086204861966,116,121,661536.657942042,5111478.32235136,-1.259
46.1376986703689,-72.9060328830101,116,122,661736.657942043,5111478.32235137,-1.255
46.1376512202642,-72.9034452863243,116,123,661936.657942045,5111478.32235139,-1.249
46.1376037116233,-72.9008576961471,116,124,662136.657942046,5111478.3223514,-1.254
46.1375561444466,-72.8982701124867,116,125,662336.657942047,5111478.32235142,-1.227
46.1375085187345,-72.8956825353509,116,126,662536.657942045,5111478.32235143,-0.836
46.1374608344874,-72.8930949647478,116,127,662736.657942046,5111478.32235145,-0.909
46.1374130917057,-72.8905074006854,116,128,662936.657942046,5111478.32235146,-1.227
46.1373652903897,-72.8879198431717,116,129,663136.65794205,5111478.32235148,-1.455
46.1373174305398,-72.8853322922147,116,130,663336.657942048,5111478.32235149,-1.882
46.1372695121564,-72.8827447478224,116,131,663536.657942048,5111478.3223515,-2.086
46.13722153524,-72.8801572100028,116,132,663736.657942052,5111478.32235152,-2.188
46.1371734997908,-72.8775696787639,116,133,663936.657942053,5111478.32235153,-2.159
46.1371254058093,-72.8749821541137,116,134,664136.657942052,5111478.32235155,-1.753
46.1370772532959,-72.8723946360602,116,135,664336.657942053,5111478.32235156,-1.421
46.1370290422509,-72.8698071246114,116,136,664536.657942055,5111478.32235158,-1.407
46.1369807726747,-72.8672196197753,116,137,664736.657942053,5111478.32235159,-1.437
46.1369324445678,-72.86463212156,116,138,664936.657942053,5111478.32235161,-1.38
46.1368840579305,-72.8620446299733,116,139,665136.657942055,5111478.32235162,-1.372
46.1368356127632,-72.8594571450234,116,140,665336.657942054,5111478.32235164,-1.339
46.1367871090663,-72.8568696667182,116,141,665536.657942057,5111478.32235165,-1.31
46.1367385468401,-72.8542821950658,116,142,665736.657942054,5111478.32235166,-1.283
46.1366899260852,-72.851694730074,116,143,665936.657942058,5111478.32235168,-1.182
46.1366412468018,-72.849107271751,116,144,666136.657942057,5111478.32235169,-0.839
46.1365925089904,-72.8465198201047,116,145,666336.657942057,5111478.32235171,-0.499
46.1365437126513,-72.8439323751432,116,146,666536.657942059,5111478.32235172,-0.303
46.1364948577849,-72.8413449368744,116,147,666736.657942062,5111478.32235174,-0.138
46.1364459443917,-72.8387575053063,116,148,666936.657942061,5111478.32235175,-0.118
46.1363479420263,-72.8335826623043,116,150,667336.657942061,5111478.32235178,-0.038
46.1359535915691,-72.8128835599258,116,158,668936.657942066,5111478.3223519,-0.118
46.1359040344065,-72.8102962025938,116,159,669136.657942066,5111478.32235191,-0.065
46.1393774758944,-73.105358470611,117,45,646336.657942019,5111278.32235026,-3.553
46.1393345368669,-73.1027704810006,117,46,646536.657942016,5111278.32235027,-3.767
46.1392915392787,-73.1001824972816,117,47,646736.657942017,5111278.32235029,-1.336
46.1392484831304,-73.0975945194619,117,48,646936.657942019,5111278.3223503,-0.297
46.1392053684222,-73.0950065475495,117,49,647136.65794202,5111278.32235032,-0.15
46.1385516208524,-73.0561876831907,117,64,650136.657942025,5111278.32235053,-3.138
46.1385075692339,-73.0535998068851,117,65,650336.657942027,5111278.32235055,-3.258
46.1384634590615,-73.051011936623,117,66,650536.657942026,5111278.32235056,-3.048
46.1384192903356,-73.0484240724124,117,67,650736.65794203,5111278.32235058,-2.498
46.1383750630565,-73.0458362142614,117,68,650936.65794203,5111278.32235059,-0.686
46.1383307772245,-73.0432483621779,117,69,651136.657942027,5111278.32235061,-4.447
46.13828643284,-73.0406605161699,117,70,651336.657942031,5111278.32235062,-2.574
46.1382420299035,-73.0380726762456,117,71,651536.657942031,5111278.32235064,-0.448
46.1378846985778,-73.0173701768201,117,79,653136.657942033,5111278.32235075,-0.078
46.1378397686883,-73.0147823920082,117,80,653336.657942034,5111278.32235077,-0.164
46.1377947802503,-73.01219461336,117,81,653536.657942034,5111278.32235078,-0.259
46.1377497332642,-73.0096068408834,117,82,653736.657942035,5111278.3223508,-0.631
46.1377046277302,-73.0070190745866,117,83,653936.657942038,5111278.32235081,-3.141
46.1376594636488,-73.0044313144774,117,84,654136.657942038,5111278.32235082,-2.962
46.1376142410204,-73.0018435605639,117,85,654336.657942035,5111278.32235084,-2.496
46.1375689598452,-72.999255812854,117,86,654536.657942039,5111278.32235085,-1.702
46.1375236201237,-72.9966680713559,117,87,654736.65794204,5111278.32235087,-0.956
46.1374782218562,-72.9940803360775,117,88,654936.657942038,5111278.32235088,-0.056
46.1374327650431,-72.9914926070269,117,89,655136.657942039,5111278.3223509,-0.263
46.1373872496848,-72.9889048842119,117,90,655336.657942041,5111278.32235091,-0.939
46.1373416757816,-72.9863171676407,117,91,655536.657942041,5111278.32235092,-0.794
46.1372960433339,-72.9837294573212,117,92,655736.65794204,5111278.32235094,-0.879
46.137250352342,-72.9811417532615,117,93,655936.657942044,5111278.32235095,-0.338
46.1372046028064,-72.9785540554695,117,94,656136.657942042,5111278.32235097,-0.447
46.1371587947273,-72.9759663639533,117,95,656336.657942044,5111278.32235098,-1.407
46.1371129281052,-72.9733786787208,117,96,656536.657942042,5111278.322351,-1.887
46.1370670029404,-72.9707909997802,117,97,656736.657942047,5111278.32235101,-3.773
46.1370210192334,-72.9682033271393,117,98,656936.657942046,5111278.32235103,-2.326
46.1369749769844,-72.9656156608062,117,99,657136.657942047,5111278.32235104,-1.701
46.1369288761938,-72.9630280007889,117,100,657336.657942046,5111278.32235105,-1.092
46.1368827168621,-72.9604403470954,117,101,657536.657942048,5111278.32235107,-1.212
46.1368364989895,-72.9578526997337,117,102,657736.657942046,5111278.32235108,-2.742
46.1367902225765,-72.9552650587118,117,103,657936.657942047,5111278.3223511,-13.378
46.1367438876235,-72.9526774240377,117,104,658136.657942047,5111278.32235111,-14.978
46.1366974941307,-72.9500897957194,117,105,658336.657942051,5111278.32235113,-11.818
46.1366510420986,-72.947502173765,117,106,658536.657942049,5111278.32235114,-5.024
46.1366045315275,-72.9449145581824,117,107,658736.65794205,5111278.32235116,-4.795
46.1365579624179,-72.9423269489797,117,108,658936.657942051,5111278.32235117,-4.55
46.1365113347701,-72.9397393461648,117,109,659136.657942049,5111278.32235119,-3.149
46.1364646485844,-72.9371517497457,117,110,659336.65794205,5111278.3223512,-1.895
46.1364179038613,-72.9345641597305,117,111,659536.657942051,5111278.32235121,-2.008
46.1363711006011,-72.9319765761272,117,112,659736.657942053,5111278.32235123,-4.029
46.1363242388042,-72.9293889989437,117,113,659936.657942053,5111278.32235124,-3.735
46.136277318471,-72.9268014281881,117,114,660136.657942052,5111278.32235126,-2.047
46.1362303396019,-72.9242138638683,117,115,660336.657942056,5111278.32235127,-2.257
46.1361833021972,-72.9216263059924,117,116,660536.657942053,5111278.32235129,-1.081
46.1361362062573,-72.9190387545685,117,117,660736.657942054,5111278.3223513,-0.391
46.1360890517826,-72.9164512096043,117,118,660936.657942057,5111278.32235132,-0.39
46.1360418387734,-72.9138636711081,117,119,661136.657942054,5111278.32235133,-0.483
46.1359945672302,-72.9112761390878,117,120,661336.657942058,5111278.32235134,-0.609
46.1359472371534,-72.9086886135514,117,121,661536.657942056,5111278.32235136,-1.024
46.1358998485433,-72.9061010945068,117,122,661736.657942059,5111278.32235137,-1.067
46.1358524014002,-72.9035135819622,117,123,661936.657942059,5111278.32235139,-1.115
46.1358048957247,-72.9009260759255,117,124,662136.657942057,5111278.3223514,-1.157
46.1357573315169,-72.8983385764046,117,125,662336.65794206,5111278.32235141,-1.193
46.1357097087775,-72.8957510834077,117,126,662536.657942062,5111278.32235143,-0.843
46.1356620275066,-72.8931635969427,117,127,662736.657942062,5111278.32235145,-0.934
46.1356142877048,-72.8905761170176,117,128,662936.657942061,5111278.32235146,-1.064
46.1355664893724,-72.8879886436404,117,129,663136.657942064,5111278.32235148,-1.351
46.1355186325097,-72.8854011768192,117,130,663336.657942063,5111278.32235149,-1.686
46.1354707171172,-72.8828137165619,117,131,663536.657942064,5111278.3223515,-1.946
46.1354227431953,-72.8802262628765,117,132,663736.657942063,5111278.32235152,-2.08
46.1353747107443,-72.877638815771,117,133,663936.657942066,5111278.32235153,-2.024
46.1353266197646,-72.8750513752534,117,134,664136.657942066,5111278.32235155,-1.139
46.1352784702566,-72.8724639413318,117,135,664336.657942067,5111278.32235156,-0.667
46.1352302622207,-72.8698765140141,117,136,664536.657942067,5111278.32235157,-0.629
46.1351819956573,-72.8672890933084,117,137,664736.657942066,5111278.32235159,-0.777
46.1351336705668,-72.8647016792226,117,138,664936.65794207,5111278.32235161,-1.005
46.1350852869496,-72.8621142717647,117,139,665136.657942067,5111278.32235162,-1.133
46.1350368448059,-72.8595268709427,117,140,665336.65794207,5111278.32235163,-1.152
46.1349883441364,-72.8569394767648,117,141,665536.657942072,5111278.32235165,-1.161
46.1349397849413,-72.8543520892387,117,142,665736.65794207,5111278.32235166,-1.103
46.1348911672209,-72.8517647083725,117,143,665936.657942073,5111278.32235168,-0.702
46.1348424909758,-72.8491773341744,117,144,666136.657942074,5111278.32235169,-0.332
46.1347937562063,-72.8465899666521,117,145,666336.657942073,5111278.32235171,-0.229
46.1347449629129,-72.8440026058138,117,146,666536.657942075,5111278.32235172,-0.111
46.1346961110957,-72.8414152516674,117,147,666736.657942074,5111278.32235174,-0.086
46.1376213141365,-73.108008106424,118,44,646136.657942031,5111078.32235025,-1.77
46.1375784363466,-73.1054201951206,118,45,646336.657942032,5111078.32235026,-2.817
46.1375354999995,-73.1028322896997,118,46,646536.657942031,5111078.32235028,-0.756
46.1374925050954,-73.1002443901696,118,47,646736.657942031,5111078.32235029,-0.163
46.1368844281584,-73.0640144197464,118,61,649536.657942038,5111078.32235049,-1.638
46.1368405549426,-73.0614266095365,118,62,649736.657942039,5111078.32235051,-3.271
46.1367966231755,-73.0588388053455,118,63,649936.65794204,5111078.32235052,-3.744
46.1367526328574,-73.0562510071812,118,64,650136.657942042,5111078.32235054,-3.255
46.1367085839887,-73.0536632150517,118,65,650336.657942043,5111078.32235055,-1.843
46.1366203106009,-73.0484876489292,118,67,650736.657942042,5111078.32235058,-0.428
46.1365760860826,-73.0458998749521,118,68,650936.657942043,5111078.32235059,-3.343
46.136531803015,-73.0433121070419,118,69,651136.657942042,5111078.32235061,-3.317
46.1364874613987,-73.0407243452065,118,70,651336.657942043,5111078.32235062,-0.428
46.136130620753,-73.0200224701786,118,78,652936.657942047,5111078.32235074,-0.078
46.1360857522133,-73.0174347633771,118,79,653136.657942051,5111078.32235075,-0.197
46.1360408251284,-73.0148470627306,118,80,653336.657942048,5111078.32235077,-0.924
46.1359958394986,-73.012259368247,118,81,653536.657942052,5111078.32235078,-1.51
46.1359507953243,-73.0096716799343,118,82,653736.657942051,5111078.3223508,-1.817
46.1359056926059,-73.0070839978005,118,83,653936.657942052,5111078.32235081,-1.795
46.1358605313437,-73.0044963218538,118,84,654136.657942051,5111078.32235083,-0.472
46.135815311538,-73.0019086521019,118,85,654336.657942054,5111078.32235084,-0.038
46.1357700331894,-72.9993209885531,118,86,654536.657942054,5111078.32235085,-0.046
46.135724696298,-72.9967333312152,118,87,654736.657942053,5111078.32235087,-0.018
46.1356338468886,-72.9915580352043,118,89,655136.657942053,5111078.3223509,-0.854
46.1355883343713,-72.9889703965473,118,90,655336.657942055,5111078.32235091,-1.291
46.1355427633128,-72.9863827641334,118,91,655536.657942055,5111078.32235092,-0.531
46.1354971337135,-72.9837951379704,118,92,655736.657942055,5111078.32235094,-0.3
46.1354514455736,-72.9812075180665,118,93,655936.657942058,5111078.32235095,-0.194
46.1354056988937,-72.9786199044296,118,94,656136.657942057,5111078.32235097,-0.748
46.1353598936739,-72.9760322970676,118,95,656336.657942057,5111078.32235098,-2.04
46.1353140299148,-72.9734446959888,118,96,656536.657942059,5111078.322351,-1.648
46.1352681076167,-72.9708571012009,118,97,656736.657942061,5111078.32235101,-3.623
46.1352221267799,-72.9682695127121,118,98,656936.65794206,5111078.32235103,-2.155
46.1351760874048,-72.9656819305303,118,99,657136.657942057,5111078.32235104,-1.391
46.1351299894918,-72.9630943546636,118,100,657336.657942058,5111078.32235106,-0.874
46.1350838330413,-72.9605067851199,118,101,657536.657942059,5111078.32235107,-1.334
46.1350376180536,-72.9579192219073,118,102,657736.657942063,5111078.32235109,-2.989
46.1349913445291,-72.9553316650337,118,103,657936.657942061,5111078.3223511,-13.518
46.1349450124682,-72.9527441145073,118,104,658136.657942063,5111078.32235111,-14.598
46.1348986218712,-72.9501565703358,118,105,658336.657942063,5111078.32235113,-11.108
46.1348521727386,-72.9475690325275,118,106,658536.657942066,5111078.32235114,-5.024
46.1348056650706,-72.9449815010903,118,107,658736.657942064,5111078.32235116,-4.756
46.1347590988678,-72.9423939760321,118,108,658936.657942064,5111078.32235117,-4.151
46.1347124741303,-72.939806457361,118,109,659136.657942065,5111078.32235119,-3.024
46.1346657908587,-72.937218945085,118,110,659336.657942066,5111078.3223512,-2.216
46.1346190490533,-72.9346314392121,118,111,659536.657942066,5111078.32235121,-4.162
46.1345722487145,-72.9320439397503,118,112,659736.657942065,5111078.32235123,-3.678
46.1345253898426,-72.9294564467076,118,113,659936.65794207,5111078.32235125,-2.494
46.1344784724381,-72.9268689600921,118,114,660136.65794207,5111078.32235126,-1.691
46.1344314965012,-72.9242814799116,118,115,660336.657942071,5111078.32235127,-0.78
46.1343844620325,-72.9216940061742,118,116,660536.65794207,5111078.32235129,-0.065
46.1343373690322,-72.919106538888,118,117,660736.657942072,5111078.3223513,-0.093
46.1342902175007,-72.9165190780609,118,118,660936.65794207,5111078.32235132,-0.258
46.1342430074384,-72.9139316237009,118,119,661136.657942073,5111078.32235133,-0.409
46.1341957388458,-72.911344175816,118,120,661336.657942074,5111078.32235135,-0.419
46.1341484117231,-72.9087567344143,118,121,661536.657942074,5111078.32235136,-0.407
46.1341010260709,-72.9061692995037,118,122,661736.657942073,5111078.32235138,-0.449
46.1340535818893,-72.9035818710922,118,123,661936.657942074,5111078.32235139,-0.521
46.1340060791789,-72.9009944491878,118,124,662136.657942073,5111078.3223514,-0.602
46.1339585179399,-72.8984070337986,118,125,662336.657942075,5111078.32235142,-0.681
46.1339108981729,-72.8958196249326,118,126,662536.657942073,5111078.32235143,-0.773
46.1338632198782,-72.8932322225977,118,127,662736.657942076,5111078.32235145,-0.889
46.1338154830561,-72.8906448268019,118,128,662936.657942077,5111078.32235146,-1.057
46.133767687707,-72.8880574375532,118,129,663136.657942077,5111078.32235148,-1.286
46.1337198338314,-72.8854700548598,118,130,663336.657942076,5111078.32235149,-1.597
46.1336719214296,-72.8828826787294,118,131,663536.657942077,5111078.32235151,-1.855
46.1336239505019,-72.8802953091702,118,132,663736.657942078,5111078.32235152,-1.647
46.1335759210489,-72.8777079461902,118,133,663936.657942079,5111078.32235153,-1.267
46.1335278330708,-72.8751205897973,118,134,664136.657942083,5111078.32235155,-0.521
46.1334796865681,-72.8725332399996,118,135,664336.657942079,5111078.32235156,-0.397
46.1334314815412,-72.8699458968049,118,136,664536.657942084,5111078.32235158,-0.3
46.1333832179903,-72.8673585602215,118,137,664736.657942083,5111078.32235159,-0.502
46.133334895916,-72.8647712302572,118,138,664936.657942082,5111078.32235161,-0.643
46.1332865153186,-72.8621839069201,118,139,665136.657942084,5111078.32235162,-0.813
46.1332380761985,-72.8595965902181,118,140,665336.657942086,5111078.32235164,-0.931
46.1331895785561,-72.8570092801593,118,141,665536.657942083,5111078.32235165,-0.834
46.1331410223917,-72.8544219767517,118,142,665736.657942085,5111078.32235166,-0.544
46.1330924077059,-72.8518346800031,118,143,665936.657942086,5111078.32235168,-0.279
46.1330437344989,-72.8492473899218,118,144,666136.657942087,5111078.32235169,-0.154
46.1329950027711,-72.8466601065156,118,145,666336.657942089,5111078.32235171,-0.085
46.1358650878386,-73.1106575738638,119,43,645936.657942045,5110878.32235023,-1.613
46.1358222712793,-73.1080697408687,119,44,646136.657942045,5110878.32235025,-2.801
46.135779396166,-73.1054819137475,119,45,646336.657942048,5110878.32235026,-1.135
46.1357364624991,-73.1028940925082,119,46,646536.657942045,5110878.32235028,-0.218
46.1351729966102,-73.0692529552947,119,59,649136.657942054,5110878.32235046,-1.345
46.1351292432294,-73.066665217243,119,60,649336.657942054,5110878.32235048,-3.297
46.1350854313003,-73.0640774851934,119,61,649536.657942054,5110878.32235049,-3.219
46.1350415608231,-73.0614897591538,119,62,649736.657942056,5110878.3223505,-2.292
46.1349976317983,-73.0589020391323,119,63,649936.657942054,5110878.32235052,-2.033
46.1348654934415,-73.0511389152563,119,66,650536.657942055,5110878.32235056,-1.305
46.1348213302297,-73.0485512193871,119,67,650736.657942058,5110878.32235058,-1.395
46.1347771084719,-73.045963529576,119,68,650936.657942056,5110878.32235059,-4.412
46.1347328281686,-73.043375845831,119,69,651136.657942058,5110878.32235061,-1.551
46.1343316709489,-73.0200869664227,119,78,652936.657942063,5110878.32235074,-0.06
46.13428680521,-73.0174993437793,119,79,653136.657942064,5110878.32235075,-0.099
46.1342418809295,-73.0149117272901,119,80,653336.657942064,5110878.32235077,-0.706
46.1341968981077,-73.012324116963,119,81,653536.657942066,5110878.32235078,-0.271
46.133925771832,-72.9967985848554,119,87,654736.657942067,5110878.32235087,-0.078
46.1338803792319,-72.9942110178879,119,88,654936.657942069,5110878.32235088,-0.611
46.1338349280934,-72.9916234571467,119,89,655136.657942071,5110878.3223509,-1.936
46.133789418417,-72.9890359026398,119,90,655336.65794207,5110878.32235091,-0.816
46.1337438502031,-72.9864483543751,119,91,655536.657942071,5110878.32235092,-0.098
46.1336982234519,-72.9838608123606,119,92,655736.657942071,5110878.32235094,-0.11
46.1336525381639,-72.9812732766045,119,93,655936.657942071,5110878.32235096,-0.143
46.1336067943394,-72.9786857471146,119,94,656136.657942074,5110878.32235097,-1.882
46.1335609919788,-72.976098223899,119,95,656336.657942071,5110878.32235098,-1.721
46.1335151310825,-72.9735107069656,119,96,656536.657942072,5110878.322351,-1.322
46.1334692116508,-72.9709231963226,119,97,656736.657942075,5110878.32235101,-3.472
46.133423233684,-72.9683356919778,119,98,656936.657942076,5110878.32235103,-1.897
46.1333771971827,-72.9657481939394,119,99,657136.657942073,5110878.32235104,-1.161
46.1333311021471,-72.9631607022152,119,100,657336.657942074,5110878.32235106,-0.938
46.1332849485776,-72.9605732168134,119,101,657536.657942073,5110878.32235107,-1.604
46.1332387364746,-72.9579857377419,119,102,657736.657942076,5110878.32235109,-8.648
46.1331924658384,-72.9553982650086,119,103,657936.657942079,5110878.3223511,-14.068
46.1331461366695,-72.9528107986217,119,104,658136.657942075,5110878.32235111,-14.428
46.1330997489681,-72.9502233385892,119,105,658336.657942077,5110878.32235113,-9.468
46.1330533027348,-72.9476358849189,119,106,658536.657942079,5110878.32235114,-5.213
46.1330067979697,-72.945048437619,119,107,658736.657942078,5110878.32235116,-4.879
46.1329602346734,-72.9424609966974,119,108,658936.657942078,5110878.32235117,-4.273
46.1329136128462,-72.9398735621621,119,109,659136.657942081,5110878.32235119,-3.3
46.1328669324885,-72.9372861340212,119,110,659336.65794208,5110878.3223512,-4.252
46.1328201936006,-72.9346987122826,119,111,659536.65794208,5110878.32235122,-4.126
46.132773396183,-72.9321112969544,119,112,659736.657942082,5110878.32235123,-2.869
46.1327265402359,-72.9295238880445,119,113,659936.657942083,5110878.32235124,-1.574
46.1326796257598,-72.9269364855609,119,114,660136.657942083,5110878.32235126,-0.626
46.1326326527551,-72.9243490895117,119,115,660336.657942085,5110878.32235127,-0.154
46.1325856212221,-72.9217616999049,119,116,660536.657942085,5110878.32235129,-0.058
46.1325385311612,-72.9191743167484,119,117,660736.657942083,5110878.3223513,-0.154
46.1324913825727,-72.9165869400503,119,118,660936.657942086,5110878.32235132,-0.239
46.1324441754572,-72.9139995698185,119,119,661136.657942085,5110878.32235133,-0.272
46.1323969098149,-72.9114122060611,119,120,661336.657942087,5110878.32235134,-0.313
46.1323495856463,-72.9088248487861,119,121,661536.657942087,5110878.32235136,-0.31
46.1323022029516,-72.9062374980014,119,122,661736.657942087,5110878.32235137,-0.373
46.1322547617314,-72.9036501537151,119,123,661936.657942088,5110878.32235139,-0.426
46.1322072619859,-72.9010628159351,119,124,662136.657942086,5110878.3223514,-0.481
46.1321597037156,-72.8984754846695,119,125,662336.657942087,5110878.32235142,-0.564
46.1321120869208,-72.8958881599263,119,126,662536.657942091,5110878.32235143,-0.684
46.1320644116019,-72.8933008417135,119,127,662736.657942088,5110878.32235145,-0.865
46.1320166777593,-72.890713530039,119,128,662936.65794209,5110878.32235146,-1.1
46.1319688853935,-72.8881262249109,119,129,663136.657942094,5110878.32235147,-1.387
46.1319210345047,-72.8855389263372,119,130,663336.657942093,5110878.32235149,-1.548
46.1318731250933,-72.8829516343258,119,131,663536.657942092,5110878.3223515,-1.34
46.1318251571598,-72.8803643488848,119,132,663736.657942095,5110878.32235152,-0.771
46.1317771307046,-72.8777770700222,119,133,663936.657942092,5110878.32235153,-0.479
46.1317290457279,-72.875189797746,119,134,664136.657942095,5110878.32235155,-0.163
46.1316809022303,-72.8726025320641,119,135,664336.657942097,5110878.32235156,-0.08
46.131632700212,-72.8700152729846,119,136,664536.657942095,5110878.32235158,-0.229
46.1315844396736,-72.8674280205155,119,137,664736.657942098,5110878.32235159,-0.297
46.1315361206153,-72.8648407746648,119,138,664936.657942098,5110878.3223516,-0.262
46.1314877430375,-72.8622535354404,119,139,665136.657942096,5110878.32235162,-0.348
46.1314393069407,-72.8596663028504,119,140,665336.657942098,5110878.32235163,-0.501
46.1313908123253,-72.8570790769027,119,141,665536.657942099,5110878.32235165,-0.344
46.1313422591915,-72.8544918576055,119,142,665736.657942101,5110878.32235166,-0.179
46.1312936475399,-72.8519046449666,119,143,665936.6579421,5110878.32235168,-0.137
46.1312449773708,-72.849317438994,119,144,666136.657942101,5110878.32235169,-0.075
46.1341087970119,-73.1133068729452,120,42,645736.65794206,5110678.32235022,-0.626
46.134066041676,-73.1107191182598,120,43,645936.657942058,5110678.32235023,-3.196
46.1340232277895,-73.1081313694396,120,44,646136.657942059,5110678.32235024,-1.655
46.1334176857549,-73.0719035062864,120,58,648936.657942068,5110678.32235045,-1.781
46.1333739936504,-73.0693158464051,120,59,649136.657942067,5110678.32235046,-3.299
46.1333302430008,-73.0667281925171,120,60,649336.657942069,5110678.32235048,-2.772
46.1332864338066,-73.0641405446304,120,61,649536.657942068,5110678.32235049,-1.441
46.1331986397853,-73.0589652668931,120,63,649936.65794207,5110678.32235052,-1.304
46.133154654959,-73.0563776370585,120,64,650136.657942068,5110678.32235053,-2.053
46.1331106115894,-73.0537900132572,120,65,650336.657942073,5110678.32235055,-1.753
46.1330665096769,-73.0512023954974,120,66,650536.657942069,5110678.32235056,-1.365
46.1329781302244,-73.0460271781338,120,68,650936.657942072,5110678.32235059,-4.079
46.1325775249063,-73.0227390011595,120,77,652736.657942079,5110678.32235072,-0.023
46.1325327205062,-73.0201514565206,120,78,652936.657942077,5110678.32235074,-0.038
46.1324878575679,-73.0175639180273,120,79,653136.657942077,5110678.32235075,-0.026
46.1321268467257,-72.9968638322774,120,87,654736.657942082,5110678.32235087,-0.255
46.132081456959,-72.9942763494534,120,88,654936.657942082,5110678.32235088,-2.184
46.1320360086576,-72.9916888728549,120,89,655136.657942085,5110678.32235089,-1.349
46.131990501822,-72.9891014024899,120,90,655336.657942082,5110678.32235091,-0.068
46.1318536301128,-72.9813390288762,120,93,655936.657942087,5110678.32235095,-1.365
46.1318078891436,-72.9787515835253,120,94,656136.657942084,5110678.32235097,-2.427
46.131762089642,-72.976164144448,120,95,656336.657942085,5110678.32235098,-1.244
46.1317162316082,-72.9735767116522,120,96,656536.657942088,5110678.322351,-1.605
46.1316703150428,-72.970989285146,120,97,656736.65794209,5110678.32235101,-2.954
46.131624339946,-72.9684018649373,120,98,656936.657942088,5110678.32235103,-1.532
46.1315783063182,-72.9658144510342,120,99,657136.657942087,5110678.32235104,-0.988
46.1315322141597,-72.9632270434446,120,100,657336.657942088,5110678.32235105,-0.996
46.1314860634711,-72.9606396421766,120,101,657536.657942088,5110678.32235107,-2.063
46.1314398542526,-72.9580522472381,120,102,657736.657942089,5110678.32235108,-11.228
46.1313935865045,-72.9554648586372,120,103,657936.657942091,5110678.3223511,-14.358
46.1313472602274,-72.9528774763819,120,104,658136.657942091,5110678.32235111,-14.248
46.1313008754215,-72.9502901004801,120,105,658336.657942091,5110678.32235113,-9.008
46.1312544320872,-72.94770273094,120,106,658536.657942092,5110678.32235114,-5.876
46.1312079302249,-72.9451153677694,120,107,658736.657942094,5110678.32235115,-5.132
46.131161369835,-72.9425280109763,120,108,658936.657942094,5110678.32235117,-4.663
46.1311147509178,-72.9399406605689,120,109,659136.657942094,5110678.32235118,-4.793
46.1310680734738,-72.937353316555,120,110,659336.657942094,5110678.3223512,-4.622
46.1310213375032,-72.9347659789427,120,111,659536.657942096,5110678.32235121,-3.529
46.1309745430065,-72.9321786477401,120,112,659736.657942096,5110678.32235123,-1.658
46.1309276899841,-72.929591322955,120,113,659936.657942096,5110678.32235124,-1.049
46.1308807784363,-72.9270040045954,120,114,660136.657942099,5110678.32235126,-0.559
46.1308338083635,-72.9244166926695,120,115,660336.657942097,5110678.32235127,-0.074
46.130786779766,-72.9218293871852,120,116,660536.6579421,5110678.32235128,-0.092
46.1307396926443,-72.9192420881505,120,117,660736.657942098,5110678.3223513,-0.107
46.1306925469988,-72.9166547955733,120,118,660936.657942101,5110678.32235131,-0.163
46.1306453428298,-72.9140675094618,120,119,661136.6579421,5110678.32235133,-0.131
46.1305980801376,-72.9114802298238,120,120,661336.657942101,5110678.32235134,-0.218
46.1305507589228,-72.9088929566675,120,121,661536.657942101,5110678.32235136,-0.292
46.1305033791856,-72.9063056900007,120,122,661736.6579421,5110678.32235137,-0.346
46.1304559409265,-72.9037184298316,120,123,661936.657942104,5110678.32235139,-0.42
46.1304084441457,-72.901131176168,120,124,662136.657942105,5110678.3223514,-0.503
46.1303608888438,-72.898543929018,120,125,662336.657942103,5110678.32235142,-0.557
46.1303132750211,-72.8959566883897,120,126,662536.657942106,5110678.32235143,-0.688
46.1302656026779,-72.8933694542909,120,127,662736.657942103,5110678.32235145,-0.899
46.1302178718147,-72.8907822267298,120,128,662936.657942105,5110678.32235146,-1.25
46.1301700824318,-72.8881950057142,120,129,663136.657942104,5110678.32235147,-1.309
46.1301222345297,-72.8856077912522,120,130,663336.657942106,5110678.32235149,-0.896
46.1300743281086,-72.8830205833519,120,131,663536.657942106,5110678.3223515,-0.582
46.130026363169,-72.8804333820211,120,132,663736.65794211,5110678.32235152,-0.301
46.1299783397114,-72.8778461872679,120,133,663936.657942107,5110678.32235153,-0.175
46.1299302577359,-72.8752589991003,120,134,664136.657942108,5110678.32235155,-0.138
46.1298821172432,-72.8726718175263,120,135,664336.657942111,5110678.32235156,-0.048
46.1298339182335,-72.8700846425539,120,136,664536.65794211,5110678.32235157,-0.099
46.1297856607072,-72.8674974741911,120,137,664736.657942111,5110678.32235159,-0.165
46.1297373446647,-72.8649103124459,120,138,664936.657942112,5110678.32235161,-0.13
46.1296889701064,-72.8623231573263,120,139,665136.65794211,5110678.32235162,-0.113
46.1296405370327,-72.8597360088402,120,140,665336.657942114,5110678.32235163,-0.112
46.129592045444,-72.8571488669958,120,141,665536.657942115,5110678.32235165,-0.164
46.1295434953407,-72.8545617318009,120,142,665736.657942116,5110678.32235166,-0.111
46.1294948867231,-72.8519746032636,120,143,665936.657942115,5110678.32235168,-0.048
46.1323097475479,-73.1133683273085,121,42,645736.657942075,5110478.32235022,-2.265
46.132266994881,-73.1107806567907,121,43,645936.657942074,5110478.32235023,-3.347
46.1316623102678,-73.0745538889567,121,57,648736.657942082,5110478.32235043,-5.778
46.1316186794325,-73.0719663072471,121,58,648936.65794208,5110478.32235045,-3.875
46.1315749900554,-73.0693787315221,121,59,649136.657942083,5110478.32235046,-2.123
46.1313996471363,-73.0590284886285,121,63,649936.657942085,5110478.32235052,-0.81
46.1313556650557,-73.0564409429468,121,64,650136.657942085,5110478.32235053,-1.057
46.1311791513401,-73.0460908206262,121,68,650936.657942084,5110478.32235059,-3.904
46.1303279209793,-72.9969290734819,121,87,654736.657942096,5110478.32235087,-1.796
46.1302825340458,-72.9943416747933,121,88,654936.657942098,5110478.32235088,-1.496
46.1302370885813,-72.9917542823296,121,89,655136.657942096,5110478.3223509,-0.118
46.1301460220607,-72.9865795161084,121,91,655536.657942099,5110478.32235093,-0.576
46.1301004010053,-72.983992142367,121,92,655736.657942099,5110478.32235094,-1.98
46.1300547214204,-72.9814047748823,121,93,655936.6579421,5110478.32235095,-2.65
46.1300089833064,-72.9788174136625,121,94,656136.657942101,5110478.32235097,-1.757
46.1299631866635,-72.9762300587155,121,95,656336.657942101,5110478.32235098,-1.005
46.1299173314921,-72.9736427100492,121,96,656536.657942101,5110478.322351,-2.477
46.1298714177927,-72.9710553676718,121,97,656736.657942101,5110478.32235101,-1.872
46.1298254455656,-72.9684680315912,121,98,656936.657942103,5110478.32235102,-1.226
46.1297794148112,-72.9658807018154,121,99,657136.657942103,5110478.32235104,-0.865
46.1297333255298,-72.9632933783524,121,100,657336.657942103,5110478.32235105,-1.048
46.1296871777218,-72.9607060612102,121,101,657536.657942103,5110478.32235107,-2.436
46.1296409713876,-72.9581187503968,121,102,657736.657942105,5110478.32235108,-13.408
46.1295947065275,-72.9555314459202,121,103,657936.657942105,5110478.3223511,-14.638
46.1295483831419,-72.9529441477885,121,104,658136.657942105,5110478.32235111,-12.588
46.1295020012313,-72.9503568560096,121,105,658336.657942105,5110478.32235113,-8.878
46.1294555607959,-72.9477695705915,121,106,658536.657942107,5110478.32235114,-6.47
46.1294090618362,-72.9451822915422,121,107,658736.657942107,5110478.32235116,-6.022
46.1293625043524,-72.9425950188697,121,108,658936.657942106,5110478.32235117,-5.396
46.1293158883451,-72.9400077525821,121,109,659136.65794211,5110478.32235119,-4.588
46.1292692138146,-72.9374204926873,121,110,659336.657942111,5110478.3223512,-2.585
46.1292224807611,-72.9348332391933,121,111,659536.657942109,5110478.32235121,-1.225
46.1291756891852,-72.9322459921082,121,112,659736.657942111,5110478.32235123,-0.834
46.1291288390872,-72.9296587514399,121,113,659936.657942113,5110478.32235124,-1.205
46.1290819304675,-72.9270715171964,121,114,660136.657942111,5110478.32235126,-1.152
46.1290349633264,-72.9244842893857,121,115,660336.65794211,5110478.32235127,-0.119
46.1289879376644,-72.9218970680159,121,116,660536.657942112,5110478.32235128,-0.062
46.1289408534817,-72.9193098530949,121,117,660736.657942113,5110478.3223513,-0.054
46.1288937107788,-72.9167226446308,121,118,660936.657942115,5110478.32235131,-0.05
46.1288465095561,-72.9141354426314,121,119,661136.657942117,5110478.32235133,-0.058
46.128799249814,-72.911548247105,121,120,661336.657942113,5110478.32235134,-0.115
46.1287519315528,-72.9089610580593,121,121,661536.657942115,5110478.32235136,-0.111
46.1287045547728,-72.9063738755025,121,122,661736.657942117,5110478.32235137,-0.079
46.1286571194746,-72.9037866994425,121,123,661936.657942118,5110478.32235139,-0.294
46.1286096256584,-72.9011995298873,121,124,662136.657942117,5110478.3223514,-0.49
46.1285620733247,-72.898612366845,121,125,662336.657942117,5110478.32235141,-0.635
46.1285144624738,-72.8960252103235,121,126,662536.65794212,5110478.32235143,-0.849
46.1284667931062,-72.8934380603308,121,127,662736.657942117,5110478.32235144,-1.174
46.1284190652221,-72.8908509168749,121,128,662936.657942119,5110478.32235146,-1.101
46.128371278822,-72.8882637799639,121,129,663136.657942121,5110478.32235147,-0.607
46.1283234339063,-72.8856766496057,121,130,663336.65794212,5110478.32235149,-0.463
46.1282755304754,-72.8830895258083,121,131,663536.657942121,5110478.3223515,-0.22
46.1282275685295,-72.8805024085797,121,132,663736.657942125,5110478.32235152,-0.115
46.1279385680642,-72.8649798436015,121,138,664936.657942126,5110478.3223516,-0.008
46.1305533889061,-73.1160173680293,122,41,645536.657942088,5110278.3223502,-0.285
46.1305106974516,-73.1134297758152,122,42,645736.65794209,5110278.32235021,-3.304
46.1304679474535,-73.110842189457,122,43,645936.657942089,5110278.32235023,-1.458
46.1299503811947,-73.0797916128244,122,55,648336.657942095,5110278.32235041,-1.838
46.1299068701602,-73.07720410332,122,56,648536.657942094,5110278.32235042,-2.204
46.1298633005869,-73.0746165997837,122,57,648736.657942097,5110278.32235043,-4.579
46.1298196724751,-73.0720291022231,122,58,648936.657942093,5110278.32235045,-0.965
46.1296445746503,-73.0616791719002,122,62,649736.657942096,5110278.3223505,-0.991
46.1296006538515,-73.0590917043393,122,63,649936.657942099,5110278.32235052,-1.048
46.129380171819,-73.0461544570539,122,68,650936.657942101,5110278.32235059,-4.79
46.1286195872099,-73.0021689562319,122,85,654336.657942111,5110278.32235084,-0.148
46.1285743201653,-72.9995816292467,122,86,654536.657942111,5110278.32235085,-2.003
46.1285289945926,-72.9969943084696,122,87,654736.657942112,5110278.32235087,-3.84
46.1284381678643,-72.9918196855715,122,89,655136.657942113,5110278.32235089,-0.565
46.1283926667095,-72.9892323834665,122,90,655336.657942113,5110278.32235091,-1.687
46.128347107028,-72.9866450876015,122,91,655536.657942112,5110278.32235092,-2.699
46.1283014888203,-72.9840577979846,122,92,655736.657942116,5110278.32235094,-3.221
46.1282558120867,-72.9814705146237,122,93,655936.657942115,5110278.32235095,-1.831
46.1282100768276,-72.9788832375269,122,94,656136.657942116,5110278.32235097,-0.919
46.1281642830433,-72.9762959667022,122,95,656336.657942114,5110278.32235098,-1.725
46.1281184307341,-72.9737087021575,122,96,656536.657942117,5110278.32235099,-1.949
46.1280725199006,-72.9711214439009,122,97,656736.657942119,5110278.32235101,-1.158
46.128026550543,-72.9685341919403,122,98,656936.657942119,5110278.32235103,-1.02
46.1279805226618,-72.9659469462838,122,99,657136.657942115,5110278.32235104,-0.886
46.1279344362572,-72.9633597069393,122,100,657336.657942117,5110278.32235105,-1.235
46.1278882913297,-72.960772473915,122,101,657536.65794212,5110278.32235107,-3.762
46.1278420878796,-72.9581852472187,122,102,657736.657942118,5110278.32235108,-14.338
46.1277958259073,-72.9555980268584,122,103,657936.657942119,5110278.3223511,-14.988
46.1277495054131,-72.9530108128423,122,104,658136.657942122,5110278.32235111,-12.088
46.1277031263975,-72.9504236051782,122,105,658336.657942121,5110278.32235113,-8.898
46.1276566888609,-72.9478364038741,122,106,658536.65794212,5110278.32235114,-8.548
46.1276101928035,-72.9452492089382,122,107,658736.657942121,5110278.32235115,-5.868
46.1275636382258,-72.9426620203783,122,108,658936.657942123,5110278.32235117,-4.228
46.1275170251281,-72.9400748382025,122,109,659136.657942125,5110278.32235118,-1.842
46.1274703535108,-72.9374876624187,122,110,659336.657942125,5110278.3223512,-0.682
46.1274236233744,-72.9349004930351,122,111,659536.657942124,5110278.32235121,-0.303
46.1273768347191,-72.9323133300595,122,112,659736.657942126,5110278.32235123,-0.374
46.1273299875453,-72.9297261734999,122,113,659936.657942125,5110278.32235124,-0.737
46.1272830818535,-72.9271390233645,122,114,660136.657942124,5110278.32235126,-1.586
46.1272361176439,-72.9245518796611,122,115,660336.657942125,5110278.32235127,-0.084
46.1271890949171,-72.9219647423978,122,116,660536.657942125,5110278.32235128,-0.088
46.1271420136733,-72.9193776115826,122,117,660736.657942128,5110278.3223513,-0.08
46.1270948739129,-72.9167904872234,122,118,660936.657942128,5110278.32235131,-0.07
46.1270476756363,-72.9142033693283,122,119,661136.657942128,5110278.32235133,-0.053
46.1270004188439,-72.9116162579053,122,120,661336.65794213,5110278.32235134,-0.109
46.1269531035361,-72.9090291529623,122,121,661536.65794213,5110278.32235136,-0.159
46.1269057297133,-72.9064420545074,122,122,661736.657942129,5110278.32235137,-0.252
46.1268582973758,-72.9038549625486,122,123,661936.657942132,5110278.32235139,-0.501
46.126810806524,-72.9012678770938,122,124,662136.657942132,5110278.3223514,-0.724
46.1267632571583,-72.898680798151,122,125,662336.657942132,5110278.32235141,-0.902
46.1267156492791,-72.8960937257284,122,126,662536.657942135,5110278.32235143,-1.156
46.1266679828867,-72.8935066598338,122,127,662736.657942136,5110278.32235144,-1.154
46.1266202579816,-72.8909196004752,122,128,662936.657942136,5110278.32235146,-0.542
46.1265724745641,-72.8883325476607,122,129,663136.657942135,5110278.32235147,-0.328
46.1265246326347,-72.8857455013983,122,130,663336.657942136,5110278.32235149,-0.239
46.1264767321936,-72.8831584616959,122,131,663536.657942137,5110278.3223515,-0.108
46.1287543355127,-73.116078726528,123,41,645536.657942102,5110078.3223502,-0.761
46.1287116467232,-73.1134912184662,123,42,645736.657942105,5110078.32235022,-3.729
46.128194815226,-73.0824415807122,123,54,648136.65794211,5110078.32235039,-2.145
46.1281513654431,-73.0798541493912,123,55,648336.657942106,5110078.3223504,-2.08
46.1281078571247,-73.0772667240294,123,56,648536.65794211,5110078.32235042,-3.194
46.1280642902711,-73.0746793046347,123,57,648736.65794211,5110078.32235043,-2.215
46.1280206648827,-73.0720918912153,123,58,648936.657942112,5110078.32235045,-1.63
46.1279769809598,-73.0695044837791,123,59,649136.65794211,5110078.32235046,-1.328
46.1279332385029,-73.066917082334,123,60,649336.657942112,5110078.32235048,-0.748
46.1278894375121,-73.0643296868882,123,61,649536.657942111,5110078.32235049,-1.064
46.1278455779879,-73.0617422974496,123,62,649736.65794211,5110078.3223505,-0.748
46.1275811916611,-73.0462180874176,123,68,650936.657942113,5110078.32235059,-10.228
46.127536922413,-73.0436307402537,123,69,651136.657942114,5110078.32235061,-4.335
46.1269110073916,-73.0074085210809,123,83,653936.657942121,5110078.32235081,-2.218
46.1268658602225,-73.0048212658261,123,84,654136.657942126,5110078.32235083,-1.989
46.1268206545283,-73.0022340167625,123,85,654336.657942123,5110078.32235084,-1.446
46.1267753903092,-72.9996467738982,123,86,654536.657942126,5110078.32235085,-2.43
46.1267300675657,-72.9970595372413,123,87,654736.657942123,5110078.32235087,-1.092
46.1266846862981,-72.9944723067996,123,88,654936.657942127,5110078.32235088,-1.948
46.1266392465068,-72.9918850825813,123,89,655136.657942124,5110078.3223509,-2.992
46.1265937481921,-72.9892978645943,123,90,655336.657942126,5110078.32235091,-3.754
46.1265481913544,-72.9867106528466,123,91,655536.657942127,5110078.32235092,-2.578
46.1265025759942,-72.9841234473461,123,92,655736.657942127,5110078.32235094,-1.414
46.1264569021117,-72.9815362481011,123,93,655936.657942126,5110078.32235095,-0.488
46.1264111697073,-72.9789490551193,123,94,656136.657942127,5110078.32235097,-1.161
46.1263653787814,-72.9763618684088,123,95,656336.65794213,5110078.32235098,-0.795
46.1263195293343,-72.9737746879777,123,96,656536.657942128,5110078.322351,-0.472
46.1262736213665,-72.9711875138338,123,97,656736.657942129,5110078.32235101,-0.763
46.1262276548782,-72.9686003459853,123,98,656936.657942131,5110078.32235102,-0.768
46.1261816298699,-72.9660131844401,123,99,657136.657942131,5110078.32235104,-0.732
46.126135546342,-72.9634260292062,123,100,657336.657942133,5110078.32235105,-1.975
46.1260894042948,-72.9608388802917,123,101,657536.657942134,5110078.32235107,-12.588
46.1260432037286,-72.9582517377045,123,102,657736.657942135,5110078.32235108,-15.308
46.1259969446439,-72.9556646014525,123,103,657936.657942133,5110078.3223511,-15.108
46.125950627041,-72.9530774715439,123,104,658136.657942133,5110078.32235111,-10.668
46.1259042509202,-72.9504903479867,123,105,658336.657942135,5110078.32235113,-9.188
46.1258578162821,-72.9479032307887,123,106,658536.657942137,5110078.32235114,-8.388
46.1258113231269,-72.9453161199581,123,107,658736.657942135,5110078.32235115,-4.359
46.125764771455,-72.9427290155028,123,108,658936.657942138,5110078.32235117,-1.704
46.1257181612668,-72.9401419174308,123,109,659136.657942138,5110078.32235118,-0.563
46.1256714925626,-72.9375548257501,123,110,659336.657942137,5110078.3223512,-0.228
46.125577979608,-72.9323806615947,123,112,659736.657942137,5110078.32235123,-0.436
46.1255311353584,-72.9297935891359,123,113,659936.65794214,5110078.32235124,-0.697
46.1254842325942,-72.9272065231005,123,114,660136.65794214,5110078.32235126,-1.293
46.125437271316,-72.9246194634964,123,115,660336.657942142,5110078.32235127,-0.05
46.1253902515242,-72.9220324103316,123,116,660536.657942143,5110078.32235129,-0.05
46.125343173219,-72.9194453636141,123,117,660736.657942143,5110078.3223513,-0.05
46.1252960364009,-72.9168583233519,123,118,660936.657942144,5110078.32235131,-0.053
46.1252488410703,-72.9142712895531,123,119,661136.657942145,5110078.32235133,-0.144
46.1252015872275,-72.9116842622255,123,120,661336.657942145,5110078.32235134,-0.24
46.125154274873,-72.9090972413772,123,121,661536.657942146,5110078.32235136,-0.347
46.125106904007,-72.9065102270162,123,122,661736.657942146,5110078.32235137,-0.499
46.12505947463,-72.9039232191506,123,123,661936.657942145,5110078.32235138,-0.671
46.1250119867424,-72.9013362177882,123,124,662136.657942145,5110078.3223514,-0.823
46.1249644403445,-72.8987492229371,123,125,662336.657942146,5110078.32235142,-1.017
46.1249168354368,-72.8961622346053,123,126,662536.657942147,5110078.32235143,-1.113
46.1248691720196,-72.8935752528008,123,127,662736.657942147,5110078.32235144,-0.62
46.1248214500932,-72.8909882775315,123,128,662936.657942149,5110078.32235146,-0.258
46.1247736696582,-72.8884013088056,123,129,663136.65794215,5110078.32235147,-0.177
46.1247258307148,-72.8858143466309,123,130,663336.657942151,5110078.32235149,-0.102
46.1269979090751,-73.1187275089437,124,40,645336.657942116,5109878.32235019,-0.553
46.1269552814872,-73.1161400791797,124,41,645536.657942115,5109878.3223502,-2.289
46.1269125953625,-73.1135526552621,124,42,645736.657942117,5109878.32235022,-2.829
46.1264391846661,-73.085091380321,124,53,647936.657942124,5109878.32235037,-2.065
46.1263957961277,-73.0825040271847,124,54,648136.657942123,5109878.32235039,-1.838
46.1263088434545,-73.0773293387715,124,56,648536.657942121,5109878.32235042,-2.356
46.1262652793205,-73.0747420035106,124,57,648736.657942125,5109878.32235043,-1.728
46.1261779754593,-73.0695673509204,124,59,649136.657942127,5109878.32235046,-1.612
46.1261342357328,-73.066980033607,124,60,649336.657942126,5109878.32235048,-1.559
46.1260904374762,-73.0643927222921,124,61,649536.657942127,5109878.32235049,-0.238
46.1257822108665,-73.0462817117181,124,68,650936.657942131,5109878.32235059,-1.998
46.1257379443817,-73.0436944486794,124,69,651136.657942129,5109878.32235061,-8.878
46.1256936193699,-73.0411071917112,124,70,651336.65794213,5109878.32235062,-3.538
46.1252021815663,-73.0126477680048,124,81,653536.657942135,5109878.32235078,-0.218
46.1251571542594,-73.0100605845072,124,82,653736.657942137,5109878.32235079,-1.938
46.1251120684303,-73.0074734071842,124,83,653936.657942136,5109878.32235081,-1.952
46.1250669240793,-73.0048862360437,124,84,654136.657942137,5109878.32235082,-0.098
46.1249764598131,-72.9997119123424,124,86,654536.657942141,5109878.32235085,-1.112
46.1249311398986,-72.9971247597977,124,87,654736.657942142,5109878.32235087,-2.794
46.1248857614636,-72.9945376134675,124,88,654936.65794214,5109878.32235088,-3.522
46.1248403245087,-72.9919504733599,124,89,655136.657942141,5109878.3223509,-2.69
46.124794829034,-72.9893633394828,124,90,655336.657942142,5109878.32235091,-1.544
46.1247492750399,-72.9867762118443,124,91,655536.657942143,5109878.32235092,-0.278
46.1247036625269,-72.9841890904524,124,92,655736.657942141,5109878.32235094,-0.618
46.1246579914953,-72.9816019753151,124,93,655936.657942145,5109878.32235095,-0.97
46.1246122619455,-72.9790148664403,124,94,656136.657942144,5109878.32235097,-0.365
46.1245664738778,-72.9764277638361,124,95,656336.657942143,5109878.32235098,-0.198
46.1245206272926,-72.9738406675105,124,96,656536.657942146,5109878.32235099,-0.478
46.1244747221903,-72.9712535774715,124,97,656736.657942143,5109878.32235101,-0.384
46.1244287585712,-72.968666493727,124,98,656936.657942146,5109878.32235102,-0.477
46.1243827364357,-72.9660794162852,124,99,657136.657942148,5109878.32235104,-1.036
46.1243366557842,-72.9634923451538,124,100,657336.657942146,5109878.32235105,-4.377
46.1242905166171,-72.9609052803411,124,101,657536.657942148,5109878.32235107,-13.998
46.1242443189346,-72.9583182218549,124,102,657736.657942148,5109878.32235108,-15.298
46.1241980627373,-72.9557311697034,124,103,657936.657942149,5109878.3223511,-14.858
46.1241517480254,-72.9531441238943,124,104,658136.65794215,5109878.32235111,-9.868
46.1241053747994,-72.9505570844359,124,105,658336.65794215,5109878.32235113,-9.168
46.1240589430596,-72.947970051336,124,106,658536.65794215,5109878.32235114,-5.046
46.1240124528064,-72.9453830246027,124,107,658736.657942152,5109878.32235115,-1.81
46.1239659040401,-72.9427960042439,124,108,658936.657942151,5109878.32235117,-0.477
46.1237322825263,-72.9298609983486,124,113,659936.657942153,5109878.32235124,-1.417
46.1236853826897,-72.9272740164052,124,114,660136.657942157,5109878.32235126,-1.623
46.1236384243427,-72.9246870408924,124,115,660336.657942156,5109878.32235127,-0.473
46.1235914074857,-72.9221000718181,124,116,660536.657942157,5109878.32235129,-0.04
46.123544332119,-72.9195131091904,124,117,660736.657942158,5109878.3223513,-0.03
46.123497198243,-72.9169261530172,124,118,660936.657942155,5109878.32235131,-0.023
46.1234500058581,-72.9143392033065,124,119,661136.657942157,5109878.32235133,-0.096
46.1234027549647,-72.9117522600664,124,120,661336.657942157,5109878.32235134,-0.299
46.1233554455632,-72.9091653233048,124,121,661536.657942159,5109878.32235136,-0.493
46.123308077654,-72.9065783930298,124,122,661736.657942159,5109878.32235137,-0.631
46.1232606512373,-72.9039914692493,124,123,661936.657942163,5109878.32235139,-0.674
46.1232131663137,-72.9014045519713,124,124,662136.657942162,5109878.3223514,-0.708
46.1231656228834,-72.8988176412038,124,125,662336.657942162,5109878.32235142,-0.937
46.123118020947,-72.8962307369549,124,126,662536.657942162,5109878.32235143,-0.681
46.1230703605047,-72.8936438392324,124,127,662736.657942164,5109878.32235144,-0.279
46.1230226415569,-72.8910569480445,124,128,662936.657942163,5109878.32235146,-0.131
46.1229748641041,-72.8884700633991,124,129,663136.657942165,5109878.32235147,-0.08
46.1252414181501,-73.1213761230768,125,39,645136.65794213,5109678.32235017,-1.418
46.1251988517566,-73.118788771612,125,40,645336.65794213,5109678.32235019,-1.778
46.1251562268296,-73.116201425985,125,41,645536.65794213,5109678.3223502,-2.901
46.1251135433696,-73.1136140862036,125,42,645736.65794213,5109678.32235022,-2.273
46.1246834895261,-73.0877410116654,125,52,647736.657942135,5109678.32235036,-2.568
46.124640162225,-73.0851537367152,125,53,647936.657942137,5109678.32235038,-1.881
46.1245098291497,-73.0773919475472,125,56,648536.657942139,5109678.32235042,-1.714
46.1244662677351,-73.0748046964121,125,57,648736.657942138,5109678.32235043,-1.931
46.1239389657134,-73.0437581510346,125,69,651136.657942144,5109678.32235061,-3.605
46.1238946434685,-73.0411709781829,125,70,651336.657942145,5109678.32235062,-10.348
46.123448202318,-73.0152995852661,125,80,653336.657942153,5109678.32235077,-2
46.1234032363407,-73.0127124797106,125,81,653536.65794215,5109678.32235078,-2.161
46.1233582118444,-73.0101253803208,125,82,653736.65794215,5109678.32235079,-1.746
46.1232227872454,-73.0023641192265,125,85,654336.657942152,5109678.32235084,-2.348
46.1231775286769,-72.9997770445801,125,86,654536.657942152,5109678.32235085,-4.091
46.1231322115913,-72.9971899761395,125,87,654736.657942152,5109678.32235087,-2.68
46.1230868359888,-72.9946029139127,125,88,654936.657942155,5109678.32235088,-0.932
46.12304140187,-72.9920158579078,125,89,655136.657942155,5109678.3223509,-0.421
46.1229959092351,-72.9894288081327,125,90,655336.657942157,5109678.32235091,-0.038
46.1229503580845,-72.9868417645955,125,91,655536.657942158,5109678.32235092,-0.276
46.1229047484185,-72.9842547273041,125,92,655736.657942157,5109678.32235094,-0.241
46.1228590802377,-72.9816676962665,125,93,655936.657942157,5109678.32235095,-0.216
46.1228133535422,-72.9790806714908,125,94,656136.657942157,5109678.32235097,-0.028
46.1227675683325,-72.9764936529849,125,95,656336.657942159,5109678.32235098,-0.409
46.122721724609,-72.9739066407568,125,96,656536.65794216,5109678.32235099,-0.401
46.122675822372,-72.9713196348146,125,97,656736.657942159,5109678.32235101,-0.201
46.1226298616219,-72.9687326351662,125,98,656936.657942158,5109678.32235102,-0.444
46.122583842359,-72.9661456418196,125,99,657136.657942161,5109678.32235104,-2.935
46.1225377645838,-72.9635586547829,125,100,657336.657942162,5109678.32235105,-11.768
46.1224916282966,-72.9609716740639,125,101,657536.657942161,5109678.32235107,-15.418
46.1224454334977,-72.9583846996708,125,102,657736.657942162,5109678.32235108,-15.198
46.1223991801876,-72.9557977316116,125,103,657936.657942163,5109678.3223511,-14.138
46.1223528683666,-72.9532107698941,125,104,658136.657942163,5109678.32235111,-9.938
46.1223064980351,-72.9506238145265,125,105,658336.657942164,5109678.32235113,-5.21
46.1222600691934,-72.9480368655167,125,106,658536.657942163,5109678.32235114,-1.892
46.122213581842,-72.9454499228727,125,107,658736.657942167,5109678.32235116,-0.457
46.1219802674515,-72.9325153054199,125,112,659736.657942168,5109678.32235123,-1.106
46.1219334290493,-72.9299284011387,125,113,659936.657942169,5109678.32235124,-0.806
46.12188653214,-72.9273415032794,125,114,660136.657942168,5109678.32235126,-1.642
46.121839576724,-72.9247546118498,125,115,660336.65794217,5109678.32235127,-1.548
46.1217925628016,-72.9221677268581,125,116,660536.657942171,5109678.32235128,-0.603
46.1216039220556,-72.9118202514288,125,120,661336.657942172,5109678.32235134,-0.207
46.1215566156069,-72.9092333987459,125,121,661536.657942173,5109678.32235136,-0.371
46.1215092506542,-72.9066465525488,125,122,661736.657942173,5109678.32235137,-0.416
46.1214618271977,-72.9040597128455,125,123,661936.657942172,5109678.32235138,-0.442
46.1214143452379,-72.9014728796439,125,124,662136.657942175,5109678.3223514,-0.598
46.1213668047751,-72.898886052952,125,125,662336.657942177,5109678.32235142,-0.599
46.1213192058097,-72.896299232778,125,126,662536.657942175,5109678.32235143,-0.297
46.1212715483421,-72.8937124191296,125,127,662736.657942178,5109678.32235144,-0.135
46.1212238323727,-72.891125612015,125,128,662936.657942179,5109678.32235146,-0.044
46.1234848627489,-73.1240245689419,126,38,644936.657942142,5109478.32235016,-1.708
46.1234423575426,-73.1214372957778,126,39,645136.657942145,5109478.32235017,-2.126
46.1233997938062,-73.1188500284427,126,40,645336.657942146,5109478.32235019,-1.253
46.1233571715401,-73.1162627669445,126,41,645536.657942145,5109478.3223502,-3.031
46.1229277298172,-73.0903904747599,126,51,647536.657942149,5109478.32235034,-2.453
46.1228844637463,-73.0878032779972,126,52,647736.657942151,5109478.32235036,-2.541
46.1227543143815,-73.0800417233395,126,55,648336.657942153,5109478.3223504,-3.398
46.1227108142103,-73.0774545503571,126,56,648536.657942151,5109478.32235042,-2.145
46.1226672555148,-73.0748673833397,126,57,648736.657942152,5109478.32235043,-2.012
46.1220956669299,-73.0412347585768,126,70,651336.65794216,5109478.32235062,-9.418
46.1220512889324,-73.0386476759107,126,71,651536.657942161,5109478.32235064,-0.768
46.1217837920625,-73.0231253079813,126,77,652736.657942166,5109478.32235072,-0.683
46.1217390044401,-73.0205382680789,126,78,652936.657942165,5109478.32235074,-2.018
46.1216941583013,-73.0179512343177,126,79,653136.657942164,5109478.32235075,-1.887
46.1216492536464,-73.0153642067055,126,80,653336.657942166,5109478.32235076,-1.72
46.1216042904759,-73.0127771852505,126,81,653536.657942166,5109478.32235078,-1.438
46.1215141885893,-73.0076031608437,126,83,653936.657942166,5109478.32235081,-1.648
46.1214690498739,-73.005016157908,126,84,654136.657942165,5109478.32235082,-2.705
46.1214238526442,-73.0024291611614,126,85,654336.657942168,5109478.32235084,-4.385
46.1213785969007,-72.9998421706118,126,86,654536.657942168,5109478.32235085,-1.747
46.1213332826438,-72.9972551862674,126,87,654736.657942169,5109478.32235087,-0.47
46.1212879098736,-72.9946682081361,126,88,654936.657942169,5109478.32235088,-0.074
46.1212424785907,-72.9920812362259,126,89,655136.657942172,5109478.3223509,-0.08
46.1211969887954,-72.9894942705448,126,90,655336.65794217,5109478.32235091,-0.129
46.1211514404881,-72.9869073111008,126,91,655536.657942173,5109478.32235092,-0.177
46.121105833669,-72.9843203579019,126,92,655736.657942174,5109478.32235094,-0.105
46.1210144444975,-72.9791464702714,126,94,656136.657942173,5109478.32235097,-0.298
46.1209686621456,-72.9765595358558,126,95,656336.657942173,5109478.32235098,-0.471
46.1209228212836,-72.9739726077173,126,96,656536.657942174,5109478.322351,-0.308
46.1208769219117,-72.9713856858638,126,97,656736.657942175,5109478.32235101,-0.426
46.1208309640304,-72.9687987703035,126,98,656936.657942173,5109478.32235102,-2.363
46.12078494764,-72.9662118610442,126,99,657136.657942174,5109478.32235104,-10.058
46.1207388727408,-72.963624958094,126,100,657336.657942177,5109478.32235105,-13.658
46.1206927393333,-72.961038061461,126,101,657536.657942175,5109478.32235107,-15.708
46.1206465474178,-72.9584511711529,126,102,657736.657942177,5109478.32235108,-15.178
46.1206002969947,-72.955864287178,126,103,657936.657942176,5109478.3223511,-13.108
46.1205539880644,-72.9532774095441,126,104,658136.65794218,5109478.32235111,-5.753
46.1205076206272,-72.9506905382593,126,105,658336.657942178,5109478.32235113,-2.007
46.1204611946835,-72.9481036733316,126,106,658536.657942177,5109478.32235114,-0.451
46.1202281873807,-72.9351694443288,126,111,659536.657942183,5109478.32235121,-0.304
46.1201814104059,-72.9325826177114,126,112,659736.657942184,5109478.32235123,-1.091
46.1201345749273,-72.9299957975071,126,113,659936.657942183,5109478.32235124,-0.748
46.1200876809451,-72.9274089837238,126,114,660136.657942185,5109478.32235125,-0.528
46.1200407284599,-72.9248221763695,126,115,660336.657942186,5109478.32235127,-2.378
46.1199937174718,-72.9222353754522,126,116,660536.657942186,5109478.32235128,-1.268
46.1198050885001,-72.9118882363134,126,120,661336.657942188,5109478.32235134,-0.092
46.1197577850041,-72.9093014677012,126,121,661536.657942189,5109478.32235136,-0.112
46.1197104230076,-72.9067147055741,126,122,661736.657942189,5109478.32235137,-0.092
46.1196630025111,-72.9041279499399,126,123,661936.65794219,5109478.32235138,-0.228
46.1196155235149,-72.9015412008067,126,124,662136.657942191,5109478.3223514,-0.379
46.1195679860193,-72.8989544581825,126,125,662336.657942192,5109478.32235141,-0.264
46.1195203900249,-72.8963677220753,126,126,662536.657942192,5109478.32235143,-0.116
46.1194727355319,-72.893780992493,126,127,662736.657942192,5109478.32235144,-0.118
46.1217282428824,-73.1266728465539,127,37,644736.657942156,5109278.32235014,-1.924
46.1216857988563,-73.1240856516917,127,38,644936.65794216,5109278.32235016,-1.919
46.1216432963034,-73.1214984626498,127,39,645136.65794216,5109278.32235017,-1.508
46.121600735224,-73.1189112794363,127,40,645336.657942161,5109278.32235018,-2.137
46.1215581156185,-73.116324102059,127,41,645536.657942162,5109278.3223502,-2.988
46.1211719055504,-73.0930397696192,127,50,647336.657942165,5109278.32235033,-2.718
46.1211287007027,-73.0904526510454,127,51,647536.657942162,5109278.32235034,-2.161
46.120998735027,-73.0826913309022,127,54,648136.657942166,5109278.32235039,-3.178
46.120955296092,-73.0801042360738,127,55,648336.657942166,5109278.3223504,-2.886
46.1208682426598,-73.0749300642942,127,57,648736.65794217,5109278.32235043,-2.411
46.1208246281631,-73.072342987359,127,58,648936.657942167,5109278.32235045,-0.523
46.1202966897543,-73.0412985328936,127,70,651336.657942174,5109278.32235062,-4.36
46.1202523145268,-73.0387115343273,127,71,651536.657942177,5109278.32235063,-1.98
46.1201633885265,-73.0335375554558,127,73,651936.657942177,5109278.32235066,-0.938
46.1201188377544,-73.0309505751667,127,74,652136.657942176,5109278.32235068,-1.416
46.120074228468,-73.0283636009859,127,75,652336.657942178,5109278.32235069,-3.052
46.1200295606679,-73.0257766329215,127,76,652536.657942176,5109278.32235071,-2.466
46.1199848343542,-73.0231896709815,127,77,652736.657942179,5109278.32235072,-2.082
46.1199400495275,-73.0206027151739,127,78,652936.657942179,5109278.32235073,-1.934
46.1198952061879,-73.0180157655066,127,79,653136.657942178,5109278.32235075,-0.548
46.1198053439721,-73.0128418846253,127,81,653536.65794218,5109278.32235078,-2.623
46.1197603250965,-73.0102549534272,127,82,653736.657942181,5109278.32235079,-2.762
46.1197152477095,-73.0076680284015,127,83,653936.65794218,5109278.32235081,-2.655
46.1196701118117,-73.0050811095561,127,84,654136.65794218,5109278.32235082,-2.3
46.1196249174032,-73.0024941968991,127,85,654336.657942184,5109278.32235084,-1.337
46.1195796644846,-72.9999072904385,127,86,654536.657942182,5109278.32235085,-0.424
46.1195343530561,-72.9973203901823,127,87,654736.657942184,5109278.32235086,-0.283
46.1194435546709,-72.992146608315,127,89,655136.657942184,5109278.32235089,-0.063
46.119398067715,-72.9895597267198,127,90,655336.657942186,5109278.32235091,-0.08
46.1193525222508,-72.9869728513611,127,91,655536.657942187,5109278.32235092,-0.048
46.1192612557985,-72.9817991193846,127,93,655936.657942184,5109278.32235095,-0.505
46.1192155348112,-72.9792122627829,127,94,656136.657942189,5109278.32235097,-0.757
46.1191697553171,-72.9766254124496,127,95,656336.657942187,5109278.32235098,-0.857
46.1191239173163,-72.9740385683926,127,96,656536.657942187,5109278.32235099,-1.467
46.1190780208094,-72.97145173062,127,97,656736.657942189,5109278.32235101,-3.502
46.1190320657967,-72.9688648991397,127,98,656936.657942191,5109278.32235102,-9.238
46.1189860522785,-72.9662780739598,127,99,657136.657942191,5109278.32235104,-12.178
46.1189399802552,-72.9636912550882,127,100,657336.657942192,5109278.32235105,-15.528
46.1188938497273,-72.9611044425329,127,101,657536.657942189,5109278.32235106,-15.708
46.118847660695,-72.9585176363019,127,102,657736.657942192,5109278.32235108,-15.068
46.1188014131587,-72.9559308364033,127,103,657936.657942193,5109278.3223511,-9.678
46.1187551071188,-72.953344042845,127,104,658136.657942191,5109278.32235111,-1.959
46.1187087425758,-72.9507572556351,127,105,658336.657942192,5109278.32235113,-0.398
46.1184293267707,-72.9352366661378,127,111,659536.657942199,5109278.32235121,-1.21
46.1183825527155,-72.9326499235899,127,112,659736.657942197,5109278.32235122,-0.493
46.1182418795503,-72.9248897344521,127,115,660336.657942198,5109278.32235127,-2.388
46.1181948714966,-72.9223030176014,127,116,660536.657942201,5109278.32235128,-2.368
46.1178641771776,-72.9041961805333,127,123,661936.657942205,5109278.32235138,-0.061
46.1178167011448,-72.9016095154606,127,124,662136.657942205,5109278.3223514,-0.102
46.1177691666163,-72.899022856896,127,125,662336.657942207,5109278.32235141,-0.092
46.1200138828912,-73.1319080782896,128,35,644336.657942171,5109078.32235011,-1.543
46.1199715585619,-73.1293209559272,128,36,644536.657942173,5109078.32235013,-2.057
46.1199291757088,-73.1267338393683,128,37,644736.657942174,5109078.32235014,-1.933
46.1198442344325,-73.1215596236935,128,39,645136.657942174,5109078.32235017,-1.508
46.1198016760099,-73.1189725245936,128,40,645336.657942174,5109078.32235019,-3.188
46.1197590590649,-73.1163854313292,128,41,645536.657942175,5109078.3223502,-1.13
46.1193728731052,-73.0931018558744,128,50,647336.657942177,5109078.32235033,-2.652
46.1192430910972,-73.0853407702499,128,53,647936.657942179,5109078.32235037,-2.458
46.1191997133915,-73.082753753577,128,54,648136.657942179,5109078.32235039,-3.091
46.1190692291699,-73.0749927392764,128,57,648736.657942184,5109078.32235043,-2.909
46.1190256173958,-73.0724057464422,128,58,648936.657942182,5109078.32235044,-1.451
46.1184977119415,-73.041362301134,128,70,651336.657942188,5109078.32235062,-3.224
46.118453339484,-73.0387753866595,128,71,651536.657942188,5109078.32235063,-1.443
46.1184089085149,-73.0361884782686,128,72,651736.657942188,5109078.32235065,-2.516
46.1183644190345,-73.0336015759694,128,73,651936.657942192,5109078.32235066,-2.966
46.1183198710432,-73.0310146797699,128,74,652136.657942191,5109078.32235068,-2.705
46.1182752645414,-73.028427789678,128,75,652336.657942191,5109078.32235069,-1.65
46.1182305995294,-73.0258409057019,128,76,652536.657942191,5109078.32235071,-0.47
46.1181858760076,-73.0232540278493,128,77,652736.657942191,5109078.32235072,-1.091
46.1181410939762,-73.0206671561284,128,78,652936.657942191,5109078.32235073,-1.045
46.1180962534359,-73.0180802905472,128,79,653136.657942192,5109078.32235075,-1.098
46.1180513543867,-73.0154934311136,128,80,653336.657942192,5109078.32235076,-3.493
46.1180063968292,-73.0129065778357,128,81,653536.657942194,5109078.32235078,-4.218
46.1179613807636,-73.0103197307214,128,82,653736.657942195,5109078.32235079,-0.572
46.1179163061904,-73.0077328897788,128,83,653936.657942196,5109078.32235081,-1.465
46.1178711731099,-73.0051460550159,128,84,654136.657942197,5109078.32235082,-2.391
46.1178259815224,-73.0025592264405,128,85,654336.657942196,5109078.32235084,-1.646
46.1177807314284,-72.9999724040608,128,86,654536.657942196,5109078.32235085,-0.568
46.1177354228282,-72.9973855878848,128,87,654736.657942195,5109078.32235086,-0.096
46.1175536033725,-72.9870383853769,128,91,655536.657942199,5109078.32235092,-0.198
46.1175080022468,-72.984451600339,128,92,655736.657942198,5109078.32235094,-1.737
46.117462342617,-72.9818648215528,128,93,655936.6579422,5109078.32235095,-2.345
46.1174166244836,-72.9792780490261,128,94,656136.6579422,5109078.32235097,-2.742
46.1173708478468,-72.9766912827671,128,95,656336.657942199,5109078.32235098,-4.07
46.1173250127072,-72.9741045227836,128,96,656536.657942202,5109078.322351,-5.396
46.1172791190651,-72.9715177690838,128,97,656736.657942201,5109078.32235101,-6.876
46.1172331669208,-72.9689310216756,128,98,656936.657942204,5109078.32235102,-12.148
46.1171871562746,-72.966344280567,128,99,657136.657942205,5109078.32235104,-14.758
46.1171410871271,-72.9637575457659,128,100,657336.657942206,5109078.32235105,-15.798
46.1170949594785,-72.9611708172805,128,101,657536.657942206,5109078.32235107,-15.728
46.1170487733292,-72.9585840951186,128,102,657736.657942205,5109078.32235108,-14.078
46.1170025286796,-72.9559973792883,128,103,657936.657942206,5109078.3223511,-2.817
46.11695622553,-72.9534106697976,128,104,658136.657942207,5109078.32235111,-0.329
46.1169098638809,-72.9508239666545,128,105,658336.657942208,5109078.32235112,-0.207
46.116630465516,-72.9353038815424,128,111,659536.657942213,5109078.32235121,-1.541
46.1163960248757,-72.9223706533062,128,116,660536.657942215,5109078.32235129,-3.045
46.118299277611,-73.1371429909615,129,33,643936.657942184,5108878.32235008,-2.403
46.1182570729652,-73.1345559411255,129,34,644136.657942185,5108878.3223501,-2.266
46.1182148097985,-73.1319688970764,129,35,644336.657942187,5108878.32235011,-2.039
46.1181724881113,-73.1293818588223,129,36,644536.657942186,5108878.32235013,-1.158
46.1180451719299,-73.1216207789096,129,39,645136.657942188,5108878.32235017,-3.678
46.118002616164,-73.1190337639152,129,40,645336.657942186,5108878.32235018,-2.391
46.1175738400265,-73.0931639362139,129,50,647336.657942191,5108878.32235033,-2.588
46.1174440661198,-73.0854031028812,129,53,647936.657942193,5108878.32235037,-2.528
46.1172702150452,-73.0750554082869,129,57,648736.657942197,5108878.32235043,-3.712
46.1172266059934,-73.0724684995458,129,58,648936.657942198,5108878.32235044,-1.485
46.116743044671,-73.0440128997644,129,69,651136.657942203,5108878.3223506,-0.968
46.1166987334916,-73.0414260632987,129,70,651336.657942203,5108878.32235062,-3.411
46.1166543638039,-73.038839232908,129,71,651536.657942203,5108878.32235063,-2.962
46.1166099356081,-73.0362524086002,129,72,651736.657942202,5108878.32235065,-2.783
46.1165654489048,-73.0336655903834,129,73,651936.657942202,5108878.32235066,-0.138
46.1163421377865,-73.0207315909433,129,78,652936.657942206,5108878.32235073,-1.508
46.116297300045,-73.0181448094401,129,79,653136.65794221,5108878.32235075,-1.235
46.1162524037985,-73.0155580340839,129,80,653336.657942206,5108878.32235076,-2.719
46.1162074490472,-73.0129712648825,129,81,653536.657942208,5108878.32235078,-3.774
46.1161624357915,-73.0103845018441,129,82,653736.657942208,5108878.32235079,-5.641
46.1161173640318,-73.0077977449766,129,83,653936.65794221,5108878.32235081,-6.184
46.1160722337684,-73.005210994288,129,84,654136.657942212,5108878.32235082,-5.808
46.1160270450018,-73.0026242497863,129,85,654336.65794221,5108878.32235083,-5.09
46.1159817977322,-73.0000375114795,129,86,654536.657942212,5108878.32235085,-4.438
46.1159364919601,-72.9974507793757,129,87,654736.657942211,5108878.32235086,-3.862
46.1158911276858,-72.9948640534827,129,88,654936.657942215,5108878.32235088,-3.431
46.1158457049097,-72.9922773338086,129,89,655136.657942213,5108878.32235089,-3.616
46.1158002236321,-72.9896906203615,129,90,655336.657942213,5108878.32235091,-3.961
46.1157546838534,-72.9871039131492,129,91,655536.657942212,5108878.32235092,-5.001
46.115709085574,-72.9845172121798,129,92,655736.657942215,5108878.32235094,-5.724
46.1156634287942,-72.9819305174613,129,93,655936.657942217,5108878.32235095,-5.602
46.1156177135144,-72.9793438290017,129,94,656136.657942216,5108878.32235096,-5.856
46.115571939735,-72.9767571468089,129,95,656336.657942216,5108878.32235098,-5.798
46.1155261074563,-72.974170470891,129,96,656536.657942217,5108878.32235099,-5.709
46.1154802166787,-72.971583801256,129,97,656736.657942216,5108878.32235101,-11.928
46.1154342674026,-72.9689971379119,129,98,656936.657942217,5108878.32235102,-12.848
46.1153882596284,-72.9664104808666,129,99,657136.657942217,5108878.32235104,-15.668
46.1153421933564,-72.9638238301281,129,100,657336.657942219,5108878.32235105,-16.118
46.1152960685869,-72.9612371857045,129,101,657536.657942217,5108878.32235106,-14.758
46.1152498853204,-72.9586505476037,129,102,657736.657942219,5108878.32235108,-3.484
46.1152036435573,-72.9560639158338,129,103,657936.657942221,5108878.32235109,-0.421
46.1151573432978,-72.9534772904027,129,104,658136.657942224,5108878.32235111,-0.181
46.1165844270841,-73.142377584546,130,31,643536.6579422,5108678.32235005,-1.488
46.1165423421083,-73.1397906072632,130,32,643736.6579422,5108678.32235007,-2.15
46.1165001986146,-73.1372036357507,130,33,643936.6579422,5108678.32235008,-2.204
46.1164579966033,-73.1346166700164,130,34,644136.657942201,5108678.3223501,-1.528
46.1162461087957,-73.1216819282987,130,39,645136.657942202,5108678.32235017,-3.69
46.1162035556862,-73.1190949974019,130,40,645336.6579422,5108678.32235018,-1.148
46.1157748063141,-73.0932260106385,130,50,647336.657942205,5108678.32235033,-3.898
46.115688354288,-73.0880522840009,130,52,647736.657942208,5108678.32235036,-3.388
46.1156450405082,-73.0854654295735,130,53,647936.65794221,5108678.32235037,-5.238
46.1154712002858,-73.0751180713265,130,57,648736.657942213,5108678.32235043,-2.183
46.1154275939561,-73.0725312466704,130,58,648936.657942209,5108678.32235045,-1.37
46.1149440628181,-73.0440765717777,130,69,651136.657942215,5108678.3223506,-2.146
46.1148997544046,-73.0414898193885,130,70,651336.657942215,5108678.32235062,-4.522
46.1148553874865,-73.0389030730736,130,71,651536.657942218,5108678.32235063,-3.104
46.114810962064,-73.0363163328409,130,72,651736.657942221,5108678.32235065,-0.008
46.1145879573991,-73.0233827231907,130,77,652736.657942222,5108678.32235072,-1.6
46.1145431809582,-73.0207960196193,130,78,652936.65794222,5108678.32235073,-11.708
46.1144983460155,-73.0182093221861,130,79,653136.657942222,5108678.32235075,-12.668
46.1144534525713,-73.0156226308991,130,80,653336.657942223,5108678.32235076,-12.158
46.1144085006261,-73.0130359457663,130,81,653536.657942224,5108678.32235078,-11.408
46.1143634901801,-73.0104492667958,130,82,653736.657942223,5108678.32235079,-10.658
46.1143184212337,-73.0078625939954,130,83,653936.657942227,5108678.32235081,-9.898
46.1142732937874,-73.0052759273732,130,84,654136.657942224,5108678.32235082,-8.858
46.1142281078414,-73.0026892669371,130,85,654336.657942224,5108678.32235083,-7.072
46.1141828633961,-73.0001026126953,130,86,654536.657942227,5108678.32235085,-6.46
46.1141375604519,-72.9975159646556,130,87,654736.657942225,5108678.32235087,-6.311
46.1140921990092,-72.9949293228261,130,88,654936.657942226,5108678.32235088,-6.176
46.1140467790683,-72.9923426872148,130,89,655136.657942228,5108678.32235089,-6.293
46.1140013006296,-72.9897560578296,130,90,655336.657942227,5108678.32235091,-6.089
46.1139557636934,-72.9871694346786,130,91,655536.657942227,5108678.32235092,-5
46.1139101682601,-72.9845828177697,130,92,655736.657942228,5108678.32235094,-3.685
46.1138645143302,-72.981996207111,130,93,655936.65794223,5108678.32235095,-3.125
46.1138188019038,-72.9794096027104,130,94,656136.657942232,5108678.32235096,-3.231
46.1137730309815,-72.9768230045759,130,95,656336.657942232,5108678.32235098,-3.662
46.1137272015636,-72.9742364127156,130,96,656536.657942231,5108678.32235099,-10.108
46.1136813136504,-72.9716498271374,130,97,656736.657942233,5108678.32235101,-12.848
46.1136353672424,-72.9690632478493,130,98,656936.657942231,5108678.32235102,-15.398
46.1135893623398,-72.9664766748593,130,99,657136.657942233,5108678.32235104,-16.238
46.1135432989431,-72.9638901081754,130,100,657336.657942232,5108678.32235105,-15.248
46.1134971770527,-72.9613035478057,130,101,657536.657942236,5108678.32235107,-3.953
46.1134509966688,-72.958716993758,130,102,657736.657942233,5108678.32235108,-0.575
46.1134047577919,-72.9561304460404,130,103,657936.657942235,5108678.3223511,-0.223
46.1133584604224,-72.9535439046609,130,104,658136.657942235,5108678.32235111,-0.148
46.1148273660332,-73.1450249543168,131,30,643336.657942212,5108478.32235004,-1.997
46.1147853421991,-73.1424380553675,131,31,643536.657942212,5108478.32235006,-1.875
46.1147432598504,-73.1398511621798,131,32,643736.657942213,5108478.32235007,-1.278
46.114489536971,-73.1243299244943,131,38,644936.657942214,5108478.32235016,-2.881
46.1144470450298,-73.1217430718616,131,39,645136.657942216,5108478.32235017,-2.526
46.1139757719682,-73.0932880791488,131,50,647336.657942223,5108478.32235033,-0.595
46.1139325779073,-73.0907012969508,131,51,647536.657942222,5108478.32235034,-1.651
46.1138893253386,-73.0881145206744,131,52,647736.657942223,5108478.32235036,-2.498
46.1136721848916,-73.0751807283958,131,57,648736.657942227,5108478.32235043,-1.605
46.1136285812839,-73.0725939878167,131,58,648936.657942225,5108478.32235044,-1.453
46.1131893274747,-73.0467269121109,131,68,650936.657942231,5108478.32235059,-0.663
46.1131450803283,-73.0441402377247,131,69,651136.657942229,5108478.3223506,-3.682
46.1131007746806,-73.0415535694041,131,70,651336.657942232,5108478.32235062,-3.974
46.1130564105318,-73.0389669071569,131,71,651536.65794223,5108478.32235063,-0.325
46.1130119878823,-73.0363802509913,131,72,651736.657942231,5108478.32235065,-0.008
46.1129229670828,-73.0312069569366,131,74,652136.657942235,5108478.32235068,-0.523
46.1128783689335,-73.0286203190635,131,75,652336.657942235,5108478.32235069,-8.158
46.1128337122849,-73.0260336873039,131,76,652536.657942233,5108478.3223507,-13.508
46.1127889971374,-73.0234470616657,131,77,652736.657942235,5108478.32235072,-13.658
46.1127442234914,-73.0208604421571,131,78,652936.657942236,5108478.32235073,-13.458
46.1126993913473,-73.0182738287859,131,79,653136.657942238,5108478.32235075,-12.948
46.1126545007053,-73.0156872215602,131,80,653336.657942239,5108478.32235076,-11.948
46.1126095515659,-73.013100620488,131,81,653536.657942236,5108478.32235078,-11.208
46.1125645439295,-73.0105140255773,131,82,653736.657942236,5108478.32235079,-9.758
46.1125194777963,-73.007927436836,131,83,653936.657942241,5108478.3223508,-8.728
46.1124743531667,-73.0053408542722,131,84,654136.657942241,5108478.32235082,-4.552
46.1124291700412,-73.0027542778938,131,85,654336.657942239,5108478.32235083,-4.913
46.11238392842,-73.0001677077089,131,86,654536.657942242,5108478.32235085,-5.499
46.1123386283036,-72.9975811437254,131,87,654736.657942243,5108478.32235086,-5.994
46.1122932696923,-72.9949945859513,131,88,654936.657942242,5108478.32235088,-6.05
46.1122478525864,-72.9924080343947,131,89,655136.657942243,5108478.32235089,-5.892
46.1122023769863,-72.9898214890636,131,90,655336.657942244,5108478.32235091,-5.029
46.1121568428925,-72.9872349499658,131,91,655536.657942243,5108478.32235092,-3.701
46.1121112503052,-72.9846484171094,131,92,655736.657942242,5108478.32235094,-2.931
46.1120655992248,-72.9820618905025,131,93,655936.657942245,5108478.32235095,-2.584
46.1120198896518,-72.9794753701529,131,94,656136.657942244,5108478.32235097,-2.743
46.1119741215864,-72.9768888560688,131,95,656336.657942244,5108478.32235098,-4.351
46.111928295029,-72.974302348258,131,96,656536.657942244,5108478.32235099,-10.518
46.1118824099801,-72.9717158467286,131,97,656736.657942246,5108478.32235101,-15.028
46.1118364664399,-72.9691293514886,131,98,656936.657942245,5108478.32235102,-16.528
46.1117904644088,-72.966542862546,131,99,657136.657942246,5108478.32235104,-16.108
46.1117444038873,-72.9639563799087,131,100,657336.657942249,5108478.32235105,-8.658
46.1116982848756,-72.9613699035847,131,101,657536.657942249,5108478.32235107,-0.651
46.1116521073742,-72.9587834335822,131,102,657736.657942249,5108478.32235108,-0.303
46.1116058713834,-72.9561969699089,131,103,657936.657942247,5108478.3223511,-0.258
46.1130702405941,-73.1476721559034,132,29,643136.657942227,5108278.32235003,-2.697
46.1130282778946,-73.1450853352889,132,30,643336.657942226,5108278.32235004,-1.703
46.1127329007012,-73.1269777525167,132,37,644736.65794223,5108278.32235014,-1.248
46.112690469921,-73.1243909781493,132,38,644936.65794223,5108278.32235015,-2.037
46.1126479806322,-73.1218042095989,132,39,645136.657942229,5108278.32235017,-1.473
46.1121767369888,-73.0933501417455,132,50,647336.657942236,5108278.32235033,-2.826
46.1121335456241,-73.0907634436215,132,51,647536.657942238,5108278.32235034,-2.578
46.1118731688626,-73.0752433794956,132,57,648736.657942239,5108278.32235043,-1.48
46.1118295679767,-73.0726567229855,132,58,648936.657942241,5108278.32235044,-2.99
46.1113903415861,-73.0467904879312,132,68,650936.657942245,5108278.32235059,-2.423
46.1113460972016,-73.0442038976063,132,69,651136.657942245,5108278.3223506,-4.341
46.1113017943194,-73.0416173133461,132,70,651336.657942247,5108278.32235062,-3.33
46.1112574329399,-73.0390307351588,132,71,651536.657942248,5108278.32235063,-2.246
46.1112130130633,-73.0364441630522,132,72,651736.657942246,5108278.32235064,-8.658
46.11116853469,-73.0338575970345,132,73,651936.657942248,5108278.32235066,-12.528
46.1111239978204,-73.0312710371135,132,74,652136.657942248,5108278.32235067,-13.318
46.1110794024549,-73.0286844832973,132,75,652336.657942249,5108278.32235069,-13.418
46.1110347485938,-73.0260979355939,132,76,652536.657942249,5108278.3223507,-13.648
46.1109900362374,-73.0235113940113,132,77,652736.65794225,5108278.32235072,-13.438
46.1109452653861,-73.0209248585574,132,78,652936.657942252,5108278.32235073,-11.888
46.1109004360404,-73.0183383292402,132,79,653136.657942252,5108278.32235075,-2.266
46.1106754119065,-73.0054057749857,132,84,654136.657942254,5108278.32235082,-0.068
46.1106302316012,-73.002819282657,132,85,654336.657942253,5108278.32235083,-0.663
46.110584992804,-73.000232796521,132,86,654536.657942252,5108278.32235085,-0.817
46.1105396955151,-72.9976463165857,132,87,654736.657942255,5108278.32235086,-0.826
46.1104943397349,-72.9950598428592,132,88,654936.657942255,5108278.32235088,-1.584
46.1104489254639,-72.9924733753493,132,89,655136.657942256,5108278.32235089,-2.407
46.1104034527024,-72.9898869140641,132,90,655336.657942257,5108278.32235091,-3.343
46.1103579214507,-72.9873004590116,132,91,655536.657942256,5108278.32235092,-4.189
46.1103123317092,-72.9847140101998,132,92,655736.657942257,5108278.32235093,-2.734
46.1102666834783,-72.9821275676366,132,93,655936.65794226,5108278.32235095,-2.014
46.1102209767583,-72.9795411313301,132,94,656136.65794226,5108278.32235096,-1.726
46.1101752115497,-72.9769547012882,132,95,656336.657942259,5108278.32235098,-8.878
46.1101293878527,-72.974368277519,132,96,656536.657942261,5108278.32235099,-12.738
46.1100835056678,-72.9717818600305,132,97,656736.657942262,5108278.32235101,-16.568
46.1100375649953,-72.9691954488305,132,98,656936.657942261,5108278.32235102,-16.648
46.1099915658355,-72.9666090439272,132,99,657136.65794226,5108278.32235104,-10.338
46.1099455081889,-72.9640226453286,132,100,657336.657942263,5108278.32235105,-0.946
46.1098993920559,-72.9614362530425,132,101,657536.657942261,5108278.32235106,-0.329
46.1098532174368,-72.958849867077,132,102,657736.657942262,5108278.32235108,-0.288
46.1113548938418,-73.1529059373348,133,27,642736.657942239,5108078.32235,-0.998
46.1113130507781,-73.1503191893204,133,28,642936.657942242,5108078.32235001,-2.198
46.111271149206,-73.1477324470422,133,29,643136.657942238,5108078.32235003,-2.265
46.1109338303711,-73.1270387162799,133,37,644736.657942245,5108078.32235014,-1.599
46.1108914022395,-73.1244520259875,133,38,644936.657942244,5108078.32235015,-1.416
46.110848915603,-73.1218653415113,133,39,645136.657942243,5108078.32235017,-0.258
46.1103777013758,-73.0934121984294,133,50,647336.657942249,5108078.32235033,-2.827
46.1100741521988,-73.0753060246265,133,57,648736.657942255,5108078.32235043,-1.559
46.1100305540345,-73.0727194521775,133,58,648936.657942254,5108078.32235044,-2.875
46.109635538189,-73.0494405700225,133,67,650736.657942258,5108078.32235057,-1.806
46.1095913550607,-73.0468540576947,133,68,650936.657942261,5108078.32235059,-4.515
46.109547113438,-73.044267551423,133,69,651136.65794226,5108078.3223506,-5.512
46.1095028133212,-73.0416810512154,133,70,651336.657942261,5108078.32235062,-11.198
46.1094584547107,-73.0390945570798,133,71,651536.657942259,5108078.32235063,-12.528
46.1094140376068,-73.0365080690244,133,72,651736.657942263,5108078.32235064,-13.058
46.1093695620098,-73.033921587057,133,73,651936.657942261,5108078.32235066,-13.128
46.1093250279202,-73.0313351111857,133,74,652136.657942262,5108078.32235068,-13.188
46.1092804353383,-73.0287486414184,133,75,652336.657942262,5108078.32235069,-12.368
46.1092357842645,-73.0261621777632,133,76,652536.657942261,5108078.3223507,-8.498
46.109191074699,-73.023575720228,133,77,652736.657942265,5108078.32235072,-1.486
46.1086954091373,-72.9951250935503,133,88,654936.657942268,5108078.32235087,-2.828
46.108649997701,-72.9925387100791,133,89,655136.657942271,5108078.32235089,-3.224
46.1086045277778,-72.989952332832,133,90,655336.65794227,5108078.3223509,-4.702
46.108558999368,-72.9873659618167,133,91,655536.657942272,5108078.32235092,-2.851
46.1085134124722,-72.9847795970414,133,92,655736.65794227,5108078.32235093,-1.377
46.1084677670905,-72.982193238514,133,93,655936.657942272,5108078.32235095,-0.796
46.1084220632235,-72.9796068862426,133,94,656136.657942274,5108078.32235096,-3.338
46.1083763008713,-72.9770205402351,133,95,656336.657942276,5108078.32235098,-11.848
46.1083304800345,-72.9744342004994,133,96,656536.657942275,5108078.32235099,-16.888
46.1082846007135,-72.9718478670437,133,97,656736.657942274,5108078.32235101,-16.788
46.1082386629084,-72.9692615398759,133,98,656936.657942274,5108078.32235102,-14.318
46.1081926666198,-72.9666752190039,133,99,657136.657942275,5108078.32235103,-1.604
46.108146611848,-72.9640889044358,133,100,657336.657942277,5108078.32235105,-0.351
46.1081004985934,-72.9615025961796,133,101,657536.657942276,5108078.32235106,-0.198
46.1095557965961,-73.1529660545826,134,27,642736.657942254,5107878.32235,-1.898
46.1095139561443,-73.150379390642,134,28,642936.657942255,5107878.32235001,-1.291
46.109177126391,-73.1296862862678,134,36,644536.657942259,5107878.32235012,-0.628
46.1091347594096,-73.1270996742349,134,37,644736.657942257,5107878.32235014,-2.145
46.1090923339265,-73.1245130680094,134,38,644936.657942258,5107878.32235015,-1.13
46.1086217926048,-73.0960607851126,134,49,647136.657942265,5107878.32235031,-4.176
46.1085786651293,-73.0934742492011,134,50,647336.657942263,5107878.32235033,-4.208
46.1082751349002,-73.0753686637892,134,57,648736.657942268,5107878.32235043,-1.45
46.1082315394574,-73.0727821753933,134,58,648936.657942267,5107878.32235044,-2.003
46.1078806701482,-73.0520904840131,134,66,650536.657942271,5107878.32235056,-1.206
46.107836548269,-73.0495040496839,134,67,650736.657942272,5107878.32235057,-3.919
46.1077923678987,-73.0469176214021,134,68,650936.657942273,5107878.32235059,-11.748
46.1077481290375,-73.0443311991756,134,69,651136.657942274,5107878.3223506,-12.018
46.107703831686,-73.0417447830125,134,70,651336.657942276,5107878.32235062,-11.948
46.1076594758443,-73.0391583729208,134,71,651536.657942276,5107878.32235063,-12.588
46.1076150615129,-73.0365719689085,134,72,651736.657942277,5107878.32235064,-12.408
46.1075705886921,-73.0339855709834,134,73,651936.657942275,5107878.32235066,-8.828
46.1075260573823,-73.0313991791538,134,74,652136.657942276,5107878.32235067,-1.74
46.1074814675838,-73.0288127934274,134,75,652336.657942276,5107878.32235069,-0.258
46.1069871196519,-73.0003629555439,134,86,654536.657942281,5107878.32235085,-2.088
46.1069418280176,-72.9977766436811,134,87,654736.657942284,5107878.32235086,-4.953
46.1068964778994,-72.9951903380254,134,88,654936.657942285,5107878.32235087,-5.257
46.1068510692975,-72.992604038585,134,89,655136.657942283,5107878.32235089,-3.823
46.1068056022124,-72.9900177453679,134,90,655336.657942286,5107878.3223509,-1.17
46.1067600766445,-72.9874314583819,134,91,655536.657942288,5107878.32235092,-0.879
46.1067144925941,-72.9848451776351,134,92,655736.657942287,5107878.32235093,-0.599
46.1066688500615,-72.9822589031356,134,93,655936.657942288,5107878.32235095,-1.697
46.1066231490471,-72.9796726348912,134,94,656136.657942287,5107878.32235096,-10.628
46.1065773895514,-72.97708637291,134,95,656336.657942289,5107878.32235098,-16.688
46.1065315715746,-72.9745001171999,134,96,656536.657942288,5107878.32235099,-16.988
46.1064856951172,-72.9719138677691,134,97,656736.65794229,5107878.32235101,-14.668
46.1064397601795,-72.9693276246253,134,98,656936.65794229,5107878.32235102,-2.344
46.1063937667618,-72.9667413877767,134,99,657136.657942289,5107878.32235103,-0.444
46.1063477148646,-72.9641551572312,134,100,657336.657942291,5107878.32235105,-1.098
46.1077984780593,-73.1556127517045,135,26,642536.657942267,5107678.32234998,-1.66
46.1077566987207,-73.1530261661028,135,27,642736.65794227,5107678.32235,-1.64
46.1073780521536,-73.1297471543556,135,36,644536.657942274,5107678.32235013,-1.959
46.1073356878168,-73.1271606263823,135,37,644736.657942271,5107678.32235014,-2.843
46.1069517764187,-73.1038821368895,135,46,646536.657942278,5107678.32235027,-1.938
46.1069088271177,-73.1012956673443,135,47,646736.657942277,5107678.32235028,-2.591
46.1068658193223,-73.0987092036858,135,48,646936.657942277,5107678.3223503,-4.619
46.1068227530327,-73.0961227459222,135,49,647136.657942277,5107678.32235031,-5.571
46.106476116967,-73.0754312969846,135,57,648736.657942285,5107678.32235043,-1.523
46.1064325242454,-73.0728448926337,135,58,648936.657942284,5107678.32235044,-1.647
46.1061257374749,-73.0547402299177,135,65,650336.657942288,5107678.32235054,-0.698
46.1060816768376,-73.0521538735885,135,66,650536.657942287,5107678.32235056,-3.337
46.1060375577125,-73.049567523298,135,67,650736.657942289,5107678.32235057,-12.508
46.1059933801,-73.0469811790541,135,68,650936.657942288,5107678.32235059,-12.728
46.1059491440002,-73.0443948408649,135,69,651136.657942287,5107678.3223506,-12.298
46.1059048494136,-73.0418085087383,135,70,651336.65794229,5107678.32235061,-10.858
46.1058604963406,-73.0392221826824,135,71,651536.657942291,5107678.32235063,-2.165
46.1052334124426,-73.0030142597933,135,85,654336.657942298,5107678.32235083,-2.995
46.105188182116,-73.0004280257562,135,86,654536.657942299,5107678.32235085,-4.726
46.1051428933087,-72.9978417979175,135,87,654736.657942296,5107678.32235086,-4.393
46.1050975460211,-72.9952555762854,135,88,654936.657942297,5107678.32235088,-0.51
46.1050521402536,-72.9926693608677,135,89,655136.657942301,5107678.32235089,-0.511
46.1050066760065,-72.9900831516726,135,90,655336.657942298,5107678.32235091,-0.917
46.1049611532801,-72.9874969487079,135,91,655536.657942302,5107678.32235092,-0.625
46.1049155720749,-72.9849107519817,135,92,655736.657942302,5107678.32235093,-0.638
46.1048699323912,-72.9823245615019,135,93,655936.657942302,5107678.32235095,-10.408
46.1048242342294,-72.9797383772766,135,94,656136.657942303,5107678.32235096,-16.248
46.1047784775899,-72.9771521993137,135,95,656336.657942303,5107678.32235098,-16.858
46.1047326624729,-72.9745660276213,135,96,656536.657942303,5107678.32235099,-15.948
46.104686788879,-72.9719798622073,135,97,656736.657942304,5107678.32235101,-3.036
46.1046408568084,-72.9693937030796,135,98,656936.657942304,5107678.32235102,-0.466
46.1059993769463,-73.1556727734394,136,26,642536.657942281,5107478.32234998,-1.492
46.1059576002158,-73.1530862718962,136,27,642736.657942281,5107478.32234999,-0.503
46.1056212804827,-73.1323944663644,136,35,644336.657942288,5107478.32235011,-0.388
46.105578977285,-73.1298080166446,136,36,644536.657942286,5107478.32235012,-3.241
46.1055366155928,-73.127221572723,136,37,644736.657942286,5107478.32235014,-2.738
46.105195616288,-73.1065302310426,136,45,646336.657942291,5107478.32235026,-3.934
46.1051527281593,-73.1039438396641,136,46,646536.657942292,5107478.32235027,-4.168
46.1051097815393,-73.1013574541636,136,47,646736.657942291,5107478.32235028,-4.798
46.1050667764285,-73.0987710745493,136,48,646936.657942292,5107478.3223503,-3.068
46.1046770983989,-73.0754939242131,136,57,648736.657942296,5107478.32235043,-1.207
46.1046335083985,-73.0729076038994,136,58,648936.657942299,5107478.32235044,-1.283
46.1043267407777,-73.0548035294231,136,65,650336.657942302,5107478.32235055,-2.238
46.1042826828907,-73.0522172571252,136,66,650536.657942302,5107478.32235056,-12.508
46.1042385665195,-73.0496309908654,136,67,650736.657942302,5107478.32235057,-12.848
46.1041943916645,-73.0470447306515,136,68,650936.657942303,5107478.32235059,-12.698
46.104150158326,-73.0444584764915,136,69,651136.657942303,5107478.3223506,-9.608
46.1041058665043,-73.0418722283935,136,70,651336.657942304,5107478.32235061,-0.048
46.1034344714435,-73.00307923979,136,85,654336.657942313,5107478.32235083,-8.218
46.1033892439401,-73.0004930897698,136,86,654536.657942313,5107478.32235084,-3.401
46.1033439579597,-72.9979069459474,136,87,654736.657942312,5107478.32235086,-0.21
46.1032986135026,-72.9953208083308,136,88,654936.657942313,5107478.32235088,-0.453
46.1032532105692,-72.9927346769279,136,89,655136.657942312,5107478.32235089,-0.182
46.1032077491598,-72.9901485517468,136,90,655336.657942313,5107478.32235091,-0.172
46.1031622292749,-72.9875624327954,136,91,655536.657942316,5107478.32235092,-0.25
46.1031166509147,-72.9849763200818,136,92,655736.657942317,5107478.32235093,-10.318
46.1030710140798,-72.9823902136138,136,93,655936.657942317,5107478.32235095,-16.378
46.1030253187703,-72.9798041133996,136,94,656136.657942318,5107478.32235096,-16.758
46.1029795649868,-72.9772180194471,136,95,656336.657942317,5107478.32235098,-16.758
46.1029337527295,-72.9746319317642,136,96,656536.657942318,5107478.32235099,-8.778
46.1028878819988,-72.9720458503591,136,97,656736.657942317,5107478.32235101,-0.716
46.1042419908322,-73.1583192126665,137,25,642336.657942296,5107278.32234997,-1.168
46.1042002752039,-73.1557327894562,137,26,642536.657942298,5107278.32234998,-2.031
46.1038222023423,-73.1324552388109,137,35,644336.657942302,5107278.32235011,-2.459
46.1037799017854,-73.1298688731355,137,36,644536.6579423,5107278.32235013,-4.254
46.1034393916823,-73.1091781571122,137,44,646136.657942304,5107278.32235024,-4.032
46.1033965647187,-73.1065918439017,137,45,646336.657942305,5107278.32235025,-5.638
46.1028780791961,-73.0755565454757,137,57,648736.65794231,5107278.32235043,-1.442
46.1028344919166,-73.072970309191,137,58,648936.657942312,5107278.32235044,-1.259
46.1025717401003,-73.0574530172021,137,64,650136.657942314,5107278.32235053,-1.171
46.1025277434443,-73.0548668228984,137,65,650336.657942316,5107278.32235054,-11.038
46.1024836883075,-73.052280634624,137,66,650536.657942314,5107278.32235056,-12.998
46.10243957469,-73.0496944523868,137,67,650736.657942315,5107278.32235057,-12.928
46.1023954025924,-73.0471082761949,137,68,650936.657942317,5107278.32235059,-8.918
46.1023511720149,-73.0445221060562,137,69,651136.657942319,5107278.3223506,-0.308
46.1016806960114,-73.0057302857973,137,84,654136.657942327,5107278.32235082,-3.814
46.1016355298047,-73.003144213597,137,85,654336.657942326,5107278.32235083,-4.577
46.1015903051243,-73.0005581475858,137,86,654536.657942325,5107278.32235084,-0.07
46.1015450219705,-72.9979720877716,137,87,654736.657942326,5107278.32235086,-0.076
46.1014996803437,-72.9953860341625,137,88,654936.657942327,5107278.32235087,-0.071
46.1014542802443,-72.9927999867664,137,89,655136.657942328,5107278.32235089,-0.076
46.1014088216725,-72.9902139455913,137,90,655336.65794233,5107278.3223509,-0.387
46.1013633046288,-72.9876279106452,137,91,655536.657942328,5107278.32235092,-10.248
46.1013177291135,-72.9850418819361,137,92,655736.65794233,5107278.32235093,-15.578
46.1012720951271,-72.982455859472,137,93,655936.657942333,5107278.32235095,-16.628
46.1012264026698,-72.9798698432609,137,94,656136.657942331,5107278.32235096,-16.418
46.101180651742,-72.9772838333107,137,95,656336.657942329,5107278.32235097,-11.598
46.1011348423442,-72.9746978296295,137,96,656536.657942331,5107278.32235099,-0.334
46.1010889744766,-72.9721118322252,137,97,656736.657942333,5107278.322351,-0.255
46.1024428858564,-73.1583791389225,138,25,642336.657942313,5107078.32234997,-2.146
46.1024011728321,-73.1557927997554,138,26,642536.657942312,5107078.32234998,-1.624
46.1021075439405,-73.1376885861044,138,33,643936.657942316,5107078.32235008,-0.088
46.1020653629998,-73.1351022928957,138,34,644136.657942314,5107078.3223501,-0.959
46.1020231235711,-73.1325160054679,138,35,644336.657942314,5107078.32235011,-3.793
46.1017258099334,-73.1144121560065,138,42,645736.657942317,5107078.32235021,-1.428
46.1016831026127,-73.1118259151127,138,43,645936.657942318,5107078.32235023,-3.982
46.101640336807,-73.1092396800716,138,44,646136.657942318,5107078.32235024,-6.528
46.1010790593586,-73.075619160773,138,57,648736.657942326,5107078.32235043,-0.97
46.1010354747998,-73.0730330085093,138,58,648936.657942326,5107078.32235044,-1.867
46.1008166748166,-73.0601023369401,138,63,649936.657942331,5107078.32235051,-0.828
46.1007727393845,-73.057516220632,138,64,650136.657942331,5107078.32235053,-8.438
46.1007287454749,-73.0549301103445,138,65,650336.65794233,5107078.32235054,-12.828
46.1006846930879,-73.0523440060855,138,66,650536.65794233,5107078.32235056,-12.888
46.100640582224,-73.049757907863,138,67,650736.657942329,5107078.32235057,-9.928
46.1005964128836,-73.0471718156851,138,68,650936.657942332,5107078.32235059,-1.576
46.0999268558307,-73.0083811637924,138,83,653936.657942338,5107078.3223508,-1.668
46.0998817509137,-73.0057951694134,138,84,654136.657942342,5107078.32235082,-8.838
46.0997007465446,-72.9954512537811,138,88,654936.657942344,5107078.32235088,-0.801
46.0996553492789,-72.9928652903838,138,89,655136.657942344,5107078.32235089,-2.612
46.0996098935445,-72.9902793332068,138,90,655336.657942343,5107078.3223509,-13.038
46.0995643793419,-72.987693382258,138,91,655536.657942344,5107078.32235092,-16.818
46.0995188066713,-72.9851074375455,138,92,655736.657942343,5107078.32235093,-16.408
46.0994731755332,-72.9825214990772,138,93,655936.657942345,5107078.32235095,-16.488
46.0994274859279,-72.9799355668612,138,94,656136.657942345,5107078.32235096,-12.958
46.0993817378558,-72.9773496409054,138,95,656336.657942346,5107078.32235098,-0.553
46.0993359313172,-72.9747637212178,138,96,656536.657942345,5107078.32235099,-0.12
46.1006437802513,-73.1584390594698,139,25,642336.657942325,5106878.32234997,-1.968
46.1003505790915,-73.1403353938649,139,32,643736.65794233,5106878.32235007,-0.383
46.1003084592685,-73.1377491789139,139,33,643936.657942331,5106878.32235008,-1.025
46.1002662809609,-73.135162969735,139,34,644136.657942328,5106878.3223501,-2.322
46.1002240441688,-73.1325767663361,139,35,644336.657942328,5106878.32235011,-3.718
46.0999693952635,-73.1170596677731,139,41,645536.657942331,5106878.3223502,-1.503
46.0999267490902,-73.1144735050588,139,42,645736.657942335,5106878.32235021,-3.757
46.0998840444353,-73.1118873481886,139,43,645936.657942333,5106878.32235022,-0.818
46.0992800388864,-73.0756817701056,139,57,648736.657942339,5106878.32235043,-1.318
46.0992364570481,-73.073095701855,139,58,648936.657942342,5106878.32235044,-3.418
46.0990176707224,-73.0601654503407,139,63,649936.657942343,5106878.32235051,-2.723
46.0989737380328,-73.0575794180414,139,64,650136.657942344,5106878.32235053,-12.168
46.0989297468692,-73.054993391762,139,65,650336.657942345,5106878.32235054,-12.648
46.098885697232,-73.0524073715104,139,66,650536.657942345,5106878.32235056,-11.628
46.0988415891215,-73.0498213572947,139,67,650736.657942346,5106878.32235057,-3.326
46.098127907278,-73.0084459572337,139,83,653936.657942353,5106878.3223508,-8.828
46.0980828051764,-73.0058600468493,139,84,654136.657942355,5106878.32235082,-8.728
46.0980376446079,-73.0032741426444,139,85,654336.657942355,5106878.32235083,-0.118
46.097992425573,-73.0006882446272,139,86,654536.657942354,5106878.32235084,-0.873
46.097947148072,-72.9981023528055,139,87,654736.657942354,5106878.32235086,-3.019
46.0979018121052,-72.9955164671874,139,88,654936.657942355,5106878.32235087,-9.728
46.0978564176731,-72.9929305877809,139,89,655136.657942357,5106878.32235089,-15.208
46.0978109647759,-72.990344714594,139,90,655336.657942357,5106878.3223509,-17.098
46.0977654534141,-72.9877588476345,139,91,655536.657942357,5106878.32235092,-16.738
46.0977198835881,-72.9851729869106,139,92,655736.657942358,5106878.32235093,-15.698
46.0976742552981,-72.9825871324302,139,93,655936.657942359,5106878.32235095,-12.418
46.0976285685446,-72.9800012842013,139,94,656136.65794236,5106878.32235096,-1.023
46.097582823328,-72.9774154422319,139,95,656336.657942361,5106878.32235098,-0.208
46.098844674017,-73.1584989743089,140,25,642336.657942339,5106678.32234997,-2.271
46.0985514911597,-73.1403958968799,140,32,643736.657942342,5106678.32235007,-1.858
46.098509373966,-73.1378097659512,140,33,643936.657942343,5106678.32235008,-1.915
46.0984671982912,-73.1352236407941,140,34,644136.657942346,5106678.32235009,-2.518
46.0982129161589,-73.1197070114985,140,40,645336.657942345,5106678.32235018,-1.545
46.0981703311261,-73.1171209269651,140,41,645536.657942349,5106678.3223502,-2.441
46.0981276876149,-73.1145348482671,140,42,645736.657942348,5106678.32235021,-1.638
46.0974810177794,-73.0757443734743,140,57,648736.657942357,5106678.32235043,-2.51
46.0974374386616,-73.0731583892288,140,58,648936.657942354,5106678.32235044,-1.045
46.0972625374691,-73.0628145120389,140,62,649736.657942357,5106678.3223505,-2.103
46.0972186659925,-73.0602285577294,140,63,649936.65794236,5106678.32235052,-10.248
46.0971747360452,-73.057642609431,140,64,650136.657942358,5106678.32235053,-12.398
46.0971307476275,-73.0550566671517,140,65,650336.65794236,5106678.32235054,-12.288
46.0970867007398,-73.0524707308996,140,66,650536.657942362,5106678.32235056,-8.468
46.0970425953825,-73.0498848006825,140,67,650736.65794236,5106678.32235057,-0.208
46.096418981268,-73.0136824158042,140,81,653536.657942367,5106678.32235077,-3.631
46.096373998909,-73.0110965770724,140,82,653736.657942369,5106678.32235079,-8.488
46.0963289580861,-73.0085107445035,140,83,653936.657942369,5106678.3223508,-8.698
46.0962838587996,-73.0059249181055,140,84,654136.65794237,5106678.32235082,-1.235
46.0962387010499,-73.0033390978864,140,85,654336.657942371,5106678.32235083,-3.106
46.0961934848375,-73.0007532838542,140,86,654536.657942368,5106678.32235085,-12.858
46.0961482101625,-72.9981674760168,140,87,654736.657942371,5106678.32235086,-14.488
46.0961028770255,-72.9955816743822,140,88,654936.657942372,5106678.32235088,-15.058
46.0960574854268,-72.9929958789585,140,89,655136.657942374,5106678.32235089,-16.338
46.0960120353667,-72.9904100897536,140,90,655336.65794237,5106678.3223509,-16.368
46.0959665268456,-72.9878243067755,140,91,655536.657942374,5106678.32235092,-15.178
46.0959209598639,-72.9852385300322,140,92,655736.657942372,5106678.32235093,-10.608
46.0958753344219,-72.9826527595317,140,93,655936.657942373,5106678.32235095,-1.213
46.09582965052,-72.9800669952819,140,94,656136.657942376,5106678.32235096,-0.068
46.0970872138865,-73.161144976233,141,24,642136.657942353,5106478.32234995,-1.49
46.0970455671535,-73.1585588834405,141,25,642336.657942354,5106478.32234997,-2.292
46.0967944586844,-73.1430424468083,141,31,643536.657942357,5106478.32235005,-3.196
46.0967524025975,-73.1404563941314,141,32,643736.657942357,5106478.32235007,-2.094
46.0967102880329,-73.1378703472172,141,33,643936.657942358,5106478.32235008,-1.235
46.0964563726309,-73.1223541871974,141,39,645136.657942359,5106478.32235017,-3.338
46.0964138487313,-73.1197681808463,141,40,645336.657942363,5106478.32235018,-2.854
46.0963712663567,-73.1171821803218,141,41,645536.65794236,5106478.3223502,-1.618
46.0956819960377,-73.0758069708798,141,57,648736.65794237,5106478.32235043,-2.302
46.0955073396357,-73.0654634057413,141,61,649536.65794237,5106478.32235049,-3.668
46.095463529365,-73.0628775294229,141,62,649736.657942373,5106478.3223505,-10.218
46.0954196606268,-73.060291659107,141,63,649936.657942372,5106478.32235052,-10.448
46.0953757334216,-73.0577057948014,141,64,650136.657942372,5106478.32235053,-11.718
46.0953317477496,-73.0551199365143,141,65,650336.657942375,5106478.32235054,-8.578
46.0952877036113,-73.0525340842536,141,66,650536.657942374,5106478.32235056,-2.481
46.0947098095381,-73.0189185569022,141,79,653136.65794238,5106478.32235075,-2.883
46.0946649469084,-73.0163327898499,141,80,653336.657942383,5106478.32235076,-8.568
46.0946200258176,-73.0137470289439,141,81,653536.657942381,5106478.32235077,-8.068
46.0945750462663,-73.011161274192,141,82,653736.657942381,5106478.32235079,-1.328
46.0945300082547,-73.0085755256023,141,83,653936.657942384,5106478.3223508,-1.448
46.0944849117833,-73.0059897831828,141,84,654136.657942383,5106478.32235082,-9.968
46.0944397568522,-73.0034040469415,141,85,654336.657942382,5106478.32235083,-13.768
46.094394543462,-73.0008183168863,141,86,654536.657942383,5106478.32235085,-14.488
46.094349271613,-72.9982325930252,141,87,654736.657942387,5106478.32235086,-15.178
46.0943039413056,-72.9956468753662,141,88,654936.657942386,5106478.32235088,-15.518
46.09425855254,-72.9930611639173,141,89,655136.657942387,5106478.32235089,-15.608
46.0942131053168,-72.9904754586865,141,90,655336.657942385,5106478.3223509,-14.438
46.0941675996362,-72.9878897596818,141,91,655536.657942388,5106478.32235092,-2.386
46.0941220354986,-72.9853040669111,141,92,655736.657942389,5106478.32235093,-2.914
46.0940764129044,-72.9827183803824,141,93,655936.657942389,5106478.32235095,-0.497
46.095288103794,-73.1612047956459,142,24,642136.657942369,5106278.32234995,-2.179
46.0950373618537,-73.1456888287139,142,30,643336.657942369,5106278.32235004,-3.291
46.0949953668666,-73.14310285429,142,31,643536.657942371,5106278.32235005,-2.653
46.094953313405,-73.1405168856201,142,32,643736.657942372,5106278.32235006,-0.698
46.0946997646905,-73.1250011948844,142,38,644936.657942374,5106278.32235015,-1.568
46.0946573019171,-73.1224152667169,142,39,645136.657942374,5106278.32235017,-3.46
46.094614780672,-73.1198293443674,142,40,645336.657942377,5106278.32235018,-1.958
46.0939264888734,-73.0784553845438,142,56,648536.657942385,5106278.32235041,-1.558
46.0938829736613,-73.0758695623228,142,57,648736.657942382,5106278.32235043,-2.287
46.0938393999837,-73.0732837460636,142,58,648936.657942385,5106278.32235044,-10.228
46.093795767841,-73.0706979357741,142,59,649136.657942385,5106278.32235046,-12.038
46.0937520772334,-73.0681121314625,142,60,649336.657942386,5106278.32235047,-12.378
46.0937083281614,-73.0655263331366,142,61,649536.657942385,5106278.32235049,-11.478
46.0936645206252,-73.0629405408044,142,62,649736.657942384,5106278.3223505,-10.308
46.0936206546253,-73.0603547544741,142,63,649936.657942388,5106278.32235051,-9.818
46.093576730162,-73.0577689741534,142,64,650136.657942389,5106278.32235053,-9.448
46.0935327472356,-73.0551831998505,142,65,650336.65794239,5106278.32235054,-4.407
46.0929556492164,-73.021568685158,142,78,652936.657942395,5106278.32235073,-2.98
46.0929108478446,-73.0189829959417,142,79,653136.657942397,5106278.32235074,-8.108
46.0928659880151,-73.0163973128628,142,80,653336.657942395,5106278.32235076,-3.238
46.0927760929845,-73.0112259651495,142,82,653736.657942396,5106278.32235078,-0.996
46.0927310577841,-73.008640300531,142,83,653936.657942396,5106278.3223508,-9.618
46.0926859641274,-73.006054642082,142,84,654136.657942398,5106278.32235082,-14.028
46.0926408120148,-73.0034689898104,142,85,654336.657942398,5106278.32235083,-14.338
46.0925956014467,-73.0008833437242,142,86,654536.657942399,5106278.32235084,-15.118
46.0925503324234,-72.9982977038314,142,87,654736.657942398,5106278.32235086,-15.378
46.0925050049454,-72.99571207014,142,88,654936.657942402,5106278.32235088,-15.228
46.0924596190129,-72.993126442658,142,89,655136.657942402,5106278.32235089,-11.848
46.0924141746263,-72.9905408213933,142,90,655336.657942402,5106278.3223509,-0.914
46.092368671786,-72.9879552063539,142,91,655536.657942402,5106278.32235092,-0.994
46.0923231104924,-72.9853695975479,142,92,655736.6579424,5106278.32235093,-1.979
46.0922774907458,-72.9827839949832,142,93,655936.657942402,5106278.32235095,-0.228
46.0935305761331,-73.163850539835,143,23,641936.657942381,5106078.32234993,-1.76
46.0934889930725,-73.1612646093607,143,24,642136.657942383,5106078.32234995,-1.936
46.0932802006788,-73.1483350426113,143,29,643136.657942383,5106078.32235002,-2.79
46.0932382667842,-73.1457491464417,143,30,643336.657942383,5106078.32235003,-2.439
46.0931962744185,-73.1431632560176,143,31,643536.657942387,5106078.32235005,-0.388
46.0929006906945,-73.1250621845914,143,38,644936.657942388,5106078.32235015,-4.268
46.0928582305718,-73.1224763404183,143,39,645136.657942389,5106078.32235017,-3.638
46.0921274631461,-73.0785178860431,143,56,648536.657942398,5106078.32235041,-13.118
46.0920839506502,-73.075932147804,143,57,648736.657942397,5106078.32235042,-12.848
46.0920403796925,-73.0733464155259,143,58,648936.657942399,5106078.32235044,-9.638
46.0919967502733,-73.0707606892169,143,59,649136.657942398,5106078.32235045,-8.748
46.0919530623928,-73.0681749688849,143,60,649336.6579424,5106078.32235047,-9.348
46.0919093160516,-73.0655892545381,143,61,649536.657942402,5106078.32235049,-8.738
46.0918655112499,-73.0630035461842,143,62,649736.657942403,5106078.3223505,-9.098
46.0918216479881,-73.0604178438315,143,63,649936.6579424,5106078.32235051,-9.478
46.0917777262665,-73.0578321474877,143,64,650136.657942402,5106078.32235053,-8.678
46.0917337460855,-73.0552464571609,143,65,650336.657942401,5106078.32235054,-2.623
46.0912014242089,-73.0242186454728,143,77,652736.657942409,5106078.32235072,-2.723
46.0911566840879,-73.0216330340938,143,78,652936.657942408,5106078.32235073,-8.468
46.0911118855125,-73.0190474288436,143,79,653136.65794241,5106078.32235074,-3.178
46.0910221129999,-73.0138762367614,143,81,653536.657942411,5106078.32235077,-0.318
46.0909771390635,-73.0112906499455,143,82,653736.657942413,5106078.32235079,-8.238
46.090932106674,-73.0087050692902,143,83,653936.657942413,5106078.3223508,-14.588
46.090887015832,-73.0061194948037,143,84,654136.65794241,5106078.32235082,-14.848
46.0908418665377,-73.0035339264939,143,85,654336.657942412,5106078.32235083,-15.238
46.0907966587915,-73.0009483643688,143,86,654536.657942414,5106078.32235084,-15.368
46.0907513925938,-72.9983628084363,143,87,654736.657942412,5106078.32235086,-15.158
46.0907060679449,-72.9957772587045,143,88,654936.657942413,5106078.32235088,-1.411
46.0906606848453,-72.9931917151814,143,89,655136.657942413,5106078.32235089,-0.302
46.0906152432952,-72.9906061778748,143,90,655336.657942416,5106078.3223509,-0.127
46.090569743295,-72.9880206467928,143,91,655536.657942416,5106078.32235092,-1.416
46.0905241848452,-72.9854351219434,143,92,655736.657942418,5106078.32235093,-2.599
46.0917729841818,-73.1664961160223,144,22,641736.657942394,5105878.32234992,-1.694
46.0917314621868,-73.1639102638557,144,23,641936.657942397,5105878.32234993,-1.873
46.0915229751708,-73.150981088515,144,28,642936.657942399,5105878.32235001,-1.965
46.0914811023616,-73.1483952706011,144,29,643136.657942397,5105878.32235002,-1.591
46.0914391710847,-73.1458094584241,144,30,643336.6579424,5105878.32235004,-0.862
46.0911440150748,-73.1277089344846,144,37,644736.657942403,5105878.32235014,-3.53
46.0911016160672,-73.1251231684892,144,38,644936.657942402,5105878.32235015,-1.828
46.0903718881054,-73.0811660418071,144,55,648336.65794241,5105878.3223504,-0.058
46.0903284367842,-73.0785803815894,144,56,648536.657942412,5105878.32235041,-13.448
46.0902849270044,-73.075994727324,144,57,648736.657942413,5105878.32235042,-13.538
46.090154046917,-73.0682378003223,144,60,649336.657942415,5105878.32235047,-1.795
46.0901103033064,-73.0656521699465,144,61,649536.657942415,5105878.32235048,-9.668
46.090066501239,-73.063066545563,144,62,649736.657942416,5105878.3223505,-9.578
46.0900226407151,-73.0604809271798,144,63,649936.657942415,5105878.32235051,-8.338
46.0899787217351,-73.057895314805,144,64,650136.657942415,5105878.32235052,-4.412
46.0899347442993,-73.0553097084464,144,65,650336.657942416,5105878.32235054,-0.763
46.0894024556493,-73.0242829043209,144,77,652736.657942424,5105878.32235071,-4.456
46.089357718321,-73.0216973769008,144,78,652936.657942425,5105878.32235073,-3.898
46.0892231556326,-73.0139408314407,144,81,653536.657942424,5105878.32235077,-1.135
46.0891781845033,-73.0113553285807,144,82,653736.657942424,5105878.32235079,-14.088
46.0891331549247,-73.0087698318808,144,83,653936.657942425,5105878.3223508,-14.868
46.0890880668971,-73.0061843413488,144,84,654136.657942425,5105878.32235082,-15.708
46.0890429204208,-73.0035988569928,144,85,654336.657942426,5105878.32235083,-15.368
46.0889977154964,-73.0010133788207,144,86,654536.657942429,5105878.32235084,-14.178
46.0889524521241,-72.9984279068406,144,87,654736.657942427,5105878.32235086,-0.904
46.0888163113234,-72.9906715281317,144,90,655336.657942428,5105878.3223509,-0.258
46.0887708141633,-72.9880860809991,144,91,655536.657942429,5105878.32235092,-2.38
46.088725258557,-72.9855006400984,144,92,655736.65794243,5105878.32235093,-2.042
46.0900153279512,-73.1691415242226,145,21,641536.65794241,5105678.32234991,-1.927
46.0899738670147,-73.166555750365,145,22,641736.657942411,5105678.32234992,-2.283
46.0897656853407,-73.1536269664396,145,27,642736.657942412,5105678.32234999,-1.312
46.0897238736099,-73.1510412267829,145,28,642936.657942412,5105678.32235001,-1.522
46.0896820034146,-73.1484554928542,145,29,643136.657942415,5105678.32235002,-1.116
46.0893449371694,-73.1277698285947,145,37,644736.657942415,5105678.32235014,-2.657
46.0885728583969,-73.0812284474344,145,55,648336.657942427,5105678.3223504,-3.633
46.0885294097879,-73.0786428711832,145,56,648536.657942427,5105678.32235041,-10.578
46.0884859027239,-73.0760573008837,145,57,648736.657942427,5105678.32235043,-4.288
46.0883987132327,-73.0708861781718,145,59,649136.65794243,5105678.32235045,-0.448
46.088355030806,-73.0683006257754,145,60,649336.657942428,5105678.32235047,-8.938
46.0883112899259,-73.0657150793626,145,61,649536.657942429,5105678.32235048,-9.848
46.0882674905925,-73.0631295389414,145,62,649736.657942428,5105678.3223505,-8.578
46.0882236328064,-73.0605440045199,145,63,649936.657942429,5105678.32235051,-6.061
46.0881797165678,-73.057958476106,145,64,650136.657942431,5105678.32235053,-2.673
46.0876481625401,-73.0269326066376,145,76,652536.657942436,5105678.3223507,-4.081
46.0876034864516,-73.024347157049,145,77,652736.657942436,5105678.32235071,-8.888
46.0874691075026,-73.0165908450312,145,80,653336.657942441,5105678.32235076,-1.285
46.0874241976263,-73.0140054199679,145,81,653536.65794244,5105678.32235077,-13.748
46.087379229304,-73.011420001056,145,82,653736.657942442,5105678.32235079,-15.878
46.087334202536,-73.0088345883033,145,83,653936.65794244,5105678.3223508,-15.948
46.0872891173226,-73.0062491817178,145,84,654136.657942441,5105678.32235081,-15.748
46.0872439736643,-73.0036637813077,145,85,654336.657942441,5105678.32235083,-12.798
46.0871987715614,-73.0010783870807,145,86,654536.657942442,5105678.32235084,-0.448
46.0870173787111,-72.9907368721647,145,90,655336.657942444,5105678.3223509,-0.875
46.0869718843907,-72.9881515089735,145,91,655536.657942443,5105678.32235092,-2.892
46.0869263316279,-72.9855661520135,145,92,655736.657942444,5105678.32235093,-1.77
46.0882576074524,-73.1717867644503,146,20,641336.657942423,5105478.32234989,-2.122
46.0882162075673,-73.1692010689032,146,21,641536.657942425,5105478.3223499,-1.956
46.0879665805402,-73.1536870150016,146,27,642736.657942428,5105478.32234999,-1.312
46.0879247714194,-73.1511013593228,146,28,642936.657942426,5105478.32235001,-1.968
46.0875458586328,-73.1278307169048,146,37,644736.657942433,5105478.32235014,-3.352
46.086773828054,-73.0812908471179,146,55,648336.657942439,5105478.3223504,-8.888
46.086730382157,-73.0787053548253,146,56,648536.657942441,5105478.32235041,-8.968
46.0866433150096,-73.0735343881011,146,58,648936.65794244,5105478.32235044,-0.308
46.0865996937598,-73.0709489136855,146,59,649136.65794244,5105478.32235045,-1.954
46.0865560140598,-73.0683634452448,146,60,649336.657942443,5105478.32235047,-12.048
46.08651227591,-73.0657779827871,146,61,649536.657942442,5105478.32235048,-10.928
46.0864684793105,-73.0631925263203,146,62,649736.657942443,5105478.3223505,-6.391
46.0864246242619,-73.0606070758523,146,63,649936.657942446,5105478.32235051,-4.748
46.0863807107645,-73.0580216313913,146,64,650136.657942447,5105478.32235053,-1.303
46.0858938047713,-73.0295821410582,146,75,652336.657942452,5105478.32235069,-1.858
46.0858491899156,-73.0269967693026,146,76,652536.65794245,5105478.3223507,-8.288
46.0858045166156,-73.0244114036576,146,77,652736.657942454,5105478.32235071,-2.218
46.0857149946846,-73.0192406907315,146,79,653136.657942454,5105478.32235074,-2.229
46.0856701460542,-73.0166553434664,146,80,653336.657942453,5105478.32235076,-12.458
46.0856252389811,-73.0140700023439,146,81,653536.657942455,5105478.32235077,-16.138
46.0855802734656,-73.011484667372,146,82,653736.657942453,5105478.32235079,-16.268
46.085535249508,-73.0088993385585,146,83,653936.657942457,5105478.3223508,-15.788
46.0854901671087,-73.0063140159117,146,84,654136.657942455,5105478.32235081,-9.778
46.0854450262682,-73.0037286994393,146,85,654336.657942458,5105478.32235083,-0.348
46.0852184454582,-72.9908022099746,146,90,655336.657942458,5105478.3223509,-0.603
46.0851729539774,-72.9882169307169,146,91,655536.657942459,5105478.32235092,-3.314
46.0851274040578,-72.9856316576896,146,92,655736.65794246,5105478.32235093,-0.408
46.0864998226966,-73.1744318367203,147,19,641136.657942437,5105278.32234988,-3.168
46.0864584838557,-73.171846219485,147,20,641336.65794244,5105278.32234989,-1.783
46.0862092231635,-73.156332635272,147,26,642536.657942441,5105278.32234998,-1.578
46.0861674751101,-73.1537470578442,147,27,642736.65794244,5105278.32234999,-2.089
46.0861256685992,-73.1511614861352,147,28,642936.657942444,5105278.32235001,-0.428
46.085746779465,-73.1278915994156,147,37,644736.657942444,5105278.32235014,-3.403
46.0850615081025,-73.0865240753614,147,53,647936.657942455,5105278.32235037,-0.128
46.0850181818138,-73.0839386551428,147,54,648136.657942455,5105278.32235038,-9.268
46.0849747970767,-73.0813532408584,147,55,648336.657942454,5105278.32235039,-9.468
46.0849313538917,-73.0787678325164,147,56,648536.657942455,5105278.32235041,-4.505
46.0848442921789,-73.0735970336913,147,58,648936.657942454,5105278.32235044,-10.198
46.084800673652,-73.0710116432241,147,59,649136.657942458,5105278.32235045,-11.908
46.0847569966784,-73.0684262587313,147,60,649336.657942455,5105278.32235047,-12.768
46.0847132612586,-73.0658408802206,147,61,649536.657942456,5105278.32235048,-9.288
46.084669467393,-73.0632555077002,147,62,649736.657942459,5105278.3223505,-5.618
46.0846256150817,-73.0606701411779,147,63,649936.657942457,5105278.32235051,-2.943
46.0841838775427,-73.0348168076127,147,73,651936.657942465,5105278.32235066,-2.118
46.084139382354,-73.0322315075974,147,74,652136.657942462,5105278.32235067,-8.718
46.0840948287239,-73.0296462136762,147,75,652336.657942463,5105278.32235068,-9.418
46.084050216653,-73.0270609258569,147,76,652536.657942465,5105278.3223507,-8.148
46.0839608171897,-73.0218903685562,147,78,652936.657942467,5105278.32235073,-2.934
46.0839160297981,-73.0193050990907,147,79,653136.657942468,5105278.32235074,-12.578
46.0838711839671,-73.0167198357591,147,80,653336.657942469,5105278.32235076,-16.498
46.0838262796969,-73.0141345785693,147,81,653536.657942468,5105278.32235077,-16.528
46.083781316988,-73.0115493275294,147,82,653736.65794247,5105278.32235079,-15.468
46.0837362958407,-73.0089640826473,147,83,653936.657942469,5105278.3223508,-2.083
46.0836912162553,-73.006378843931,147,84,654136.657942472,5105278.32235081,-0.183
46.0834195115647,-72.9908675415621,147,90,655336.657942474,5105278.3223509,-2.268
46.0833740229233,-72.9882823462298,147,91,655536.657942471,5105278.32235092,-2.412
46.0847006958911,-73.1744912021248,148,19,641136.657942451,5105078.32234988,-1.728
46.0846593596306,-73.1719056688567,148,20,641336.65794245,5105078.32234989,-0.688
46.0844101144979,-73.1563925884332,148,26,642536.657942456,5105078.32234998,-2.885
46.0843683690506,-73.153807094968,148,27,642736.657942458,5105078.32234999,-2.307
46.0839900296376,-73.1305379120529,148,36,644536.657942461,5105078.32235012,-2.253
46.083947699666,-73.1279524761277,148,37,644736.657942461,5105078.32235014,-3.484
46.0833057362178,-73.0891716374726,148,52,647736.657942468,5105078.32235035,-1.325
46.0832624710785,-73.0865862952723,148,53,647936.657942469,5105078.32235037,-8.448
46.0832191474942,-73.0840009589976,148,54,648136.65794247,5105078.32235038,-9.088
46.0831757654652,-73.0814156286566,148,55,648336.657942471,5105078.32235039,-3.78
46.0830888260745,-73.0762449858074,148,57,648736.65794247,5105078.32235043,-1.343
46.0830452687134,-73.0736596733152,148,58,648936.657942471,5105078.32235044,-3.591
46.0830016529091,-73.0710743667886,148,59,649136.657942469,5105078.32235045,-12.068
46.0829579786618,-73.0684890662355,148,60,649336.657942471,5105078.32235047,-12.878
46.082914245972,-73.0659037716639,148,61,649536.657942471,5105078.32235048,-10.538
46.0828704548399,-73.0633184830819,148,62,649736.657942473,5105078.3223505,-4.32
46.0828266052658,-73.0607332004973,148,63,649936.657942474,5105078.32235051,-0.373
46.0824293292728,-73.0374659284404,148,72,651736.657942476,5105078.32235064,-1.868
46.0823848952993,-73.0348807062697,148,73,651936.657942477,5105078.32235065,-8.088
46.0823404028878,-73.0322954901843,148,74,652136.657942477,5105078.32235067,-3.915
46.0822958520387,-73.0297102801922,148,75,652336.657942479,5105078.32235068,-0.928
46.0822512427523,-73.0271250763013,148,76,652536.657942479,5105078.3223507,-0.091
46.082206575029,-73.0245398785197,148,77,652736.65794248,5105078.32235071,-8.368
46.0821618488692,-73.0219546868552,148,78,652936.657942482,5105078.32235073,-14.368
46.0821170642731,-73.0193695013159,148,79,653136.657942482,5105078.32235074,-16.598
46.0820722212412,-73.0167843219098,148,80,653336.657942482,5105078.32235076,-16.468
46.0820273197738,-73.0141991486448,148,81,653536.657942483,5105078.32235077,-15.288
46.0819823598713,-73.011613981529,148,82,653736.657942485,5105078.32235079,-2.089
46.0817113733392,-72.9961031084122,148,88,654936.657942488,5105078.32235087,-0.098
46.081666004401,-72.9935179845636,148,89,655136.657942485,5105078.32235089,-1.194
46.0816205770307,-72.9909328669279,148,90,655336.657942489,5105078.3223509,-3.387
46.0815750912284,-72.9883477555131,148,91,655536.657942489,5105078.32235092,-1.468
46.0829428436845,-73.1771360168375,149,18,640936.657942468,5104878.32234986,-1.796
46.0829015684573,-73.1745505618752,149,19,641136.657942467,5104878.32234988,-1.88
46.082611005203,-73.1564525358844,149,26,642536.657942471,5104878.32234997,-2.158
46.0825692623615,-73.1538671263738,149,27,642736.657942468,5104878.32234999,-1.962
46.0821909465651,-73.1305986990193,149,36,644536.657942476,5104878.32235012,-4.653
46.0821486192358,-73.128013347042,149,37,644736.657942474,5104878.32235014,-1.948
46.0815498998562,-73.0918190317016,149,51,647536.657942484,5104878.32235034,-1.54
46.0815066958592,-73.0892337675211,149,52,647736.657942484,5104878.32235035,-4.143
46.0814634334205,-73.0866485092575,149,53,647936.657942482,5104878.32235037,-6.235
46.0814201125405,-73.0840632569189,149,54,648136.657942485,5104878.32235038,-4.42
46.0812897992553,-73.0763075355325,149,57,648736.657942484,5104878.32235042,-3.582
46.0812462446131,-73.0737223069736,149,58,648936.657942486,5104878.32235044,-4.986
46.0812026315312,-73.0711370843794,149,59,649136.657942486,5104878.32235045,-5.925
46.08115896001,-73.0685518677582,149,60,649336.657942484,5104878.32235047,-4.709
46.0811152300499,-73.0659666571177,149,61,649536.657942486,5104878.32235048,-11.268
46.0810714416512,-73.0633814524661,149,62,649736.657942488,5104878.32235049,-9.248
46.0806303436184,-73.0375297370896,149,72,651736.657942492,5104878.32235064,-4.212
46.0805859124184,-73.0349445988415,149,73,651936.657942493,5104878.32235065,-3.976
46.080541422784,-73.032359466678,149,74,652136.657942492,5104878.32235067,-0.138
46.0804968747157,-73.029774340607,149,75,652336.657942494,5104878.32235068,-0.949
46.0804522682137,-73.0271892206365,149,76,652536.657942496,5104878.3223507,-8.248
46.0804076032784,-73.0246041067745,149,77,652736.657942495,5104878.32235071,-15.678
46.0803628799102,-73.0220189990291,149,78,652936.657942497,5104878.32235073,-16.398
46.0803180981095,-73.019433897408,149,79,653136.657942498,5104878.32235074,-16.758
46.0802732578765,-73.0168488019195,149,80,653336.657942497,5104878.32235076,-14.588
46.0802283592118,-73.0142637125713,149,81,653536.657942497,5104878.32235077,-2.417
46.0801834021155,-73.0116786293715,149,82,653736.6579425,5104878.32235078,-0.23
46.0799124324974,-72.9961682597359,149,88,654936.657942502,5104878.32235087,-1.513
46.079867066391,-72.9935832197982,149,89,655136.657942499,5104878.32235088,-3.241
46.079821641856,-72.9909981860728,149,90,655336.657942502,5104878.3223509,-2.11
46.0811437130461,-73.1771952869824,150,18,640936.657942481,5104678.32234986,-1.753
46.0808118952788,-73.1565124776261,150,26,642536.657942483,5104678.32234998,-2.034
46.0807701550429,-73.1539271520621,150,27,642736.657942484,5104678.32234999,-1.901
46.0803918628616,-73.1306594801965,150,36,644536.657942488,5104678.32235012,-4.496
46.0803495381744,-73.128074212159,150,37,644736.657942488,5104678.32235014,-2.553
46.0797939990287,-73.0944662580631,150,50,647336.657942497,5104678.32235032,-1.061
46.079750856167,-73.0918810719037,150,51,647536.657942494,5104678.32235034,-3.372
46.0797076548669,-73.0892958916526,150,52,647736.657942498,5104678.32235035,-3.609
46.0796643951286,-73.0867107173177,150,53,647936.657942498,5104678.32235037,-2.754
46.0796210769526,-73.0841255489072,150,54,648136.657942495,5104678.32235038,-0.175
46.0795777003392,-73.0815403864288,150,55,648336.657942499,5104678.32235039,-0.422
46.0795342652887,-73.0789552298907,150,56,648536.657942499,5104678.32235041,-4.463
46.0794907718015,-73.0763700793008,150,57,648736.657942499,5104678.32235043,-4.838
46.0794472198779,-73.073784934667,150,58,648936.6579425,5104678.32235044,-5.524
46.0794036095183,-73.0711997959975,150,59,649136.657942502,5104678.32235045,-5.409
46.0793599407231,-73.0686146633,150,60,649336.657942499,5104678.32235047,-4.924
46.0793162134925,-73.0660295365827,150,61,649536.657942501,5104678.32235048,-3.191
46.0788313573267,-73.0375935396622,150,72,651736.657942505,5104678.32235064,-4.689
46.0787869289,-73.0350084853287,150,73,651936.657942506,5104678.32235066,-0.78
46.0787424420426,-73.032423437079,150,74,652136.657942506,5104678.32235067,-1.28
46.0786978967548,-73.0298383949212,150,75,652336.657942507,5104678.32235068,-8.268
46.078653293037,-73.0272533588632,150,76,652536.657942509,5104678.3223507,-15.848
46.0786086308896,-73.024668328913,150,77,652736.65794251,5104678.32235071,-16.198
46.0785639103129,-73.0220833050785,150,78,652936.657942511,5104678.32235073,-16.348
46.0785191313073,-73.0194982873677,150,79,653136.657942512,5104678.32235074,-11.848
46.0784742938731,-73.0169132757887,150,80,653336.657942511,5104678.32235076,-3.387
46.0784293980108,-73.0143282703493,150,81,653536.65794251,5104678.32235077,-1.012
46.078158795865,-72.9988183670935,150,87,654736.657942515,5104678.32235086,-1.337
46.0781134910154,-72.9962334048553,150,88,654936.657942514,5104678.32235087,-3.196
46.0780681277406,-72.9936484488207,150,89,655136.657942517,5104678.32235089,-1.789
46.0793445817797,-73.1772545514824,151,18,640936.657942497,5104478.32234986,-1.894
46.0790127847252,-73.1565724136592,151,26,642536.657942496,5104478.32234998,-2.3
46.0789710470949,-73.1539871720337,151,27,642736.657942498,5104478.32234999,-1.421
46.078592778527,-73.1307202555852,151,36,644536.657942503,5104478.32235012,-4.246
46.0785504564818,-73.1281350714795,151,37,644736.657942502,5104478.32235014,-1.198
46.0779949520131,-73.0945282084347,151,50,647336.657942508,5104478.32235032,-2.866
46.0779518118443,-73.0919431061974,151,51,647536.657942512,5104478.32235034,-2.866
46.0779086132408,-73.0893580098678,151,52,647736.65794251,5104478.32235035,-3.116
46.0778653562027,-73.0867729194537,151,53,647936.657942511,5104478.32235037,-1.747
46.0778220407306,-73.0841878349632,151,54,648136.657942512,5104478.32235038,-2.176
46.0777786668247,-73.0816027564042,151,55,648336.657942512,5104478.3223504,-4.652
46.0777352344854,-73.0790176837848,151,56,648536.657942513,5104478.32235041,-4.851
46.077691743713,-73.0764326171128,151,57,648736.657942512,5104478.32235043,-5.032
46.0776481945079,-73.0738475563964,151,58,648936.657942514,5104478.32235044,-5.667
46.0776045868704,-73.0712625016434,151,59,649136.657942516,5104478.32235045,-4.392
46.0775609208009,-73.0686774528618,151,60,649336.657942517,5104478.32235047,-3.275
46.0775171962998,-73.0660924100596,151,61,649536.657942516,5104478.32235048,-0.221
46.077076737624,-73.040242312661,151,71,651536.657942523,5104478.32235062,-0.008
46.0770323703977,-73.037657336159,151,72,651736.657942519,5104478.32235064,-3.746
46.0769879447441,-73.0350723657321,151,73,651936.657942522,5104478.32235066,-2.122
46.0769434606634,-73.0324874013883,151,74,652136.657942522,5104478.32235067,-11.278
46.076898918156,-73.0299024431357,151,75,652336.657942524,5104478.32235068,-16.058
46.0768543172223,-73.0273174909821,151,76,652536.657942522,5104478.3223507,-15.968
46.0768096578625,-73.0247325449356,151,77,652736.657942523,5104478.32235071,-15.338
46.0767649400772,-73.0221476050041,151,78,652936.657942526,5104478.32235073,-5.91
46.0767201638666,-73.0195626711957,151,79,653136.657942526,5104478.32235074,-4.36
46.076675329231,-73.0169777435182,151,80,653336.657942526,5104478.32235076,-2.355
46.0766304361709,-73.0143928219797,151,81,653536.657942525,5104478.32235077,-0.454
46.0764050945149,-73.0014683066508,151,86,654536.657942529,5104478.32235084,-1.969
46.0763598509151,-72.9988834221137,151,87,654736.657942528,5104478.32235086,-3.274
46.0763145488933,-72.9962985437713,151,88,654936.657942531,5104478.32235087,-2.249
46.0775454498853,-73.1773138103381,152,18,640936.657942511,5104278.32234986,-1.62
46.0772136735423,-73.1566323439841,152,26,642536.657942513,5104278.32234998,-2.799
46.0771719385173,-73.1540471862893,152,27,642736.657942512,5104278.32234999,-0.328
46.0767936935615,-73.1307810251859,152,36,644536.657942519,5104278.32235012,-4.457
46.0762389834084,-73.0971751771286,152,49,647136.657942523,5104278.32235031,-1.821
46.0761959043639,-73.0945901529066,152,50,647336.657942525,5104278.32235032,-4.952
46.076152766888,-73.0920051345836,152,51,647536.657942526,5104278.32235034,-2.852
46.0761095709808,-73.0894201221674,152,52,647736.657942525,5104278.32235035,-4.047
46.0760663166429,-73.0868351156661,152,53,647936.657942525,5104278.32235037,-4.022
46.0760230038745,-73.0842501150877,152,54,648136.657942526,5104278.32235038,-4.866
46.0759796326759,-73.0816651204401,152,55,648336.657942526,5104278.32235039,-4.372
46.0759362030476,-73.0790801317314,152,56,648536.657942526,5104278.32235041,-4.682
46.0758927149899,-73.0764951489694,152,57,648736.657942527,5104278.32235042,-5.624
46.0758491685031,-73.0739101721622,152,58,648936.65794253,5104278.32235044,-4.539
46.0758055635875,-73.0713252013178,152,59,649136.657942528,5104278.32235045,-3.317
46.0757619002436,-73.0687402364441,152,60,649336.65794253,5104278.32235047,-1.257
46.0752777472884,-73.0403060191832,152,71,651536.657942535,5104278.32235063,-0.568
46.0752333828315,-73.0377211265806,152,72,651736.657942537,5104278.32235064,-4.833
46.0751889599508,-73.0351362400523,152,73,651936.657942535,5104278.32235065,-13.268
46.0751444786466,-73.0325513596065,152,74,652136.657942537,5104278.32235067,-15.808
46.0750999389195,-73.029966485251,152,75,652336.657942537,5104278.32235068,-16.078
46.0750553407696,-73.0273816169939,152,76,652536.65794254,5104278.3223507,-14.638
46.0750106841973,-73.0247967548432,152,77,652736.657942537,5104278.32235071,-5.664
46.0749659692031,-73.0222118988068,152,78,652936.65794254,5104278.32235073,-8.398
46.0749211957872,-73.0196270488926,152,79,653136.657942539,5104278.32235074,-8.328
46.0748763639501,-73.0170422051088,152,80,653336.657942541,5104278.32235076,-3.447
46.0748314736921,-73.0144573674631,152,81,653536.657942542,5104278.32235077,-2.95
46.0747865250135,-73.0118725359637,152,82,653736.657942539,5104278.32235078,-2.819
46.0747415179148,-73.0092877106185,152,83,653936.65794254,5104278.3223508,-1.943
46.0746964523962,-73.0067028914354,152,84,654136.657942544,5104278.32235081,-4.272
46.0746513284582,-73.0041180784225,152,85,654336.657942542,5104278.32235083,-2.797
46.074606146101,-73.0015332715877,152,86,654536.657942544,5104278.32235084,-3.06
46.0745609053251,-72.9989484709391,152,87,654736.657942545,5104278.32235086,-1.77
46.0757463173629,-73.1773730635504,153,18,640936.657942524,5104078.32234986,-2.158
46.0754145617301,-73.1566922686016,153,26,642536.657942529,5104078.32234998,-2.439
46.0750368662941,-73.133426811052,153,35,644336.657942534,5104078.3223501,-4.378
46.0749946079649,-73.1308417889995,153,36,644536.657942533,5104078.32235012,-8.128
46.0744829503641,-73.0998219780001,153,48,646936.657942536,5104078.32235029,-1.906
46.0744399324369,-73.0972370317948,153,49,647136.657942541,5104078.32235031,-4.76
46.0743968560814,-73.0946520914797,153,50,647336.657942538,5104078.32235032,-3.123
46.074353721298,-73.0920671570628,153,51,647536.657942541,5104078.32235034,-4.605
46.0743105280872,-73.0894822285522,153,52,647736.657942542,5104078.32235035,-4.525
46.0742672764491,-73.0868973059557,153,53,647936.657942538,5104078.32235036,-4.084
46.0742239663843,-73.0843123892814,153,54,648136.65794254,5104078.32235038,-4.218
46.0741805978929,-73.0817274785372,153,55,648336.657942543,5104078.32235039,-4.675
46.0741371709754,-73.0791425737312,153,56,648536.657942541,5104078.32235041,-5.49
46.0740936856321,-73.0765576748712,153,57,648736.657942542,5104078.32235042,-4.927
46.0740501418634,-73.0739727819654,153,58,648936.657942541,5104078.32235044,-3.378
46.0740065396697,-73.0713878950215,153,59,649136.657942544,5104078.32235045,-2.657
46.0739628790511,-73.0688030140477,153,60,649336.657942544,5104078.32235047,-0.928
46.0734787563157,-73.040369719639,153,71,651536.657942551,5104078.32235062,-3.064
46.0734343946279,-73.0377849109277,153,72,651736.657942549,5104078.32235064,-14.518
46.0733899745199,-73.0352001082901,153,73,651936.65794255,5104078.32235065,-15.858
46.0733454959922,-73.0326153117342,153,74,652136.657942552,5104078.32235067,-16.028
46.073300959045,-73.030030521268,153,75,652336.65794255,5104078.32235068,-14.758
46.0732563636788,-73.0274457368994,153,76,652536.657942551,5104078.3223507,-5.542
46.0732117098939,-73.0248609586365,153,77,652736.65794255,5104078.32235071,-8.448
46.0731669976906,-73.0222761864871,153,78,652936.657942554,5104078.32235072,-9.148
46.0731222270694,-73.0196914204593,153,79,653136.657942553,5104078.32235074,-2.451
46.0730773980305,-73.0171066605611,153,80,653336.657942555,5104078.32235076,-1.36
46.0730325105744,-73.0145219068003,153,81,653536.657942553,5104078.32235077,-0.967
46.0729875647014,-73.0119371591851,153,82,653736.657942556,5104078.32235078,-1.832
46.0729425604118,-73.0093524177233,153,83,653936.657942554,5104078.3223508,-2.64
46.072897497706,-73.006767682423,153,84,654136.657942557,5104078.32235081,-9.298
46.0728523765844,-73.0041829532921,153,85,654336.657942557,5104078.32235083,-2.138
46.0728071970474,-73.0015982303385,153,86,654536.657942559,5104078.32235084,-1.011
46.0739883881237,-73.1800173520444,154,17,640736.657942539,5103878.32234985,-1.403
46.0739471842125,-73.1774323111197,154,18,640936.657942537,5103878.32234986,-2.202
46.073657120671,-73.159337183076,154,25,642336.657942542,5103878.32234996,-0.568
46.0736154492886,-73.1567521875125,154,26,642536.657942542,5103878.32234997,-3.04
46.073322113523,-73.138657378784,154,33,643936.657942545,5103878.32235008,-2.208
46.0732799746907,-73.1360724290923,154,34,644136.657942547,5103878.32235009,-3.387
46.0732377774287,-73.1334874851704,154,35,644336.657942545,5103878.32235011,-4.988
46.0727697512833,-73.1050534851246,154,46,646536.657942552,5103878.32235027,-0.778
46.0727268528914,-73.1024686110637,154,47,646736.657942552,5103878.32235028,-4.847
46.0726838960742,-73.0998837428764,154,48,646936.657942553,5103878.32235029,-4.763
46.0726408808321,-73.0972988805706,154,49,647136.657942553,5103878.32235031,-3.88
46.0725978071655,-73.0947140241545,154,50,647336.657942552,5103878.32235032,-4.657
46.0725546750746,-73.0921291736359,154,51,647536.657942556,5103878.32235034,-5.525
46.0725114845598,-73.0895443290227,154,52,647736.657942553,5103878.32235035,-4.871
46.0724682356214,-73.0869594903231,154,53,647936.657942554,5103878.32235036,-4.778
46.0724249282599,-73.0843746575449,154,54,648136.657942554,5103878.32235038,-5.075
46.0723815624756,-73.0817898306962,154,55,648336.657942555,5103878.32235039,-5.561
46.0723381382688,-73.0792050097849,154,56,648536.657942557,5103878.32235041,-4.986
46.0722946556398,-73.076620194819,154,57,648736.657942555,5103878.32235042,-3.929
46.072251114589,-73.0740353858064,154,58,648936.657942555,5103878.32235044,-3.347
46.0722075151168,-73.0714505827552,154,59,649136.657942557,5103878.32235045,-3.631
46.0721638572235,-73.0688657856734,154,60,649336.657942559,5103878.32235047,-1.742
46.0721201409095,-73.0662809945688,154,61,649536.657942561,5103878.32235048,-0.641
46.0717683072928,-73.045602881872,154,69,651136.657942563,5103878.3223506,-0.838
46.071724065208,-73.043018144922,154,70,651336.657942563,5103878.32235061,-11.928
46.0716797647059,-73.0404334140291,154,71,651536.657942563,5103878.32235062,-15.718
46.071635405787,-73.0378486892012,154,72,651736.657942567,5103878.32235064,-16.058
46.0715909884516,-73.0352639704463,154,73,651936.657942564,5103878.32235065,-16.118
46.0715465127001,-73.0326792577723,154,74,652136.657942566,5103878.32235067,-13.278
46.0715019785328,-73.0300945511874,154,75,652336.657942565,5103878.32235068,-6.472
46.0714573859501,-73.0275098506993,154,76,652536.657942565,5103878.3223507,-8.058
46.0714127349523,-73.0249251563162,154,77,652736.657942567,5103878.32235071,-3.281
46.0713680255399,-73.0223404680459,154,78,652936.657942568,5103878.32235073,-0.616
46.0721892517733,-73.1800765100588,155,17,640736.657942555,5103678.32234984,-1.828
46.0721480504342,-73.1774915530469,155,18,640936.657942553,5103678.32234986,-0.443
46.071858004999,-73.1593970123734,155,25,642336.657942556,5103678.32234996,-1.716
46.0718163362177,-73.1568121007173,155,26,642536.657942556,5103678.32234997,-2.984
46.071565096538,-73.1413027508724,155,32,643736.65794256,5103678.32235006,-2.919
46.0715230187625,-73.1387178793214,155,33,643936.657942561,5103678.32235008,-3.148
46.0710135282936,-73.1076998723667,155,45,646336.657942567,5103678.32235025,-1.824
46.0709706910014,-73.1051150763339,155,46,646536.657942565,5103678.32235026,-3.462
46.0709277952871,-73.102530286166,155,47,646736.657942567,5103678.32235028,-2.881
46.0708848411513,-73.0999455018711,155,48,646936.657942566,5103678.32235029,-3.776
46.0708418285942,-73.097360723457,155,49,647136.657942567,5103678.32235031,-5.583
46.0707987576161,-73.0947759509318,155,50,647336.657942567,5103678.32235032,-6.026
46.0707556282175,-73.0921911843034,155,51,647536.657942567,5103678.32235033,-5.608
46.0707124403986,-73.0896064235798,155,52,647736.657942569,5103678.32235035,-5.422
46.0706691941598,-73.087021668769,155,53,647936.657942567,5103678.32235036,-5.46
46.0706258895015,-73.084436919879,155,54,648136.65794257,5103678.32235038,-5.571
46.070582526424,-73.0818521769178,155,55,648336.657942571,5103678.32235039,-5.03
46.0705391049276,-73.0792674398932,155,56,648536.65794257,5103678.32235041,-4.302
46.0704956250128,-73.0766827088134,155,57,648736.657942573,5103678.32235042,-3.931
46.0704520866798,-73.0740979836861,155,58,648936.657942572,5103678.32235044,-3.81
46.070408489929,-73.0715132645196,155,59,649136.657942573,5103678.32235045,-4.073
46.0703648347607,-73.0689285513217,155,60,649336.657942575,5103678.32235047,-4.701
46.0703211211754,-73.0663438441003,155,61,649536.657942574,5103678.32235048,-3.009
46.0702773491733,-73.0637591428636,155,62,649736.657942575,5103678.32235049,-2.071
46.0702335187548,-73.0611744476194,155,63,649936.657942574,5103678.32235051,-0.865
46.0701896299203,-73.0585897583756,155,64,650136.657942574,5103678.32235052,-0.641
46.07014568267,-73.0560050751404,155,65,650336.657942577,5103678.32235054,-1.028
46.0701016770045,-73.0534203979217,155,66,650536.657942578,5103678.32235055,-1.52
46.0700576129239,-73.0508357267274,155,67,650736.657942576,5103678.32235057,-2.177
46.0700134904288,-73.0482510615655,155,68,650936.657942579,5103678.32235058,-10.138
46.0699693095193,-73.045666402444,155,69,651136.65794258,5103678.3223506,-14.898
46.069925070196,-73.0430817493709,155,70,651336.657942578,5103678.32235061,-16.668
46.069880772459,-73.0404971023541,155,71,651536.657942581,5103678.32235062,-16.468
46.0698364163089,-73.0379124614016,155,72,651736.657942578,5103678.32235064,-15.818
46.0697920017459,-73.0353278265214,155,73,651936.657942578,5103678.32235065,-9.658
46.0697475287704,-73.0327431977215,155,74,652136.657942581,5103678.32235067,-5.703
46.0697029973828,-73.0301585750098,155,75,652336.65794258,5103678.32235068,-5.254
46.0696584075834,-73.0275739583943,155,76,652536.657942581,5103678.3223507,-3.372
46.0696137593726,-73.024989347883,155,77,652736.657942583,5103678.32235071,-0.755
46.0703901147952,-73.1801356624397,156,17,640736.657942566,5103478.32234985,-1.622
46.0701004964526,-73.162041669427,156,24,642136.657942569,5103478.32234995,-1.748
46.0700588886978,-73.1594568359735,156,25,642336.657942572,5103478.32234996,-1.464
46.0700172225176,-73.1568720082167,156,26,642536.657942569,5103478.32234997,-1.727
46.0698080152464,-73.1439479551628,156,31,643536.657942572,5103478.32235005,-2.829
46.0697659985205,-73.1413631617539,156,32,643736.657942572,5103478.32235006,-2.324
46.0692999586855,-73.1129308156803,156,43,645936.65794258,5103478.32235022,-0.058
46.0692572409048,-73.1103460918287,156,44,646136.657942578,5103478.32235023,-1.731
46.0692144647051,-73.1077613738254,156,45,646336.65794258,5103478.32235025,-2.901
46.0691716300867,-73.1051766616783,156,46,646536.657942579,5103478.32235026,-2.367
46.06912873705,-73.1025919553955,156,47,646736.657942579,5103478.32235028,-5.415
46.0690857855953,-73.1000072549849,156,48,646936.657942582,5103478.32235029,-6.802
46.069042775723,-73.0974225604544,156,49,647136.657942581,5103478.32235031,-6.545
46.0689997074334,-73.0948378718122,156,50,647336.657942584,5103478.32235032,-5.714
46.0689565807268,-73.0922531890661,156,51,647536.65794258,5103478.32235033,-5.692
46.0689133956037,-73.0896685122241,156,52,647736.657942583,5103478.32235035,-5.911
46.0688701520643,-73.0870838412942,156,53,647936.657942585,5103478.32235036,-6
46.068826850109,-73.0844991762844,156,54,648136.657942583,5103478.32235038,-5.531
46.0687834897381,-73.0819145172026,156,55,648336.657942585,5103478.32235039,-5.311
46.0687400709521,-73.0793298640568,156,56,648536.657942586,5103478.32235041,-4.564
46.0686965937512,-73.076745216855,156,57,648736.657942584,5103478.32235042,-4.854
46.0686530581358,-73.0741605756052,156,58,648936.657942586,5103478.32235043,-5.17
46.0686094641062,-73.0715759403154,156,59,649136.657942588,5103478.32235045,-6.009
46.0685658116628,-73.0689913109934,156,60,649336.657942587,5103478.32235047,-6.435
46.068522100806,-73.0664066876473,156,61,649536.657942587,5103478.32235048,-6.398
46.068478331536,-73.0638220702851,156,62,649736.65794259,5103478.32235049,-6.442
46.0684345038533,-73.0612374589148,156,63,649936.657942588,5103478.32235051,-6.769
46.0683906177582,-73.0586528535442,156,64,650136.657942587,5103478.32235052,-8.038
46.0683466732511,-73.0560682541814,156,65,650336.657942589,5103478.32235054,-8.768
46.0683026703323,-73.0534836608344,156,66,650536.65794259,5103478.32235055,-13.918
46.0682586090021,-73.0508990735111,156,67,650736.657942592,5103478.32235057,-15.118
46.0682144892609,-73.0483144922196,156,68,650936.65794259,5103478.32235058,-15.878
46.0681703111091,-73.0457299169677,156,69,651136.657942591,5103478.3223506,-16.308
46.0681260745471,-73.0431453477634,156,70,651336.657942593,5103478.32235061,-16.558
46.0680817795751,-73.0405607846148,156,71,651536.657942595,5103478.32235062,-15.648
46.0680374261935,-73.0379762275298,156,72,651736.657942592,5103478.32235064,-8.198
46.0679930144027,-73.0353916765163,156,73,651936.657942595,5103478.32235065,-5.59
46.0679485442031,-73.0328071315824,156,74,652136.657942593,5103478.32235067,-4.972
46.067904015595,-73.030222592736,156,75,652336.657942594,5103478.32235068,-4.109
46.0678594285787,-73.0276380599851,156,76,652536.657942593,5103478.32235069,-1.367
46.0686321149603,-73.1827796040304,157,16,640536.657942579,5103278.32234983,-0.683
46.0685909771892,-73.1801948091877,157,17,640736.65794258,5103278.32234984,-2.202
46.0683013769251,-73.1621014034382,157,24,642136.657942585,5103278.32234995,-1.931
46.0682597717675,-73.1595166538768,157,25,642336.657942583,5103278.32234996,-0.74
46.0682181081882,-73.1569319100114,157,26,642536.657942585,5103278.32234997,-1.232
46.0680508696593,-73.1465929916698,157,30,643336.657942586,5103278.32235003,-3.126
46.0680089139759,-73.1440082764044,157,31,643536.65794259,5103278.32235004,-4.451
46.0675435458265,-73.1155767893372,157,42,645736.657942593,5103278.3223502,-0.168
46.0675008891279,-73.1129921435251,157,43,645936.657942592,5103278.32235022,-2.416
46.0674581740136,-73.1104075035526,157,44,646136.657942593,5103278.32235023,-3.617
46.067415400484,-73.1078228694277,157,45,646336.657942595,5103278.32235025,-4.135
46.0673725685393,-73.1052382411585,157,46,646536.657942596,5103278.32235026,-6.166
46.06732967818,-73.1026536187527,157,47,646736.657942595,5103278.32235028,-7.328
46.0672867294063,-73.1000690022185,157,48,646936.657942596,5103278.32235029,-7.394
46.0672437222186,-73.0974843915638,157,49,647136.657942597,5103278.3223503,-7.258
46.0672006566173,-73.0948997867965,157,50,647336.657942597,5103278.32235032,-7.059
46.0671575326026,-73.0923151879247,157,51,647536.657942598,5103278.32235033,-7.237
46.067114350175,-73.0897305949563,157,52,647736.6579426,5103278.32235035,-6.897
46.0670711093348,-73.0871460078993,157,53,647936.657942597,5103278.32235036,-6.639
46.0670278100824,-73.0845614267617,157,54,648136.6579426,5103278.32235038,-6.931
46.066984452418,-73.0819768515514,157,55,648336.657942601,5103278.32235039,-6.589
46.0669410363421,-73.0793922822764,157,56,648536.6579426,5103278.32235041,-6.464
46.066897561855,-73.0768077189448,157,57,648736.657942602,5103278.32235042,-7.017
46.066854028957,-73.0742231615644,157,58,648936.657942601,5103278.32235044,-9.218
46.0668104376484,-73.0716386101432,157,59,649136.6579426,5103278.32235045,-9.048
46.0667667879298,-73.0690540646892,157,60,649336.657942602,5103278.32235046,-9.148
46.0667230798012,-73.0664695252105,157,61,649536.657942601,5103278.32235048,-10.588
46.0666793132633,-73.0638849917148,157,62,649736.657942604,5103278.32235049,-13.718
46.0666354883162,-73.0613004642104,157,63,649936.657942605,5103278.32235051,-14.898
46.0665916049604,-73.058715942705,157,64,650136.657942604,5103278.32235052,-15.528
46.0665476631962,-73.0561314272067,157,65,650336.657942603,5103278.32235054,-15.898
46.0665036630239,-73.0535469177234,157,66,650536.657942605,5103278.32235055,-16.558
46.0664596044439,-73.0509624142632,157,67,650736.657942604,5103278.32235056,-16.458
46.0664154874565,-73.0483779168339,157,68,650936.657942607,5103278.32235058,-16.018
46.0663713120622,-73.0457934254437,157,69,651136.657942605,5103278.32235059,-15.848
46.0663270782613,-73.0432089401003,157,70,651336.657942608,5103278.32235061,-14.418
46.066282786054,-73.0406244608119,157,71,651536.657942607,5103278.32235062,-5.87
46.0662384354408,-73.0380399875864,157,72,651736.657942609,5103278.32235064,-5.608
46.0661940264221,-73.0354555204317,157,73,651936.657942607,5103278.32235065,-5.822
46.0661495589982,-73.0328710593558,157,74,652136.65794261,5103278.32235067,-4.271
46.0661050331694,-73.0302866043667,157,75,652336.657942611,5103278.32235068,-1.723
46.0660604489361,-73.0277021554724,157,76,652536.657942609,5103278.32235069,-0.3
46.0668329741586,-73.1828386612568,158,16,640536.657942594,5103078.32234983,-2.26
46.0667918389555,-73.1802539503035,158,17,640736.657942595,5103078.32234984,-1.474
46.0665438009107,-73.1647458031261,158,23,641936.657942599,5103078.32234993,-1.603
46.0665022567687,-73.1621611317614,158,24,642136.657942599,5103078.32234995,-1.603
46.0664606542081,-73.159576466084,158,25,642336.6579426,5103078.32234996,-1.268
46.0664189932294,-73.156991806102,158,26,642536.657942601,5103078.32234997,-0.483
46.0662936597877,-73.1492378604082,158,29,643136.657942601,5103078.32235001,-3.263
46.0662517651397,-73.1466532232875,158,30,643336.657942599,5103078.32235003,-3.334
46.0657870685977,-73.1182225952417,158,41,645536.657942606,5103078.32235019,-2.241
46.0657444729741,-73.1156380274705,158,42,645736.657942606,5103078.32235021,-3.975
46.0657018189382,-73.1130534655303,158,43,645936.657942607,5103078.32235022,-5.755
46.0656591064902,-73.110468909429,158,44,646136.657942607,5103078.32235023,-6.251
46.0656163356304,-73.1078843591746,158,45,646336.65794261,5103078.32235025,-8.498
46.0655735063593,-73.1052998147751,158,46,646536.65794261,5103078.32235026,-8.658
46.0655306186771,-73.1027152762384,158,47,646736.657942611,5103078.32235028,-9.398
46.0654876725842,-73.1001307435726,158,48,646936.65794261,5103078.32235029,-9.418
46.065444668081,-73.0975462167856,158,49,647136.65794261,5103078.32235031,-8.778
46.0654016051678,-73.0949616958853,158,50,647336.657942611,5103078.32235032,-8.298
46.0653584838449,-73.0923771808799,158,51,647536.657942611,5103078.32235033,-9.358
46.0653153041127,-73.0897926717771,158,52,647736.657942613,5103078.32235035,-9.718
46.0652720659715,-73.0872081685851,158,53,647936.657942611,5103078.32235036,-9.588
46.0652287694217,-73.0846236713117,158,54,648136.657942613,5103078.32235038,-10.978
46.0651854144637,-73.0820391799649,158,55,648336.657942612,5103078.32235039,-11.898
46.0651420010977,-73.0794546945528,158,56,648536.657942612,5103078.32235041,-12.718
46.0650985293242,-73.0768702150832,158,57,648736.657942616,5103078.32235042,-13.528
46.0650549991434,-73.0742857415643,158,58,648936.657942613,5103078.32235043,-14.008
46.0650114105558,-73.0717012740038,158,59,649136.657942615,5103078.32235045,-14.738
46.0649677635616,-73.0691168124099,158,60,649336.657942616,5103078.32235046,-15.208
46.0649240581613,-73.0665323567904,158,61,649536.657942615,5103078.32235048,-15.598
46.0648802943551,-73.0639479071534,158,62,649736.657942618,5103078.32235049,-15.698
46.0648364721435,-73.0613634635069,158,63,649936.657942617,5103078.32235051,-15.948
46.0647925915267,-73.0587790258587,158,64,650136.657942617,5103078.32235052,-16.258
46.0647486525052,-73.0561945942169,158,65,650336.657942618,5103078.32235054,-16.228
46.0647046550793,-73.0536101685894,158,66,650536.657942618,5103078.32235055,-16.348
46.0646605992493,-73.0510257489842,158,67,650736.65794262,5103078.32235057,-15.278
46.0646164850156,-73.0484413354094,158,68,650936.657942621,5103078.32235058,-11.958
46.0645723123786,-73.0458569278727,158,69,651136.657942621,5103078.32235059,-6.234
46.0645280813386,-73.0432725263823,158,70,651336.657942619,5103078.32235061,-5.606
46.0644837918959,-73.0406881309461,158,71,651536.65794262,5103078.32235062,-5.945
46.0644394440509,-73.0381037415721,158,72,651736.65794262,5103078.32235064,-5.135
46.0643950378041,-73.0355193582682,158,73,651936.65794262,5103078.32235065,-2.992
46.0643505731556,-73.0329349810424,158,74,652136.657942624,5103078.32235067,-0.576
46.0650338327294,-73.1828977128595,159,16,640536.657942609,5102878.32234983,-1.987
46.0649927000939,-73.1803130857877,159,17,640736.657942609,5102878.32234984,-0.148
46.064744677532,-73.1648054418851,159,23,641936.657942611,5102878.32234993,-1.298
46.0647031359832,-73.1622208543971,159,24,642136.657942612,5102878.32234994,-2.241
46.0646615360196,-73.1596362725959,159,25,642336.657942614,5102878.32234996,-1.424
46.0646198776414,-73.1570516964894,159,26,642536.657942614,5102878.32234997,-1.378
46.0645781608491,-73.1544671260855,159,27,642736.657942617,5102878.32234999,-2.655
46.0645363856429,-73.1518825613923,159,28,642936.657942613,5102878.32235,-3.595
46.0644945520231,-73.1492980024178,159,29,643136.657942616,5102878.32235002,-5.156
46.0640730031563,-73.1234527289516,159,39,645136.657942621,5102878.32235016,-4.675
46.0640305270101,-73.1208682334084,159,40,645336.65794262,5102878.32235017,-5.788
46.0639879924545,-73.1182837436795,159,41,645536.657942621,5102878.32235019,-6.849
46.0639453994898,-73.1156992597728,159,42,645736.657942622,5102878.3223502,-7.466
46.0639027481162,-73.1131147816965,159,43,645936.657942621,5102878.32235022,-9.858
46.0638600383343,-73.1105303094584,159,44,646136.657942622,5102878.32235023,-10.128
46.0638172701443,-73.1079458430665,159,45,646336.657942624,5102878.32235025,-10.448
46.0637744435465,-73.1053613825288,159,46,646536.657942625,5102878.32235026,-10.488
46.0637315585413,-73.1027769278533,159,47,646736.657942623,5102878.32235028,-10.958
46.0636886151291,-73.1001924790479,159,48,646936.657942626,5102878.32235029,-10.078
46.0636456133102,-73.0976080361206,159,49,647136.657942623,5102878.3223503,-11.868
46.0636025530849,-73.0950235990795,159,50,647336.657942627,5102878.32235032,-12.608
46.0635594344536,-73.0924391679323,159,51,647536.657942627,5102878.32235033,-12.798
46.0635162574166,-73.0898547426872,159,52,647736.657942626,5102878.32235035,-13.088
46.0634730219743,-73.0872703233521,159,53,647936.657942626,5102878.32235036,-13.848
46.063429728127,-73.084685909935,159,54,648136.657942628,5102878.32235038,-13.808
46.0633863758751,-73.0821015024438,159,55,648336.657942628,5102878.32235039,-13.858
46.0633429652189,-73.0795171008865,159,56,648536.657942629,5102878.32235041,-13.648
46.0632994961588,-73.0769327052711,159,57,648736.657942627,5102878.32235042,-13.868
46.063255968695,-73.0743483156056,159,58,648936.657942628,5102878.32235043,-14.538
46.0632123828281,-73.0717639318979,159,59,649136.65794263,5102878.32235045,-14.628
46.0631687385583,-73.0691795541561,159,60,649336.657942632,5102878.32235046,-14.368
46.0631250358859,-73.066595182388,159,61,649536.657942632,5102878.32235048,-14.198
46.0630812748114,-73.0640108166016,159,62,649736.65794263,5102878.32235049,-13.438
46.0630374553351,-73.061426456805,159,63,649936.657942631,5102878.32235051,-11.058
46.0629935774572,-73.058842103006,159,64,650136.657942634,5102878.32235052,-8.518
46.0629496411783,-73.0562577552127,159,65,650336.65794263,5102878.32235054,-6.687
46.0629056464985,-73.0536734134331,159,66,650536.657942634,5102878.32235055,-6.102
46.0628615934184,-73.051089077675,159,67,650736.657942635,5102878.32235056,-5.715
46.0628174819382,-73.0485047479465,159,68,650936.657942632,5102878.32235058,-5.232
46.0627733120583,-73.0459204242556,159,69,651136.657942636,5102878.32235059,-4.747
46.062729083779,-73.0433361066101,159,70,651336.657942634,5102878.32235061,-3.534
46.0626847971007,-73.0407517950182,159,71,651536.657942635,5102878.32235062,-2.307
46.0626404520238,-73.0381674894877,159,72,651736.657942634,5102878.32235064,-0.805
46.0632346906725,-73.1829567588393,160,16,640536.657942622,5102678.32234983,-1.597
46.0629455535246,-73.1648650749653,160,23,641936.657942626,5102678.32234993,-1.514
46.0629040145689,-73.1622805713462,160,24,642136.657942625,5102678.32234994,-1.966
46.062862417202,-73.1596960734131,160,25,642336.657942628,5102678.32234996,-0.453
46.0628207614242,-73.157111581174,160,26,642536.65794263,5102678.32234997,-1.561
46.0627790472358,-73.1545270946369,160,27,642736.657942628,5102678.32234999,-2.945
46.0624009911213,-73.1312669737098,160,36,644536.657942632,5102678.32235012,-2.058
46.0623586928459,-73.1286825446314,160,37,644736.657942635,5102678.32235013,-5.174
46.0623163361637,-73.1260981213428,160,38,644936.657942633,5102678.32235015,-8.708
46.062273921075,-73.1235137038519,160,39,645136.657942633,5102678.32235016,-8.488
46.0622314475802,-73.1209292921666,160,40,645336.657942635,5102678.32235017,-7.147
46.0621889156796,-73.1183448862949,160,41,645536.657942636,5102678.32235019,-9.448
46.0621463253734,-73.1157604862449,160,42,645736.657942634,5102678.3223502,-11.668
46.0621036766622,-73.1131760920245,160,43,645936.657942634,5102678.32235022,-10.648
46.0620609695461,-73.1105917036416,160,44,646136.657942638,5102678.32235023,-10.808
46.0620182040257,-73.1080073211043,160,45,646336.657942635,5102678.32235025,-11.278
46.0619753801011,-73.1054229444204,160,46,646536.657942637,5102678.32235026,-12.198
46.0619324977727,-73.102838573598,160,47,646736.657942639,5102678.32235028,-12.378
46.061889557041,-73.1002542086451,160,48,646936.657942638,5102678.32235029,-13.138
46.0618465579062,-73.0976698495696,160,49,647136.657942639,5102678.32235031,-13.288
46.0618035003686,-73.0950854963795,160,50,647336.657942642,5102678.32235032,-14.148
46.0617603844287,-73.0925011490827,160,51,647536.657942639,5102678.32235033,-14.528
46.0617172100868,-73.0899168076873,160,52,647736.657942641,5102678.32235035,-13.698
46.0616739773431,-73.0873324722012,160,53,647936.657942641,5102678.32235036,-13.478
46.0616306861982,-73.0847481426324,160,54,648136.657942643,5102678.32235038,-13.418
46.0615873366522,-73.0821638189888,160,55,648336.657942641,5102678.32235039,-13.078
46.0615439287056,-73.0795795012784,160,56,648536.657942642,5102678.32235041,-11.578
46.0615004623588,-73.0769951895092,160,57,648736.657942644,5102678.32235042,-10.398
46.0614569376119,-73.0744108836892,160,58,648936.657942645,5102678.32235043,-8.698
46.0614133544655,-73.0718265838263,160,59,649136.657942645,5102678.32235045,-8.838
46.0613697129199,-73.0692422899285,160,60,649336.657942645,5102678.32235046,-8.078
46.0613260129753,-73.0666580020037,160,61,649536.657942644,5102678.32235048,-4.053
46.0612822546323,-73.0640737200601,160,62,649736.657942645,5102678.32235049,-4.066
46.061238437891,-73.0614894441054,160,63,649936.657942647,5102678.32235051,-3.77
46.0611945627519,-73.0589051741477,160,64,650136.657942647,5102678.32235052,-2.878
46.0611506292153,-73.0563209101949,160,65,650336.657942647,5102678.32235053,-1.962
46.0611066372816,-73.0537366522551,160,66,650536.657942648,5102678.32235055,-1.309
46.0610625869511,-73.0511524003362,160,67,650736.657942646,5102678.32235056,-0.784
46.0610184782242,-73.0485681544461,160,68,650936.657942649,5102678.32235058,-0.37
46.0609743111012,-73.0459839145929,160,69,651136.65794265,5102678.32235059,-0.25
46.0609300855825,-73.0433996807844,160,70,651336.657942649,5102678.32235061,-0.048
46.061435547988,-73.1830157991969,161,16,640536.657942638,5102478.32234983,-1.608
46.0611879068434,-73.1675091278032,161,22,641736.657942641,5102478.32234991,-4.704
46.0611464288884,-73.1649247023674,161,23,641936.657942644,5102478.32234993,-2.669
46.0611048925256,-73.1623402826091,161,24,642136.657942642,5102478.32234994,-2.23
46.0610216445776,-73.1571714601566,161,26,642536.657942644,5102478.32234997,-1.742
46.0609799329931,-73.1545870574784,161,27,642736.657942643,5102478.32234999,-2.328
46.0607284369596,-73.1390807615837,161,33,643936.657942645,5102478.32235007,-2.104
46.0606863165361,-73.1364963990381,161,34,644136.657942647,5102478.32235009,-9.418
46.0606441377084,-73.1339120422576,161,35,644336.657942646,5102478.3223501,-11.608
46.0606019004768,-73.1313276912502,161,36,644536.657942647,5102478.32235012,-8.858
46.0605596048417,-73.1287433460239,161,37,644736.65794265,5102478.32235013,-8.878
46.0605172508034,-73.1261590065867,161,38,644936.657942647,5102478.32235014,-10.268
46.0604748383623,-73.1235746729464,161,39,645136.657942649,5102478.32235016,-12.398
46.0604323675186,-73.1209903451111,161,40,645336.65794265,5102478.32235017,-12.518
46.0603898382728,-73.1184060230888,161,41,645536.657942652,5102478.32235019,-12.508
46.0603472506251,-73.1158217068874,161,42,645736.65794265,5102478.3223502,-13.478
46.060304604576,-73.1132373965149,161,43,645936.657942652,5102478.32235022,-13.618
46.0602619001257,-73.1106530919793,161,44,646136.657942651,5102478.32235023,-13.108
46.0602191372746,-73.1080687932885,161,45,646336.657942649,5102478.32235025,-13.678
46.060176316023,-73.1054845004505,161,46,646536.657942655,5102478.32235026,-13.578
46.0601334363713,-73.1029002134733,161,47,646736.657942653,5102478.32235028,-13.658
46.0600904983199,-73.1003159323649,161,48,646936.657942655,5102478.32235029,-13.488
46.060047501869,-73.0977316571332,161,49,647136.657942655,5102478.3223503,-13.118
46.060004447019,-73.0951473877862,161,50,647336.657942655,5102478.32235032,-13.108
46.0599613337703,-73.0925631243318,161,51,647536.657942655,5102478.32235033,-11.558
46.0599181621233,-73.0899788667781,161,52,647736.657942653,5102478.32235035,-6.098
46.0598749320781,-73.087394615133,161,53,647936.657942655,5102478.32235036,-5.875
46.0598316436353,-73.0848103694045,161,54,648136.657942655,5102478.32235038,-10.008
46.0597882967951,-73.0822261296005,161,55,648336.657942656,5102478.32235039,-10.438
46.059744891558,-73.079641895729,161,56,648536.657942657,5102478.3223504,-9.698
46.0597014279242,-73.0770576677981,161,57,648736.657942657,5102478.32235042,-4.146
46.0596579058941,-73.0744734458156,161,58,648936.657942656,5102478.32235043,-2.898
46.059636404676,-73.1830748339328,162,16,640536.657942654,5102278.32234983,-2.707
46.0593887789893,-73.1675686656743,162,22,641736.657942654,5102278.32234991,-2.154
46.0593473036235,-73.1649843240921,162,23,641936.657942657,5102278.32234993,-9.378
46.0592641776794,-73.1598156579659,162,25,642336.657942658,5102278.32234996,-0.778
46.0592225271018,-73.1572313334379,162,26,642536.657942657,5102278.32234997,-1.575
46.0590972249507,-73.1494783940897,162,29,643136.657942661,5102278.32235002,-0.448
46.059055340762,-73.1468940924122,162,30,643336.657942661,5102278.32235003,-1.856
46.0590133981715,-73.1443097964672,162,31,643536.65794266,5102278.32235004,-11.068
46.0589713971793,-73.1417255062627,162,32,643736.657942659,5102278.32235006,-11.388
46.0589293377859,-73.1391412218068,162,33,643936.657942661,5102278.32235007,-11.518
46.0588872199915,-73.1365569431073,162,34,644136.657942662,5102278.32235009,-11.188
46.0588450437966,-73.1339726701723,162,35,644336.657942662,5102278.3223501,-10.978
46.0588028092015,-73.1313884030096,162,36,644536.657942662,5102278.32235012,-11.178
46.0587605162065,-73.1288041416274,162,37,644736.657942664,5102278.32235013,-13.498
46.0587181648119,-73.1262198860335,162,38,644936.657942661,5102278.32235015,-13.068
46.0586757550181,-73.123635636236,162,39,645136.657942661,5102278.32235016,-13.668
46.0586332868254,-73.1210513922427,162,40,645336.657942663,5102278.32235017,-13.718
46.0585907602342,-73.1184671540617,162,41,645536.657942664,5102278.32235019,-13.818
46.0585481752448,-73.115882921701,162,42,645736.657942664,5102278.3223502,-13.578
46.0585055318576,-73.1132986951685,162,43,645936.657942664,5102278.32235022,-13.178
46.0584628300729,-73.1107144744721,162,44,646136.657942668,5102278.32235023,-13.438
46.058420069891,-73.1081302596199,162,45,646336.657942665,5102278.32235025,-13.308
46.0583772513122,-73.1055460506199,162,46,646536.657942667,5102278.32235026,-11.668
46.058334374337,-73.1029618474799,162,47,646736.657942667,5102278.32235027,-10.808
46.0582914389657,-73.1003776502079,162,48,646936.657942669,5102278.32235029,-10.358
46.0582484451986,-73.0977934588121,162,49,647136.657942666,5102278.3223503,-9.428
46.0582053930361,-73.0952092733002,162,50,647336.65794267,5102278.32235032,-8.718
46.0581622824784,-73.0926250936803,162,51,647536.65794267,5102278.32235033,-5.32
46.058119113526,-73.0900409199603,162,52,647736.657942669,5102278.32235035,-4.943
46.0580758861793,-73.0874567521482,162,53,647936.657942669,5102278.32235036,-8.068
46.0580326004384,-73.0848725902521,162,54,648136.657942669,5102278.32235038,-8.988
46.0579892563039,-73.0822884342797,162,55,648336.657942672,5102278.32235039,-4.192
46.057945853776,-73.0797042842392,162,56,648536.657942671,5102278.32235041,-1.534
46.0579023928551,-73.0771201401385,162,57,648736.657942673,5102278.32235042,-0.338
46.0578372607363,-73.1831338630478,163,16,640536.657942669,5102078.32234983,-2.314
46.0576310648827,-73.1702124612815,163,21,641536.657942671,5102078.3223499,-1.374
46.0575896505067,-73.1676281978767,163,22,641736.657942669,5102078.32234992,-2.265
46.0575066465523,-73.1624596880795,163,24,642136.657942673,5102078.32234994,-0.125
46.0574650569745,-73.159875441703,163,25,642336.657942672,5102078.32234996,-0.757
46.0574234089967,-73.1572912010185,163,26,642536.657942671,5102078.32234997,-0.476
46.0573817026194,-73.154706966034,163,27,642736.657942673,5102078.32234999,-0.288
46.0573399378427,-73.1521227367575,163,28,642936.657942672,5102078.32235,-1.886
46.057298114667,-73.1495385131969,163,29,643136.657942671,5102078.32235002,-8.898
46.0572562330928,-73.1469542953602,163,30,643336.657942672,5102078.32235003,-11.608
46.0572142931203,-73.1443700832554,163,31,643536.657942675,5102078.32235004,-11.708
46.0571722947498,-73.1417858768905,163,32,643736.657942676,5102078.32235006,-10.588
46.0571302379817,-73.1392016762734,163,33,643936.657942676,5102078.32235007,-11.118
46.0570881228163,-73.136617481412,163,34,644136.657942676,5102078.32235009,-14.018
46.0570459492541,-73.1340332923145,163,35,644336.657942676,5102078.3223501,-14.898
46.0570037172952,-73.1314491089886,163,36,644536.657942676,5102078.32235012,-15.078
46.0569614269401,-73.1288649314425,163,37,644736.657942677,5102078.32235013,-14.638
46.056919078189,-73.1262807596841,163,38,644936.657942677,5102078.32235015,-14.258
46.0568766710424,-73.1236965937212,163,39,645136.657942677,5102078.32235016,-13.768
46.0568342055006,-73.121112433562,163,40,645336.657942677,5102078.32235017,-13.268
46.0567916815639,-73.1185282792144,163,41,645536.657942678,5102078.32235019,-12.688
46.0567490992326,-73.1159441306864,163,42,645736.65794268,5102078.3223502,-12.088
46.0567064585071,-73.1133599879858,163,43,645936.657942681,5102078.32235022,-11.458
46.0566637593878,-73.1107758511208,163,44,646136.657942679,5102078.32235023,-11.568
46.0566210018749,-73.1081917200992,163,45,646336.657942681,5102078.32235025,-10.788
46.0565781859688,-73.1056075949291,163,46,646536.65794268,5102078.32235026,-10.758
46.0565353116699,-73.1030234756184,163,47,646736.65794268,5102078.32235028,-9.968
46.0564923789786,-73.100439362175,163,48,646936.657942683,5102078.32235029,-8.338
46.0564493878951,-73.097855254607,163,49,647136.657942683,5102078.3223503,-3.08
46.0564063384198,-73.0952711529222,163,50,647336.657942683,5102078.32235032,-2.046
46.056363230553,-73.0926870571288,163,51,647536.657942681,5102078.32235033,-2.767
46.0563200642951,-73.0901029672346,163,52,647736.657942683,5102078.32235035,-4.989
46.0562768396465,-73.0875188832476,163,53,647936.657942684,5102078.32235036,-4.38
46.0562335566075,-73.0849348051758,163,54,648136.657942686,5102078.32235038,-1.632
46.0561902151784,-73.0823507330271,163,55,648336.657942687,5102078.32235039,-0.648
46.056038116169,-73.1831928865426,164,16,640536.657942683,5101878.32234983,-2.709
46.0558732865795,-73.1728560892034,164,20,641336.657942684,5101878.32234989,-0.488
46.0558319331864,-73.1702719039775,164,21,641536.657942681,5101878.3223499,-2.094
46.0557905213955,-73.167687724411,164,22,641736.657942684,5101878.32234992,-0.851
46.0557490512074,-73.1651035505119,164,23,641936.657942683,5101878.32234993,-0.162
46.0557075226223,-73.1625193822883,164,24,642136.657942688,5101878.32234994,-0.4
46.0556659356405,-73.159935219748,164,25,642336.657942685,5101878.32234996,-0.881
46.0556242902624,-73.1573510628991,164,26,642536.657942686,5101878.32234997,-1.504
46.0555825864883,-73.1547669117495,164,27,642736.657942686,5101878.32234999,-8.678
46.0555408243186,-73.1521827663072,164,28,642936.657942685,5101878.32235,-9.068
46.0554990037536,-73.1495986265802,164,29,643136.657942687,5101878.32235001,-10.328
46.0554571247936,-73.1470144925764,164,30,643336.657942687,5101878.32235003,-10.638
46.055415187439,-73.1444303643039,164,31,643536.657942686,5101878.32235004,-11.438
46.05537319169,-73.1418462417704,164,32,643736.657942688,5101878.32235006,-14.678
46.0553311375471,-73.1392621249842,164,33,643936.65794269,5101878.32235007,-14.978
46.0552890250106,-73.136678013953,164,34,644136.657942692,5101878.32235009,-15.398
46.0552468540807,-73.1340939086849,164,35,644336.657942691,5101878.3223501,-15.208
46.0552046247579,-73.1315098091879,164,36,644536.657942691,5101878.32235012,-14.528
46.0551623370426,-73.1289257154699,164,37,644736.657942692,5101878.32235013,-14.208
46.0551199909349,-73.1263416275389,164,38,644936.657942691,5101878.32235015,-13.388
46.0550775864353,-73.1237575454029,164,39,645136.657942693,5101878.32235016,-12.178
46.0550351235441,-73.1211734690698,164,40,645336.657942692,5101878.32235017,-11.918
46.0549926022617,-73.1185893985476,164,41,645536.657942692,5101878.32235019,-12.508
46.0549500225884,-73.1160053338442,164,42,645736.657942694,5101878.3223502,-12.358
46.0549073845244,-73.1134212749677,164,43,645936.657942693,5101878.32235022,-10.938
46.0548646880703,-73.110837221926,164,44,646136.657942695,5101878.32235023,-10.128
46.0548219332263,-73.1082531747271,164,45,646336.657942694,5101878.32235025,-9.798
46.0547791199928,-73.1056691333789,164,46,646536.657942693,5101878.32235026,-4.769
46.05473624837,-73.1030850978895,164,47,646736.657942695,5101878.32235027,-2.892
46.0546933183585,-73.1005010682667,164,48,646936.657942697,5101878.32235029,-1.926
46.0546503299584,-73.0979170445185,164,49,647136.657942697,5101878.3223503,-2.791
46.0546072831701,-73.095333026653,164,50,647336.657942695,5101878.32235032,-4.651
46.0545641779941,-73.092749014678,164,51,647536.6579427,5101878.32235033,-4.325
46.0545210144305,-73.0901650086017,164,52,647736.657942699,5101878.32235035,-2.513
46.0544777924799,-73.0875810084318,164,53,647936.657942698,5101878.32235036,-0.458
46.0542389709742,-73.1832519044177,165,16,640536.657942694,5101678.32234983,-3.915
46.0541978537417,-73.1806677804672,165,17,640736.657942695,5101678.32234984,-0.611
46.0540741516735,-73.172915442409,165,20,641336.657942699,5101678.32234988,-1.499
46.0540328008616,-73.170331341014,165,21,641536.657942699,5101678.3223499,-1.716
46.0539913916558,-73.1677472452778,165,22,641736.657942699,5101678.32234991,-0.178
46.0539499240562,-73.1651631552084,165,23,641936.6579427,5101678.32234993,-0.391
46.0539083980633,-73.1625790708137,165,24,642136.657942701,5101678.32234994,-1.135
46.0538668136774,-73.1599949921017,165,25,642336.657942699,5101678.32234996,-2.711
46.0538251708989,-73.1574109190804,165,26,642536.6579427,5101678.32234997,-9.618
46.0537834697279,-73.1548268517578,165,27,642736.657942702,5101678.32234999,-9.778
46.053741710165,-73.1522427901418,165,28,642936.657942703,5101678.32235,-11.668
46.0536998922104,-73.1496587342403,165,29,643136.657942702,5101678.32235002,-13.798
46.0536580158645,-73.1470746840614,165,30,643336.657942701,5101678.32235003,-16.568
46.0536160811276,-73.1444906396131,165,31,643536.657942704,5101678.32235004,-16.788
46.053574088,-73.1419066009033,165,32,643736.657942703,5101678.32235006,-16.938
46.0535320364821,-73.1393225679399,165,33,643936.657942706,5101678.32235007,-15.848
46.0534899265742,-73.1367385407309,165,34,644136.657942702,5101678.32235009,-14.918
46.0534477582766,-73.1341545192844,165,35,644336.657942703,5101678.3223501,-14.308
46.0534055315898,-73.1315705036082,165,36,644536.657942706,5101678.32235012,-12.928
46.0533632465139,-73.1289864937104,165,37,644736.657942706,5101678.32235013,-12.138
46.0533209030495,-73.1264024895989,165,38,644936.657942706,5101678.32235014,-10.928
46.0532785011967,-73.1238184912816,165,39,645136.657942707,5101678.32235016,-10.588
46.053236040956,-73.1212344987666,165,40,645336.657942708,5101678.32235017,-12.398
46.0531935223277,-73.1186505120619,165,41,645536.657942707,5101678.32235019,-12.268
46.0531509453122,-73.1160665311753,165,42,645736.657942707,5101678.3223502,-11.508
46.0531083099097,-73.1134825561148,165,43,645936.657942709,5101678.32235022,-9.448
46.0530656161206,-73.1108985868885,165,44,646136.657942709,5101678.32235023,-2.862
46.0530228639453,-73.1083146235042,165,45,646336.657942712,5101678.32235024,-1.654
46.0529800533841,-73.1057306659701,165,46,646536.657942712,5101678.32235026,-1.653
46.0529371844373,-73.1031467142939,165,47,646736.657942713,5101678.32235027,-2.624
46.0528942571053,-73.1005627684837,165,48,646936.657942711,5101678.32235029,-3.599
46.0528512713885,-73.0979788285475,165,49,647136.65794271,5101678.3223503,-2.782
46.0528082272871,-73.0953948944932,165,50,647336.657942711,5101678.32235032,-2.084
46.0527651248016,-73.0928109663288,165,51,647536.657942714,5101678.32235033,-1.694
46.0524398251518,-73.1833109166739,166,16,640536.657942711,5101478.32234983,-1.163
46.0523987104858,-73.180726876549,166,17,640736.65794271,5101478.32234984,-2.674
46.0523163059792,-73.175558813186,166,19,641136.65794271,5101478.32234987,-1.688
46.0522750161392,-73.1729747899638,166,20,641336.657942711,5101478.32234988,-2.284
46.0522336679085,-73.1703907723918,166,21,641536.657942711,5101478.3223499,-1.145
46.0521922612874,-73.1678067604779,166,22,641736.657942712,5101478.32234991,-0.922
46.0521507962763,-73.1652227542301,166,23,641936.657942715,5101478.32234993,-1.889
46.0521092728755,-73.1626387536564,166,24,642136.657942715,5101478.32234994,-3.279
46.0520676910853,-73.1600547587647,166,25,642336.657942715,5101478.32234996,-9.498
46.0520260509061,-73.1574707695631,166,26,642536.657942712,5101478.32234997,-10.798
46.0519843523381,-73.1548867860594,166,27,642736.657942715,5101478.32234998,-14.898
46.0519425953818,-73.1523028082617,166,28,642936.657942715,5101478.32235,-15.958
46.0519007800375,-73.1497188361778,166,29,643136.657942716,5101478.32235001,-17.988
46.0518589063055,-73.1471348698159,166,30,643336.657942717,5101478.32235003,-17.998
46.0518169741861,-73.1445509091838,166,31,643536.657942716,5101478.32235004,-17.228
46.0517749836797,-73.1419669542896,166,32,643736.657942718,5101478.32235006,-15.478
46.0517329347866,-73.1393830051411,166,33,643936.657942719,5101478.32235007,-14.838
46.0516908275072,-73.1367990617464,166,34,644136.65794272,5101478.32235009,-13.268
46.0516486618418,-73.1342151241134,166,35,644336.65794272,5101478.3223501,-11.378
46.0516064377907,-73.1316311922501,166,36,644536.657942721,5101478.32235011,-4.148
46.0515641553542,-73.1290472661645,166,37,644736.657942721,5101478.32235013,-1.573
46.0515218145328,-73.1264633458645,166,38,644936.657942719,5101478.32235014,-0.368
46.0514794153267,-73.1238794313581,166,39,645136.657942721,5101478.32235016,-8.108
46.0514369577364,-73.1212955226533,166,40,645336.657942721,5101478.32235017,-12.188
46.051394441762,-73.1187116197579,166,41,645536.657942722,5101478.32235019,-9.878
46.051351867404,-73.1161277226801,166,42,645736.657942721,5101478.3223502,-8.518
46.0513092346628,-73.1135438314278,166,43,645936.657942721,5101478.32235022,-8.678
46.0512665435386,-73.1109599460088,166,44,646136.657942724,5101478.32235023,-0.936
46.0512237940318,-73.1083760664313,166,45,646336.657942724,5101478.32235024,-1.843
46.0511809861427,-73.1057921927032,166,46,646536.657942723,5101478.32235026,-1.957
46.0511381198717,-73.1032083248323,166,47,646736.657942724,5101478.32235027,-0.98
46.0510951952192,-73.1006244628268,166,48,646936.657942725,5101478.32235029,-0.213
46.0505995666023,-73.1807859670046,167,17,640736.657942726,5101278.32234984,-2.192
46.0505583961147,-73.178202016323,167,18,640936.657942726,5101278.32234986,-1.218
46.0505171672394,-73.1756180712749,167,19,641136.657942726,5101278.32234987,-2.698
46.0504758799768,-73.1730341318684,167,20,641336.657942726,5101278.32234989,-1.3
46.0503931302905,-73.1678662700118,167,22,641736.657942729,5101278.32234991,-1.436
46.0503516678677,-73.1652823475777,167,23,641936.657942728,5101278.32234993,-3.83
46.0503101470587,-73.162698430817,167,24,642136.657942729,5101278.32234994,-8.928
46.0502685678641,-73.1601145197377,167,25,642336.657942728,5101278.32234996,-11.538
46.050226930284,-73.1575306143477,167,26,642536.657942729,5101278.32234997,-15.418
46.0501852343189,-73.154946714655,167,27,642736.657942728,5101278.32234999,-16.458
46.0501434799691,-73.1523628206676,167,28,642936.65794273,5101278.32235,-17.028
46.0501016672349,-73.1497789323935,167,29,643136.657942732,5101278.32235001,-17.228
46.0500597961166,-73.1471950498405,167,30,643336.657942732,5101278.32235003,-16.058
46.0500178666146,-73.1446111730167,167,31,643536.657942732,5101278.32235004,-14.928
46.0499758787292,-73.1420273019301,167,32,643736.657942731,5101278.32235006,-12.338
46.0499338324608,-73.1394434365886,167,33,643936.657942731,5101278.32235007,-4.393
46.0496378738851,-73.1213565407304,167,40,645336.657942735,5101278.32235017,-10.638
46.048800422091,-73.1808450518345,168,17,640736.657942739,5101078.32234984,-2.279
46.0487592541733,-73.178261184962,168,18,640936.657942739,5101078.32234986,-1.842
46.0487180278715,-73.1756773237223,168,19,641136.657942739,5101078.32234987,-1.859
46.0486354001171,-73.1705096181735,168,21,641536.65794274,5101078.3223499,-0.346
46.0485939986651,-73.1679257738804,168,22,641736.657942744,5101078.32234991,-3.149
46.0485525388303,-73.165341935252,168,23,641936.657942742,5101078.32234993,-8.858
46.0485110206131,-73.1627581022963,168,24,642136.657942744,5101078.32234994,-11.978
46.0484694440138,-73.1601742750214,168,25,642336.657942744,5101078.32234996,-14.488
46.0484278090328,-73.1575904534351,168,26,642536.657942745,5101078.32234997,-16.208
46.0483861156703,-73.1550066375454,168,27,642736.657942745,5101078.32234998,-16.508
46.0483443639268,-73.1524228273604,168,28,642936.657942745,5101078.32235,-16.328
46.0483025538025,-73.1498390228879,168,29,643136.657942745,5101078.32235001,-13.398
46.0482606852978,-73.147255224136,168,30,643336.657942745,5101078.32235003,-5.82
46.048218758413,-73.1446714311125,168,31,643536.657942746,5101078.32235004,-3.208
46.047001276952,-73.1809041310396,169,17,640736.657942754,5100878.32234984,-2.702
46.046960111604,-73.1783203479681,169,18,640936.657942756,5100878.32234985,-2.525
46.0469188878756,-73.1757365705288,169,19,641136.657942754,5100878.32234987,-0.728
46.0468362652788,-73.1705690325789,169,21,641536.657942756,5100878.3223499,-1.239
46.046794866411,-73.1679852720841,169,22,641736.657942757,5100878.32234991,-9.358
46.0467534091642,-73.1654015172535,169,23,641936.657942755,5100878.32234993,-12.848
46.0467118935385,-73.1628177680949,169,24,642136.657942757,5100878.32234994,-14.048
46.0466703195345,-73.1602340246163,169,25,642336.657942756,5100878.32234996,-15.588
46.0466286871523,-73.1576502868258,169,26,642536.657942759,5100878.32234997,-16.038
46.0465869963923,-73.1550665547312,169,27,642736.65794276,5100878.32234998,-16.118
46.0465452472549,-73.1524828283406,169,28,642936.657942757,5100878.32235,-12.928
46.0465034397403,-73.1498991076618,169,29,643136.65794276,5100878.32235001,-4.444
46.046461573849,-73.1473153927029,169,30,643336.65794276,5100878.32235003,-1.423
46.0452021311852,-73.1809632046203,170,17,640736.657942771,5100678.32234984,-3.367
46.0451609684068,-73.1783795053419,170,18,640936.657942768,5100678.32234985,-2.894
46.0450784677199,-73.1732121236878,170,20,641336.657942769,5100678.32234988,-0.41
46.0450371298121,-73.1706284413281,170,21,641536.65794277,5100678.3223499,-3.083
46.0449957335285,-73.1680447646238,170,22,641736.657942773,5100678.32234991,-12.798
46.0449542788694,-73.1654610935829,170,23,641936.657942769,5100678.32234993,-14.208
46.0449127658351,-73.1628774282134,170,24,642136.657942772,5100678.32234994,-15.558
46.0448711944261,-73.1602937685233,170,25,642336.657942772,5100678.32234996,-15.198
46.0448295646426,-73.1577101145206,170,26,642536.657942771,5100678.32234997,-14.978
46.0447878764849,-73.1551264662131,170,27,642736.657942772,5100678.32234998,-14.438
46.0447461299535,-73.1525428236088,170,28,642936.657942771,5100678.32235,-4.721
46.0447043250485,-73.1499591867158,170,29,643136.657942776,5100678.32235001,-1.495
46.0434029847908,-73.1810222725775,171,17,640736.657942785,5100478.32234984,-4.832
46.0433618245817,-73.1784386570842,171,18,640936.657942784,5100478.32234985,-3.461
46.0432793290446,-73.1732714429984,171,20,641336.657942783,5100478.32234988,-0.985
46.043237993717,-73.1706878444218,171,21,641536.657942785,5100478.3223499,-11.978
46.0431966000174,-73.1681042515,171,22,641736.657942784,5100478.32234991,-14.038
46.0431551479459,-73.1655206642409,171,23,641936.657942784,5100478.32234993,-14.368
46.0431136375028,-73.1629370826526,171,24,642136.657942786,5100478.32234994,-14.848
46.0430720686887,-73.160353506743,171,25,642336.657942785,5100478.32234996,-13.158
46.0430304415037,-73.15776993652,171,26,642536.657942786,5100478.32234997,-13.208
46.0429887559482,-73.1551863719916,171,27,642736.657942788,5100478.32234998,-9.578
46.0429470120225,-73.1526028131659,171,28,642936.657942788,5100478.32235,-1.654
46.0416038377686,-73.1810813349117,172,17,640736.657942798,5100278.32234984,-4.508
46.0415626801288,-73.1784978031956,172,18,640936.657942795,5100278.32234985,-4.133
46.0415214641195,-73.1759142771098,172,19,641136.657942797,5100278.32234987,-0.138
46.041480189741,-73.1733307566622,172,20,641336.657942797,5100278.32234988,-2.877
46.0414388569936,-73.1707472418608,172,21,641536.657942797,5100278.3223499,-13.218
46.0413974658777,-73.1681637327134,172,22,641736.657942799,5100278.32234991,-14.468
46.0413560163936,-73.1655802292282,172,23,641936.657942801,5100278.32234992,-14.298
46.0413145085417,-73.1629967314131,172,24,642136.6579428,5100278.32234994,-14.348
46.0412729423222,-73.160413239276,172,25,642336.6579428,5100278.32234996,-12.618
46.0412313177356,-73.1578297528248,172,26,642536.657942801,5100278.32234997,-12.418
46.041189634782,-73.1552462720677,172,27,642736.657942802,5100278.32234998,-3.012
46.0398046901188,-73.1811403916236,173,17,640736.657942812,5100078.32234984,-4.79
46.039763535048,-73.1785569436768,173,18,640936.657942811,5100078.32234985,-2.06
46.0397223216114,-73.1759735013595,173,19,641136.657942814,5100078.32234987,-0.453
46.0396810498092,-73.1733900646798,173,20,641336.657942815,5100078.32234988,-11.698
46.0396397196418,-73.1708066336456,173,21,641536.657942816,5100078.3223499,-13.518
46.0395983311096,-73.1682232082648,173,22,641736.657942814,5100078.32234991,-14.008
46.0395568842127,-73.1656397885455,173,23,641936.657942816,5100078.32234993,-13.338
46.0395153789517,-73.1630563744956,173,24,642136.657942815,5100078.32234994,-11.698
46.0394738153267,-73.160472966123,173,25,642336.657942817,5100078.32234995,-12.718
46.0394321933382,-73.1578895634357,173,26,642536.657942816,5100078.32234997,-9.418
46.0393905129865,-73.1553061664417,173,27,642736.657942814,5100078.32234998,-0.748
46.0380055418412,-73.181199442714,174,17,640736.657942824,5099878.32234984,-5.083
46.0379643893394,-73.1786160785283,174,18,640936.657942827,5099878.32234985,-1.015
46.0379231784753,-73.1760327199717,174,19,641136.657942829,5099878.32234987,-1.324
46.0378819092493,-73.1734493670519,174,20,641336.657942829,5099878.32234988,-12.228
46.0378405816617,-73.1708660197769,174,21,641536.657942828,5099878.3223499,-13.258
46.0377991957129,-73.1682826781547,174,22,641736.657942829,5099878.32234991,-13.708
46.0377577514031,-73.1656993421933,174,23,641936.657942829,5099878.32234993,-11.908
46.0377162487328,-73.1631160119007,174,24,642136.657942829,5099878.32234994,-11.868
46.0376746877022,-73.1605326872847,174,25,642336.657942828,5099878.32234995,-11.808
46.0376330683117,-73.1579493683533,174,26,642536.657942828,5099878.32234997,-2.924
46.036206392936,-73.1812584881833,175,17,640736.657942838,5099678.32234984,-4.241
46.0361240347111,-73.1760919329469,175,19,641136.657942842,5099678.32234987,-3.254
46.0360827680611,-73.1735086637791,175,20,641336.65794284,5099678.32234988,-12.608
46.0360414430532,-73.1709254002554,175,21,641536.657942844,5099678.32234989,-13.818
46.0360000596877,-73.1683421423839,175,22,641736.657942842,5099678.32234991,-13.268
46.0359586179648,-73.1657588901724,175,23,641936.657942841,5099678.32234992,-10.268
46.0359171178851,-73.1631756436291,175,24,642136.657942846,5099678.32234994,-11.058
46.0358755594487,-73.1605924027617,175,25,642336.657942844,5099678.32234995,-10.708
46.0358339426561,-73.1580091675783,175,26,642536.657942846,5099678.32234997,-0.936
46.0344483324123,-73.183900730339,176,16,640536.657942856,5099478.32234982,-0.278
46.0344072434031,-73.1813175280324,176,17,640736.657942854,5099478.32234984,-3.612
46.0343660960385,-73.1787343313454,176,18,640936.657942855,5099478.32234985,-0.438
46.034324890319,-73.176151140286,176,19,641136.657942855,5099478.32234987,-8.778
46.0342836262448,-73.1735679548622,176,20,641336.657942855,5099478.32234988,-13.228
46.0342423038164,-73.1709847750818,176,21,641536.657942855,5099478.32234989,-13.438
46.0342009230339,-73.1684016009529,176,22,641736.657942855,5099478.32234991,-13.908
46.0341594838979,-73.1658184324835,176,23,641936.657942858,5099478.32234992,-10.548
46.0341179864085,-73.1632352696815,176,24,642136.65794286,5099478.32234994,-10.788
46.0340764305662,-73.1606521125548,176,25,642336.65794286,5099478.32234995,-8.138
46.032649179687,-73.1839596808304,177,16,640536.657942869,5099278.32234983,-1.923
46.0326080932425,-73.1813765622618,177,17,640736.657942869,5099278.32234984,-3.902
46.0325669484463,-73.1787934493122,177,18,640936.657942868,5099278.32234985,-0.786
46.0325257452988,-73.1762103419895,177,19,641136.657942869,5099278.32234987,-9.758
46.0324844838003,-73.1736272403017,177,20,641336.657942872,5099278.32234988,-14.138
46.0324431639512,-73.1710441442567,177,21,641536.65794287,5099278.3223499,-16.168
46.0324017857517,-73.1684610538626,177,22,641736.657942871,5099278.32234991,-14.608
46.0323603492023,-73.1658779691272,177,23,641936.657942874,5099278.32234993,-10.648
46.0323188543031,-73.1632948900585,177,24,642136.657942873,5099278.32234994,-10.258
46.0322773010547,-73.1607118166645,177,25,642336.657942872,5099278.32234995,-2.476
46.0308500263341,-73.1840186257108,178,16,640536.657942881,5099078.32234982,-3.144
46.0308089424542,-73.1814355908723,178,17,640736.657942886,5099078.32234984,-2.784
46.0307678002263,-73.1788525616521,178,18,640936.657942885,5099078.32234985,-1.663
46.0307265996507,-73.1762695380582,178,19,641136.657942883,5099078.32234987,-9.778
46.0306853407277,-73.1736865200984,178,20,641336.657942886,5099078.32234988,-15.118
46.0306440234577,-73.1711035077809,178,21,641536.657942884,5099078.32234989,-15.268
46.030602647841,-73.1685205011134,178,22,641736.657942885,5099078.32234991,-12.598
46.030561213878,-73.1659375001041,178,23,641936.657942887,5099078.32234992,-10.388
46.0305197215689,-73.1633545047609,178,24,642136.657942889,5099078.32234994,-9.618
46.0304781709141,-73.1607715150916,178,25,642336.657942886,5099078.32234995,-0.965
46.0290508723537,-73.1840775649809,179,16,640536.657942897,5098878.32234982,-4.038
46.0290097910383,-73.1814946138645,179,17,640736.657942897,5098878.32234984,-1.34
46.0289686513784,-73.1789116683657,179,18,640936.657942899,5098878.32234985,-2.088
46.0289274533745,-73.1763287284925,179,19,641136.6579429,5098878.32234986,-10.438
46.0288861970269,-73.1737457942529,179,20,641336.657942898,5098878.32234988,-15.068
46.0288448823359,-73.1711628656548,179,21,641536.657942902,5098878.32234989,-16.748
46.0288035093018,-73.1685799427062,179,22,641736.657942901,5098878.32234991,-13.248
46.028762077925,-73.165997025415,179,23,641936.657942902,5098878.32234992,-10.068
46.0287205882058,-73.1634141137892,179,24,642136.6579429,5098878.32234994,-9.028
46.0272517177459,-73.1841364986413,180,16,640536.657942913,5098678.32234982,-3.533
46.0272106389947,-73.181553631239,180,17,640736.657942915,5098678.32234984,-0.233
46.0271695019027,-73.1789707694537,180,18,640936.657942914,5098678.32234985,-3.043
46.0271283064704,-73.1763879132934,180,19,641136.657942913,5098678.32234987,-10.858
46.0270870526979,-73.1738050627659,180,20,641336.657942912,5098678.32234988,-16.298
46.0270457405857,-73.1712222178793,180,21,641536.657942913,5098678.32234989,-17.118
46.0270043701341,-73.1686393786416,180,22,641736.657942917,5098678.32234991,-12.438
46.0269629413434,-73.1660565450605,180,23,641936.657942917,5098678.32234992,-9.198
46.0269214542139,-73.1634737171442,180,24,642136.657942916,5098678.32234994,-3.43
46.0254525625106,-73.1841954266926,181,16,640536.657942929,5098478.32234982,-2.557
46.0254114863235,-73.1816126429965,181,17,640736.657942927,5098478.32234984,-0.342
46.0253703517992,-73.1790298649168,181,18,640936.657942926,5098478.32234985,-3.643
46.0253291589382,-73.1764470924613,181,19,641136.657942929,5098478.32234987,-11.158
46.0252879077408,-73.1738643256381,181,20,641336.657942928,5098478.32234988,-17.858
46.0252465982073,-73.1712815644551,181,21,641536.657942928,5098478.32234989,-18.778
46.0252052303379,-73.1686988089202,181,22,641736.657942928,5098478.32234991,-12.578
46.0251638041331,-73.1661160590413,181,23,641936.657942927,5098478.32234992,-8.318
46.0251223195932,-73.1635333148266,181,24,642136.657942928,5098478.32234994,-2.188
46.0236944219372,-73.1868370547411,182,15,640336.65794294,5098278.32234981,-0.853
46.0236534066478,-73.1842543491356,182,16,640536.65794294,5098278.32234982,-2.103
46.0236123330246,-73.1816716491378,182,17,640736.657942941,5098278.32234984,-1.082
46.0235712010679,-73.1790889547556,182,18,640936.657942943,5098278.32234985,-4.992
46.0235300107781,-73.176506265997,182,19,641136.657942941,5098278.32234986,-12.928
46.0234887621555,-73.1739235828701,182,20,641336.657942942,5098278.32234988,-17.278
46.0234474552005,-73.1713409053826,182,21,641536.657942945,5098278.32234989,-16.228
46.0234060899133,-73.1687582335426,182,22,641736.657942943,5098278.32234991,-14.598
46.0233646662942,-73.1661755673581,182,23,641936.657942944,5098278.32234992,-5.292
46.0233231843437,-73.1635929068369,182,24,642136.657942946,5098278.32234994,-0.578
46.0218952628867,-73.1868958878854,183,15,640336.657942957,5098078.32234981,-0.786
46.0218542501575,-73.1843132659709,183,16,640536.657942955,5098078.32234982,-1.208
46.0218131790981,-73.1817306496633,183,17,640736.657942954,5098078.32234984,-2.438
46.0217720497088,-73.1791480389708,183,18,640936.657942957,5098078.32234985,-6.242
46.0217308619901,-73.1765654339012,183,19,641136.657942956,5098078.32234986,-14.298
46.0216896159421,-73.1739828344625,183,20,641336.657942955,5098078.32234988,-16.008
46.0216483115654,-73.1714002406627,183,21,641536.657942959,5098078.32234989,-15.398
46.0216069488601,-73.1688176525097,183,22,641736.657942958,5098078.32234991,-13.998
46.0215655278267,-73.1662350700114,183,23,641936.657942959,5098078.32234992,-3.064
46.020096103209,-73.1869547154307,184,15,640336.657942967,5097878.32234981,-1.331
46.0200550930397,-73.1843721771991,184,16,640536.65794297,5097878.32234982,-0.814
46.0200140245439,-73.1817896445739,184,17,640736.657942968,5097878.32234984,-3.621
46.0199728977219,-73.179207117563,184,18,640936.657942969,5097878.32234985,-10.708
46.019931712574,-73.1766245961744,184,19,641136.657942972,5097878.32234987,-14.778
46.0198904691006,-73.1740420804161,184,20,641336.657942971,5097878.32234988,-15.578
46.019849167302,-73.171459570296,184,21,641536.657942971,5097878.32234989,-16.718
46.0198078071785,-73.168877065822,184,22,641736.657942973,5097878.32234991,-12.218
46.0197663887305,-73.1662945670021,184,23,641936.657942974,5097878.32234992,-1.535
46.018296942904,-73.1870135373775,185,15,640336.657942982,5097678.32234981,-1.095
46.0182559352945,-73.1844310828209,185,16,640536.657942983,5097678.32234982,-1.064
46.0182148693621,-73.1818486338701,185,17,640736.657942986,5097678.32234984,-4.999
46.0181737451072,-73.179266190533,185,18,640936.657942985,5097678.32234985,-12.118
46.01813256253,-73.1766837528174,185,19,641136.657942988,5097678.32234987,-13.998
46.018091321631,-73.1741013207315,185,20,641336.657942986,5097678.32234988,-16.938
46.0180500224104,-73.1715188942831,185,21,641536.657942989,5097678.32234989,-16.928
46.0180086648685,-73.1689364734801,185,22,641736.657942986,5097678.32234991,-13.258
46.0179672490058,-73.1663540583307,185,23,641936.657942989,5097678.32234992,-0.478
46.0164977819717,-73.1870723537265,186,15,640336.657942997,5097478.32234981,-0.975
46.0164567769218,-73.1844899828371,186,16,640536.657943001,5097478.32234982,-2.163
46.0164157135527,-73.1819076175527,186,17,640736.657943001,5097478.32234984,-9.188
46.0163745918647,-73.1793252578813,186,18,640936.657942999,5097478.32234985,-12.658
46.0163334118581,-73.1767429038309,186,19,641136.657943,5097478.32234986,-14.658
46.0162921735332,-73.1741605554094,186,20,641336.657943,5097478.32234988,-16.058
46.0162508768904,-73.1715782126247,186,21,641536.657943001,5097478.32234989,-15.918
46.01620952193,-73.1689958754849,186,22,641736.657943003,5097478.32234991,-11.088
46.0146986204121,-73.1871311644784,187,15,640336.657943013,5097278.32234981,-0.515
46.0146576179217,-73.1845488772481,187,16,640536.657943013,5097278.32234982,-2.838
46.0146165571157,-73.1819665956222,187,17,640736.657943011,5097278.32234983,-9.878
46.0145754379944,-73.1793843196086,187,18,640936.657943014,5097278.32234985,-12.898
46.0145342605582,-73.1768020492154,187,19,641136.657943012,5097278.32234986,-14.528
46.0144930248073,-73.1742197844504,187,20,641336.657943014,5097278.32234988,-15.418
46.0144517307422,-73.1716375253215,187,21,641536.657943015,5097278.32234989,-14.408
46.0144103783631,-73.1690552718369,187,22,641736.657943014,5097278.32234991,-4.237
46.0128994582252,-73.1871899696339,188,15,640336.657943028,5097078.32234981,-0.431
46.0128584582941,-73.1846077660548,188,16,640536.657943025,5097078.32234982,-3.382
46.0128174000511,-73.1820255680794,188,17,640736.657943027,5097078.32234983,-10.168
46.0127762834964,-73.1794433757157,188,18,640936.657943027,5097078.32234985,-13.208
46.0127351086303,-73.1768611889716,188,19,641136.657943029,5097078.32234986,-14.358
46.0126938754533,-73.1742790078552,188,20,641336.657943031,5097078.32234988,-15.568
46.0126525839657,-73.1716968323742,188,21,641536.657943029,5097078.32234989,-15.028
46.0126112341677,-73.1691146625368,188,22,641736.657943028,5097078.32234991,-1.345
46.0111412344743,-73.1898308947246,189,14,640136.65794304,5096878.32234979,-0.053
46.011100295411,-73.1872487691936,189,15,640336.657943044,5096878.32234981,-0.852
46.0110592980391,-73.1846666492577,189,16,640536.657943044,5096878.32234982,-8.328
46.0110182423588,-73.1820845349249,189,17,640736.657943041,5096878.32234984,-11.058
46.0109771283705,-73.1795024262031,189,18,640936.65794304,5096878.32234985,-12.588
46.0109359560746,-73.1769203231003,189,19,641136.657943042,5096878.32234986,-13.838
46.0108947254713,-73.1743382256244,189,20,641336.657943044,5096878.32234988,-15.988
46.0108534365609,-73.1717561337834,189,21,641536.657943045,5096878.32234989,-14.788
46.0108120893439,-73.1691740475852,189,22,641736.657943047,5096878.32234991,-0.048
46.0093011319696,-73.1873075631581,190,15,640336.657943054,5096678.32234981,-1.818
46.0092601371567,-73.1847255268575,190,16,640536.657943057,5096678.32234982,-8.908
46.009219084039,-73.1821434961593,190,17,640736.657943058,5096678.32234983,-12.388
46.0091779726169,-73.1795614710715,190,18,640936.657943056,5096678.32234985,-12.748
46.0091368028909,-73.176979451602,190,19,641136.657943056,5096678.32234986,-15.218
46.0090955748611,-73.1743974377588,190,20,641336.657943056,5096678.32234988,-15.988
46.0090542885279,-73.1718154295498,190,21,641536.657943056,5096678.32234989,-9.748
46.0075429018537,-73.1899483097953,191,14,640136.657943069,5096478.32234979,-0.525
46.0075019679009,-73.1873663515282,191,15,640336.657943069,5096478.3223498,-2.89
46.0074609756468,-73.1847843988549,191,16,640536.65794307,5096478.32234982,-10.928
46.0074199250915,-73.1822024517834,191,17,640736.657943072,5096478.32234983,-12.478
46.0073788162356,-73.1796205103216,191,18,640936.657943072,5096478.32234985,-14.088
46.0073376490792,-73.1770385744775,191,19,641136.657943071,5096478.32234986,-14.438
46.0072964236228,-73.174456644259,191,20,641336.657943073,5096478.32234988,-13.098
46.0072551398666,-73.171874719674,191,21,641536.657943071,5096478.32234989,-2.458
46.0057437346027,-73.1900070089515,192,14,640136.657943085,5096278.32234979,-1.262
46.005702803205,-73.1874251343045,192,15,640336.657943086,5096278.3223498,-4.26
46.0056618135095,-73.1848432652506,192,16,640536.657943085,5096278.32234982,-11.858
46.0056207655165,-73.1822614017978,192,17,640736.657943084,5096278.32234983,-13.228
46.0055796592265,-73.1796795439541,192,18,640936.657943086,5096278.32234985,-14.688
46.0055384946397,-73.1770976917274,192,19,641136.657943087,5096278.32234986,-14.798
46.0054972717564,-73.1745158451256,192,20,641336.657943087,5096278.32234988,-12.288
46.0039445667247,-73.1900657025225,193,14,640136.657943101,5096078.32234979,-2.104
46.0039036378818,-73.1874839114876,193,15,640336.657943099,5096078.32234981,-9.208
46.0038626507448,-73.1849021260451,193,16,640536.657943098,5096078.32234982,-12.398
46.0038216053139,-73.1823203462032,193,17,640736.657943099,5096078.32234983,-15.178
46.0037805015897,-73.1797385719696,193,18,640936.657943102,5096078.32234985,-15.288
46.0037393395722,-73.1771568033523,193,19,641136.657943099,5096078.32234986,-15.728
46.003698119262,-73.1745750403593,193,20,641336.6579431,5096078.32234988,-11.548
46.0021453982195,-73.1901243905089,194,14,640136.657943112,5095878.32234979,-3.559
46.0021044719313,-73.1875426830781,194,15,640336.657943114,5095878.3223498,-10.828
46.0020634873526,-73.1849609812392,194,16,640536.657943113,5095878.32234982,-13.028
46.0020224444838,-73.1823792850001,194,17,640736.657943115,5095878.32234983,-15.198
46.0019813433251,-73.1797975943687,194,18,640936.657943115,5095878.32234985,-16.148
46.0019401838769,-73.177215909353,194,19,641136.657943113,5095878.32234986,-15.598
46.0018989661395,-73.1746342299608,194,20,641336.657943114,5095878.32234987,-2.808
46.0003870945338,-73.1927647023292,195,13,639936.657943126,5095678.32234977,-0.268
46.0003462290873,-73.1901830729114,195,14,640136.657943126,5095678.32234979,-4.996
46.0003053053536,-73.1876014490769,195,15,640336.657943128,5095678.3223498,-11.158
46.0002643233331,-73.1850198308335,195,16,640536.657943127,5095678.32234982,-16.178
46.000223283026,-73.1824382181893,195,17,640736.657943129,5095678.32234983,-15.308
46.0001821844328,-73.1798566111521,195,18,640936.657943129,5095678.32234985,-15.418
46.0001410275536,-73.17727500973,195,19,641136.657943127,5095678.32234986,-12.568
45.9985879222238,-73.1928232955596,196,13,639936.657943139,5095478.32234978,-1.442
45.9985470593281,-73.1902417497307,196,14,640136.657943142,5095478.32234979,-9.548
45.9985061381487,-73.1876602094845,196,15,640336.657943144,5095478.3223498,-13.098
45.9984651586862,-73.1850786748287,196,16,640536.657943143,5095478.32234982,-16.338
45.9984241209407,-73.1824971457714,196,17,640736.657943144,5095478.32234983,-16.038
45.9983830249127,-73.1799156223206,196,18,640936.657943144,5095478.32234985,-13.928
45.9983418706025,-73.1773341044841,196,19,641136.657943143,5095478.32234986,-2.355
45.9967887492869,-73.1928818832153,197,13,639936.657943155,5095278.32234977,-3.171
45.9967478889417,-73.1903004209674,197,14,640136.657943157,5095278.32234979,-10.758
45.9967069703166,-73.1877189643015,197,15,640336.657943157,5095278.3223498,-15.088
45.9966659934118,-73.1851375132254,197,16,640536.657943156,5095278.32234982,-15.998
45.9966249582279,-73.1825560677472,197,17,640736.657943157,5095278.32234983,-15.628
45.996583864765,-73.1799746278747,197,18,640936.657943157,5095278.32234985,-12.028
45.9949895757231,-73.192940465297,198,13,639936.657943169,5095078.32234977,-3.992
45.9949487179283,-73.1903590866222,198,14,640136.65794317,5095078.32234979,-12.398
45.9949078018572,-73.1877777135287,198,15,640336.657943169,5095078.3223498,-15.538
45.9948668275101,-73.1851963460244,198,16,640536.657943171,5095078.32234982,-15.458
45.9948257948875,-73.1826149841172,198,17,640736.657943171,5095078.32234983,-15.888
45.9947847039895,-73.1800336278151,198,18,640936.657943175,5095078.32234984,-3.355
45.9932311985041,-73.1955803424878,199,12,639736.657943184,5094878.32234976,-0.058
45.9931904015325,-73.1929990418054,199,13,639936.657943184,5094878.32234977,-8.908
45.9931495462879,-73.1904177466957,199,14,640136.657943184,5094878.32234979,-15.738
45.9931086327706,-73.1878364571667,199,15,640336.657943186,5094878.3223498,-16.418
45.9930676609811,-73.1852551732261,199,16,640536.657943187,5094878.32234982,-15.438
45.9930266309195,-73.1826738948821,199,17,640736.657943187,5094878.32234983,-13.328
45.9929855425863,-73.1800926221425,199,18,640936.657943186,5094878.32234985,-0.498
45.9914320211401,-73.1956388298657,200,12,639736.657943199,5094678.32234976,-2.118
45.9913912267149,-73.1930576127411,200,13,639936.657943197,5094678.32234977,-11.478
45.9913503740204,-73.1904764011886,200,14,640136.657943199,5094678.32234979,-16.368
45.9913094630568,-73.1878951952161,200,15,640336.6579432,5094678.3223498,-16.618
45.9912684938246,-73.1853139948314,200,16,640536.6579432,5094678.32234982,-15.068
45.991227466324,-73.1827328000426,200,17,640736.657943199,5094678.32234983,-9.278
45.9896328431494,-73.1956973116795,201,12,639736.657943214,5094478.32234976,-3.726
45.9895920512705,-73.1931161781049,201,13,639936.657943215,5094478.32234977,-14.178
45.9895512011258,-73.1905350501016,201,14,640136.657943215,5094478.32234979,-16.908
45.9895102927158,-73.1879539276776,201,15,640336.657943215,5094478.3223498,-16.528
45.9894693260408,-73.1853728108408,201,16,640536.657943214,5094478.32234982,-14.378
45.989428301101,-73.1827916995992,201,17,640736.657943213,5094478.32234983,-1.244
45.987833664532,-73.1957557879299,202,12,639736.657943226,5094278.32234976,-9.678
45.9877928751992,-73.1931747378972,202,13,639936.657943228,5094278.32234977,-15.408
45.9877520276043,-73.1905936934352,202,14,640136.657943227,5094278.32234979,-16.628
45.9877111217476,-73.1880126545519,202,15,640336.657943226,5094278.3223498,-15.478
45.9876701576296,-73.1854316212551,202,16,640536.657943229,5094278.32234982,-12.148
45.9876291352504,-73.1828505935529,202,17,640736.657943231,5094278.32234983,-0.418
45.986075213816,-73.1983952306783,203,11,639536.657943241,5094078.32234974,-2.013
45.9860344852879,-73.1958142586175,203,12,639736.657943241,5094078.32234976,-12.978
45.985993698501,-73.1932332921188,203,13,639936.657943242,5094078.32234977,-15.378
45.9859528534557,-73.1906523311902,203,14,640136.657943244,5094078.32234979,-15.668
45.9859119501522,-73.1880713758396,203,15,640336.657943242,5094078.3223498,-14.678
45.985870988591,-73.1854904260749,203,16,640536.657943244,5094078.32234982,-3.502
45.984276031403,-73.1984536122771,204,11,639536.657943253,5093878.32234974,-3.897
45.984235305417,-73.195872723743,204,12,639736.657943255,5093878.32234976,-14.528
45.984194521176,-73.1932918407704,204,13,639936.657943255,5093878.32234977,-15.248
45.9841536786801,-73.1907109633672,204,14,640136.657943256,5093878.32234979,-16.008
45.9841127779297,-73.1881300915414,204,15,640336.657943257,5093878.3223498,-12.648
45.9840718189251,-73.1855492253008,204,16,640536.657943255,5093878.32234982,-1.628
45.9825175135557,-73.2010927988905,205,10,639336.657943269,5093678.32234973,-0.511
45.9824768483635,-73.1985119883224,205,11,639536.657943268,5093678.32234974,-11.878
45.9824361249195,-73.1959311833071,205,12,639736.657943272,5093678.32234976,-14.728
45.9823953432241,-73.1933503838526,205,13,639936.657943271,5093678.32234977,-15.188
45.9823545032774,-73.1907695899669,205,14,640136.657943271,5093678.32234979,-14.978
45.9823136050799,-73.1881888016579,205,15,640336.657943272,5093678.3223498,-8.718
45.9822726486319,-73.1856080189335,205,16,640536.657943274,5093678.32234981,-0.398
45.9807183273515,-73.2011510858713,206,10,639336.657943284,5093478.32234973,-3.023
45.9806776646975,-73.1985703588147,206,11,639536.657943284,5093478.32234974,-14.248
45.9806369437954,-73.1959896373103,206,12,639736.657943287,5093478.32234976,-15.278
45.9805961646454,-73.1934089213661,206,13,639936.657943285,5093478.32234977,-15.608
45.9805553272478,-73.1908282109899,206,14,640136.657943285,5093478.32234979,-13.868
45.980514431603,-73.1882475061898,206,15,640336.657943286,5093478.3223498,-2.896
45.978959742392,-73.2037900164046,207,9,639136.6579433,5093278.32234971,-1.398
45.9789191405209,-73.2012093673079,207,10,639336.657943298,5093278.32234973,-11.248
45.978878480405,-73.1986287237549,207,11,639536.657943297,5093278.32234974,-15.238
45.9788377620445,-73.1960480857534,207,12,639736.657943299,5093278.32234976,-15.218
45.9787969854398,-73.1934674533115,207,13,639936.657943301,5093278.32234977,-14.558
45.9787561505911,-73.1908868264369,207,14,640136.657943301,5093278.32234978,-10.448
45.9787152574989,-73.1883062051378,207,15,640336.657943299,5093278.3223498,-0.926
45.9771605524008,-73.2038482088012,208,9,639136.657943312,5093078.32234971,-8.118
45.977119953064,-73.2012676432009,208,10,639336.657943313,5093078.32234973,-14.848
45.977079295486,-73.1986870831435,208,11,639536.657943314,5093078.32234974,-15.858
45.977038579667,-73.196106528637,208,12,639736.657943312,5093078.32234976,-15.178
45.9769978056074,-73.1935259796894,208,13,639936.657943314,5093078.32234977,-13.448
45.9769569733075,-73.1909454363086,208,14,640136.657943315,5093078.32234978,-8.058
45.9754019003484,-73.2064868833092,209,8,638936.657943325,5092878.3223497,-3.172
45.9753613617836,-73.2039063956628,209,9,639136.657943326,5092878.32234971,-12.528
45.9753207649808,-73.2013259135508,209,10,639336.657943326,5092878.32234973,-14.858
45.9752801099405,-73.1987454369812,209,11,639536.657943327,5092878.32234974,-14.988
45.9752393966628,-73.1961649659618,209,12,639736.65794333,5092878.32234976,-14.598
45.9751986251481,-73.1935845005006,209,13,639936.657943328,5092878.32234977,-12.168
45.9751577953968,-73.1910040406055,209,14,640136.657943327,5092878.32234979,-1.706
45.9736431843745,-73.2091253908463,210,7,638736.657943338,5092678.32234968,-1.308
45.9736027065746,-73.2065449811552,210,8,638936.657943338,5092678.3223497,-9.658
45.9735621705401,-73.20396457699,210,9,639136.657943342,5092678.32234971,-13.638
45.9735215762713,-73.2013841783584,210,10,639336.657943342,5092678.32234973,-14.548
45.9734809237684,-73.1988037852686,210,11,639536.657943343,5092678.32234974,-14.448
45.9734402130319,-73.1962233977283,210,12,639736.657943343,5092678.32234976,-13.308
45.9733994440621,-73.1936430157456,210,13,639936.657943343,5092678.32234977,-8.038
45.9718439874483,-73.2091833996928,211,7,638736.657943353,5092478.32234968,-9.398
45.9718035121749,-73.2066030734755,211,8,638936.657943356,5092478.3223497,-10.578
45.9717629786705,-73.2040227527834,211,9,639136.657943355,5092478.32234971,-14.318
45.9717223869354,-73.2014424376244,211,10,639336.657943355,5092478.32234973,-14.388
45.9716817369699,-73.1988621280064,211,11,639536.657943358,5092478.32234974,-13.928
45.9716410287744,-73.1962818239374,211,12,639736.657943359,5092478.32234976,-11.258
45.9716002623492,-73.1937015254252,211,13,639936.657943357,5092478.32234977,-1.828
45.9700852044156,-73.21182165129,212,6,638536.657943367,5092278.32234967,-2.78
45.9700447898962,-73.209241403022,212,7,638736.65794337,5092278.32234968,-9.428
45.9700043171492,-73.2066611602706,212,8,638936.657943368,5092278.3223497,-13.278
45.9699637861747,-73.2040809230437,212,9,639136.657943368,5092278.32234971,-15.448
45.9699231969732,-73.2015006913493,212,10,639336.657943369,5092278.32234973,-13.858
45.9698825495449,-73.1989204651953,212,11,639536.657943369,5092278.32234974,-12.508
45.9698418438903,-73.1963402445895,212,12,639736.657943369,5092278.32234976,-3.519
45.9683263574876,-73.2144597359614,213,5,638336.657943384,5092078.32234965,-1.59
45.9682860037152,-73.211879565644,213,6,638536.657943382,5092078.32234967,-6.213
45.9682455917183,-73.2092994008346,213,7,638736.657943381,5092078.32234968,-10.668
45.9682051214974,-73.2067192415412,213,8,638936.657943383,5092078.3223497,-16.508
45.9681645930528,-73.2041390877716,213,9,639136.657943384,5092078.32234971,-15.888
45.9681240063847,-73.2015589395339,213,10,639336.657943387,5092078.32234973,-13.958
45.9680833614935,-73.1989787968358,213,11,639536.657943386,5092078.32234974,-10.778
45.9680426583795,-73.1963986596854,213,12,639736.657943386,5092078.32234976,-0.936
45.9665674466754,-73.2170976537215,214,4,638136.657943397,5091878.32234964,-2.188
45.9665271536428,-73.214517561356,214,5,638336.657943396,5091878.32234966,-5.459
45.9664868023891,-73.21193747449,214,6,638536.657943397,5091878.32234967,-8.538
45.9664463929147,-73.2093573931313,214,7,638736.657943396,5091878.32234968,-14.508
45.9664059252197,-73.2067773172879,214,8,638936.6579434,5091878.3223497,-16.038
45.9663653993047,-73.2041972469677,214,9,639136.657943399,5091878.32234971,-16.378
45.9663248151698,-73.2016171821787,214,10,639336.6579434,5091878.32234973,-12.158
45.9662841728155,-73.1990371229288,214,11,639536.657943399,5091878.32234974,-3.137
45.9647682396902,-73.2171553901727,215,4,638136.657943412,5091678.32234964,-4.724
45.9647279491725,-73.2145753812513,215,5,638336.65794341,5091678.32234965,-5.341
45.9646876004374,-73.2119953778286,215,6,638536.657943411,5091678.32234967,-9.848
45.9646471934851,-73.2094153799127,215,7,638736.657943411,5091678.32234968,-15.298
45.964606728316,-73.2068353875114,215,8,638936.657943413,5091678.32234969,-14.788
45.9645662049304,-73.2042554006327,215,9,639136.657943411,5091678.32234971,-13.748
45.9645256233287,-73.2016754192845,215,10,639336.657943412,5091678.32234973,-9.978
45.9630092618684,-73.2197930521085,216,3,637936.657943426,5091478.32234963,-3.565
45.9629690320796,-73.217213121133,216,4,638136.657943426,5091478.32234964,-5.172
45.9629287440767,-73.2146331956477,216,5,638336.657943423,5091478.32234965,-6.614
45.96288839786,-73.2120532756605,216,6,638536.657943426,5091478.32234967,-13.988
45.9628479934298,-73.2094733611794,216,7,638736.657943428,5091478.32234968,-16.038
45.9628075307864,-73.2068934522123,216,8,638936.657943425,5091478.3223497,-14.078
45.9627670099301,-73.2043135487672,216,9,639136.657943427,5091478.32234971,-10.628
45.9627264308613,-73.2017336508518,216,10,639336.657943426,5091478.32234973,-3.276
45.9612502201884,-73.2224305471781,217,2,637736.657943439,5091278.32234961,-2.989
45.9612100511215,-73.2198506941498,217,3,637936.657943438,5091278.32234963,-4.756
45.9611698238438,-73.2172708466031,217,4,638136.657943441,5091278.32234964,-5.257
45.9611295383555,-73.214691004546,217,5,638336.65794344,5091278.32234966,-9.738
45.961089194657,-73.2121111679864,217,6,638536.657943441,5091278.32234967,-16.918
45.9610487927487,-73.2095313369322,217,7,638736.657943442,5091278.32234968,-16.988
45.9610083326308,-73.2069515113913,217,8,638936.657943444,5091278.3223497,-10.458
45.9609678143036,-73.2043716913718,217,9,639136.657943439,5091278.32234971,-8.028
45.9594911146613,-73.225067875396,218,1,637536.657943455,5091078.32234959,-2.47
45.9594510063091,-73.2224881003161,218,2,637736.657943455,5091078.32234961,-3.548
45.9594108397495,-73.2199083307094,218,3,637936.657943453,5091078.32234962,-3.916
45.9593706149826,-73.2173285665836,218,4,638136.657943454,5091078.32234964,-6.046
45.9593303320088,-73.2147488079468,218,5,638336.657943455,5091078.32234965,-14.978
45.9592899908284,-73.2121690548068,218,6,638536.657943455,5091078.32234967,-17.328
45.9592495914417,-73.2095893071716,218,7,638736.657943453,5091078.32234968,-13.458
45.9592091338492,-73.2070095650491,218,8,638936.657943456,5091078.32234969,-9.398
45.959168618051,-73.2044298284472,218,9,639136.657943458,5091078.32234971,-1.995
